operation_id,work_order_id,sequence,required_capability,processing_time_min,eligible_machine_ids,material_inputs,mapping_status
TABLET-WO-00001-OP-01,TABLET-WO-00001,1,SET1,6,OPER001,P027|P026|P027,mapped
TABLET-WO-00002-OP-01,TABLET-WO-00002,1,SET1,10,OPER001,P027|P026|P027,mapped
TABLET-WO-00003-OP-01,TABLET-WO-00003,1,SET1,7,OPER001,P027|P026|P027,mapped
TABLET-WO-00004-OP-01,TABLET-WO-00004,1,SET1,6,OPER001,P027|P026|P027,mapped
TABLET-WO-00005-OP-01,TABLET-WO-00005,1,SET1,11,OPER001,P027|P026|P027,mapped
TABLET-WO-00006-OP-01,TABLET-WO-00006,1,SET1,13,OPER001,P027|P026|P027,mapped
TABLET-WO-00007-OP-01,TABLET-WO-00007,1,SET1,10,OPER001,P027|P026|P027,mapped
TABLET-WO-00008-OP-01,TABLET-WO-00008,1,SET1,8,OPER001,P027|P026|P027,mapped
TABLET-WO-00009-OP-01,TABLET-WO-00009,1,SET1,1,OPER001,P027|P026|P027,mapped
TABLET-WO-00010-OP-01,TABLET-WO-00010,1,SET1,1,OPER001,P027|P026|P027,mapped
TABLET-WO-00011-OP-01,TABLET-WO-00011,1,SET1,1,OPER001,P027|P026|P027,mapped
TABLET-WO-00012-OP-01,TABLET-WO-00012,1,SET1,1,OPER001,P027|P026|P027,mapped
TABLET-WO-00013-OP-01,TABLET-WO-00013,1,SET1,1,OPER001,P027|P026|P027,mapped
TABLET-WO-00014-OP-01,TABLET-WO-00014,1,SET1,8,OPER001,P027|P026|P027,mapped
TABLET-WO-00015-OP-01,TABLET-WO-00015,1,SET1,10,OPER001,P027|P026|P027,mapped
TABLET-WO-00016-OP-01,TABLET-WO-00016,1,SET1,6,OPER001,P027|P026|P027,mapped
TABLET-WO-00017-OP-01,TABLET-WO-00017,1,SET1,7,OPER001,P027|P026|P027,mapped
TABLET-WO-00018-OP-01,TABLET-WO-00018,1,SET1,6,OPER001,P027|P026|P027,mapped
TABLET-WO-00019-OP-01,TABLET-WO-00019,1,SET1,3,OPER001,P027|P026|P027,mapped
TABLET-WO-00020-OP-01,TABLET-WO-00020,1,SET1,3,OPER001,P027|P026|P027,mapped
TABLET-WO-00021-OP-01,TABLET-WO-00021,1,SET1,5,OPER001,P027|P026|P027,mapped
TABLET-WO-00022-OP-01,TABLET-WO-00022,1,SET1,1,OPER001,P027|P026|P027,mapped
TABLET-WO-00023-OP-01,TABLET-WO-00023,1,SET1,1,OPER001,P027|P026|P027,mapped
TABLET-WO-00024-OP-01,TABLET-WO-00024,1,SET1,1,OPER001,P027|P026|P027,mapped
TABLET-WO-00025-OP-01,TABLET-WO-00025,1,SET1,1,OPER001,P027|P026|P027,mapped
TABLET-WO-00026-OP-01,TABLET-WO-00026,1,SET1,1,OPER001,P027|P026|P027,mapped
TABLET-WO-00027-OP-01,TABLET-WO-00027,1,SET1,1,OPER001,P027|P026|P027,mapped
TABLET-WO-00028-OP-01,TABLET-WO-00028,1,SET1,1,OPER001,P027|P026|P027,mapped
TABLET-WO-00029-OP-01,TABLET-WO-00029,1,SET1,1,OPER001,P027|P026|P027,mapped
TABLET-WO-00030-OP-01,TABLET-WO-00030,1,SET1,1,OPER001,P027|P026|P027,mapped
TABLET-WO-00031-OP-01,TABLET-WO-00031,1,SET1,1,OPER001,P027|P026|P027,mapped
TABLET-WO-00032-OP-01,TABLET-WO-00032,1,SET1,1,OPER001,P027|P026|P027,mapped
TABLET-WO-00033-OP-01,TABLET-WO-00033,1,SET1,1,OPER001,P027|P026|P027,mapped
TABLET-WO-00034-OP-01,TABLET-WO-00034,1,SET1,1,OPER001,P027|P026|P027,mapped
TABLET-WO-00035-OP-01,TABLET-WO-00035,1,SET1,1,OPER001,P027|P026|P027,mapped
TABLET-WO-00036-OP-01,TABLET-WO-00036,1,SET1,1,OPER001,P027|P026|P027,mapped
TABLET-WO-00037-OP-01,TABLET-WO-00037,1,SET1,1,OPER001,P027|P026|P027,mapped
TABLET-WO-00038-OP-01,TABLET-WO-00038,1,SET1,1,OPER001,P027|P026|P027,mapped
TABLET-WO-00039-OP-01,TABLET-WO-00039,1,SET1,1,OPER001,P027|P026|P027,mapped
TABLET-WO-00040-OP-01,TABLET-WO-00040,1,SET1,12,OPER001,P027|P026|P027,mapped
TABLET-WO-00041-OP-01,TABLET-WO-00041,1,SET1,12,OPER001,P027|P026|P027,mapped
TABLET-WO-00042-OP-01,TABLET-WO-00042,1,SET1,8,OPER001,P027|P026|P027,mapped
TABLET-WO-00043-OP-01,TABLET-WO-00043,1,SET1,8,OPER001,P027|P026|P027,mapped
TABLET-WO-00044-OP-01,TABLET-WO-00044,1,SET1,8,OPER001,P027|P026|P027,mapped
TABLET-WO-00045-OP-01,TABLET-WO-00045,1,SET1,1,OPER001,P027|P026|P027,mapped
TABLET-WO-00046-OP-01,TABLET-WO-00046,1,SET1,1,OPER001,P027|P026|P027,mapped
TABLET-WO-00047-OP-01,TABLET-WO-00047,1,SET1,1,OPER001,P027|P026|P027,mapped
TABLET-WO-00048-OP-01,TABLET-WO-00048,1,SET1,1,OPER001,P027|P026|P027,mapped
TABLET-WO-00049-OP-01,TABLET-WO-00049,1,SET1,2,OPER001,P027|P026|P027,mapped
TABLET-WO-00050-OP-01,TABLET-WO-00050,1,SET1,2,OPER001,P027|P026|P027,mapped
TABLET-WO-00051-OP-01,TABLET-WO-00051,1,SET1,2,OPER001,P027|P026|P027,mapped
TABLET-WO-00052-OP-01,TABLET-WO-00052,1,SET1,2,OPER001,P027|P026|P027,mapped
TABLET-WO-00053-OP-01,TABLET-WO-00053,1,SET1,1,OPER001,P027|P026|P027,mapped
TABLET-WO-00054-OP-01,TABLET-WO-00054,1,SET1,8,OPER001,P027|P026|P027,mapped
TABLET-WO-00055-OP-01,TABLET-WO-00055,1,SET1,6,OPER001,P027|P026|P027,mapped
TABLET-WO-00056-OP-01,TABLET-WO-00056,1,SET1,6,OPER001,P027|P026|P027,mapped
TABLET-WO-00057-OP-01,TABLET-WO-00057,1,SET1,7,OPER001,P027|P026|P027,mapped
TABLET-WO-00058-OP-01,TABLET-WO-00058,1,SET1,1,OPER001,P027|P026|P027,mapped
TABLET-WO-00059-OP-01,TABLET-WO-00059,1,SET1,1,OPER001,P027|P026|P027,mapped
TABLET-WO-00060-OP-01,TABLET-WO-00060,1,SET1,1,OPER001,P027|P026|P027,mapped
TABLET-WO-00061-OP-01,TABLET-WO-00061,1,SET1,1,OPER001,P027|P026|P027,mapped
TABLET-WO-00062-OP-01,TABLET-WO-00062,1,SET1,2,OPER001,P027|P026|P027,mapped
TABLET-WO-00063-OP-01,TABLET-WO-00063,1,SET1,1,OPER001,P027|P026|P027,mapped
TABLET-WO-00064-OP-01,TABLET-WO-00064,1,SET1,1,OPER001,P027|P026|P027,mapped
TABLET-WO-00065-OP-01,TABLET-WO-00065,1,SET1,1,OPER001,P027|P026|P027,mapped
TABLET-WO-00066-OP-01,TABLET-WO-00066,1,SET1,1,OPER001,P027|P026|P027,mapped
TABLET-WO-00067-OP-01,TABLET-WO-00067,1,SET1,1,OPER001,P027|P026|P027,mapped
TABLET-WO-00068-OP-01,TABLET-WO-00068,1,SET1,1,OPER001,P027|P026|P027,mapped
TABLET-WO-00069-OP-01,TABLET-WO-00069,1,SET1,1,OPER001,P027|P026|P027,mapped
TABLET-WO-00070-OP-01,TABLET-WO-00070,1,SET1,1,OPER001,P027|P026|P027,mapped
TABLET-WO-00071-OP-01,TABLET-WO-00071,1,SET1,1,OPER001,P027|P026|P027,mapped
TABLET-WO-00072-OP-01,TABLET-WO-00072,1,SET1,1,OPER001,P027|P026|P027,mapped
TABLET-WO-00073-OP-01,TABLET-WO-00073,1,SET1,1,OPER001,P027|P026|P027,mapped
TABLET-WO-00074-OP-01,TABLET-WO-00074,1,SET1,1,OPER001,P027|P026|P027,mapped
TABLET-WO-00075-OP-01,TABLET-WO-00075,1,SET1,3,OPER001,P027|P026|P027,mapped
TABLET-WO-00076-OP-01,TABLET-WO-00076,1,SET1,3,OPER001,P027|P026|P027,mapped
TABLET-WO-00077-OP-01,TABLET-WO-00077,1,SET1,3,OPER001,P027|P026|P027,mapped
TABLET-WO-00078-OP-01,TABLET-WO-00078,1,SET1,1,OPER001,P027|P026|P027,mapped
TABLET-WO-00079-OP-01,TABLET-WO-00079,1,SET1,1,OPER001,P027|P026|P027,mapped
TABLET-WO-00080-OP-01,TABLET-WO-00080,1,SET1,1,OPER001,P027|P026|P027,mapped
TABLET-WO-00081-OP-01,TABLET-WO-00081,1,SET1,1,OPER001,P027|P026|P027,mapped
TABLET-WO-00082-OP-01,TABLET-WO-00082,1,SET1,1,OPER001,P027|P026|P027,mapped
TABLET-WO-00083-OP-01,TABLET-WO-00083,1,SET1,1,OPER001,P027|P026|P027,mapped
TABLET-WO-00084-OP-01,TABLET-WO-00084,1,SET1,1,OPER001,P027|P026|P027,mapped
TABLET-WO-00085-OP-01,TABLET-WO-00085,1,SET1,1,OPER001,P027|P026|P027,mapped
TABLET-WO-00086-OP-01,TABLET-WO-00086,1,SET1,1,OPER001,P027|P026|P027,mapped
TABLET-WO-00087-OP-01,TABLET-WO-00087,1,SET1,1,OPER001,P027|P026|P027,mapped
TABLET-WO-00088-OP-01,TABLET-WO-00088,1,SET1,1,OPER001,P027|P026|P027,mapped
TABLET-WO-00089-OP-01,TABLET-WO-00089,1,SET1,2,OPER001,P027|P026|P027,mapped
TABLET-WO-00090-OP-01,TABLET-WO-00090,1,SET1,1,OPER001,P027|P026|P027,mapped
TABLET-WO-00091-OP-01,TABLET-WO-00091,1,SET1,1,OPER001,P027|P026|P027,mapped
TABLET-WO-00092-OP-01,TABLET-WO-00092,1,SET1,1,OPER001,P027|P026|P027,mapped
TABLET-WO-00093-OP-01,TABLET-WO-00093,1,SET1,7,OPER001,P027|P026|P027,mapped
TABLET-WO-00094-OP-01,TABLET-WO-00094,1,SET1,12,OPER001,P027|P026|P027,mapped
TABLET-WO-00095-OP-01,TABLET-WO-00095,1,SET1,9,OPER001,P027|P026|P027,mapped
TABLET-WO-00096-OP-01,TABLET-WO-00096,1,SET1,9,OPER001,P027|P026|P027,mapped
TABLET-WO-00097-OP-01,TABLET-WO-00097,1,SET1,1,OPER001,P027|P026|P027,mapped
TABLET-WO-00098-OP-01,TABLET-WO-00098,1,SET1,1,OPER001,P027|P026|P027,mapped
TABLET-WO-00099-OP-01,TABLET-WO-00099,1,SET1,1,OPER001,P027|P026|P027,mapped
TABLET-WO-00100-OP-01,TABLET-WO-00100,1,SET1,1,OPER001,P027|P026|P027,mapped
TABLET-WO-00101-OP-01,TABLET-WO-00101,1,SET1,1,OPER001,P027|P026|P027,mapped
TABLET-WO-00102-OP-01,TABLET-WO-00102,1,SET1,1,OPER001,P027|P026|P027,mapped
TABLET-WO-00103-OP-01,TABLET-WO-00103,1,SET1,1,OPER001,P027|P026|P027,mapped
TABLET-WO-00104-OP-01,TABLET-WO-00104,1,SET1,1,OPER001,P027|P026|P027,mapped
TABLET-WO-00105-OP-01,TABLET-WO-00105,1,SET1,1,OPER001,P027|P026|P027,mapped
TABLET-WO-00106-OP-01,TABLET-WO-00106,1,SET1,1,OPER001,P027|P026|P027,mapped
TABLET-WO-00107-OP-01,TABLET-WO-00107,1,SET1,1,OPER001,P027|P026|P027,mapped
TABLET-WO-00108-OP-01,TABLET-WO-00108,1,SET1,1,OPER001,P027|P026|P027,mapped
TABLET-WO-00109-OP-01,TABLET-WO-00109,1,SET1,1,OPER001,P027|P026|P027,mapped
TABLET-WO-00110-OP-01,TABLET-WO-00110,1,SET1,1,OPER001,P027|P026|P027,mapped
TABLET-WO-00111-OP-01,TABLET-WO-00111,1,SET1,1,OPER001,P027|P026|P027,mapped
TABLET-WO-00112-OP-01,TABLET-WO-00112,1,SET1,1,OPER001,P027|P026|P027,mapped
TABLET-WO-00113-OP-01,TABLET-WO-00113,1,SET1,1,OPER001,P027|P026|P027,mapped
TABLET-WO-00114-OP-01,TABLET-WO-00114,1,SET1,4,OPER001,P027|P026|P027,mapped
TABLET-WO-00115-OP-01,TABLET-WO-00115,1,SET1,5,OPER001,P027|P026|P027,mapped
TABLET-WO-00116-OP-01,TABLET-WO-00116,1,SET1,5,OPER001,P027|P026|P027,mapped
TABLET-WO-00117-OP-01,TABLET-WO-00117,1,SET1,5,OPER001,P027|P026|P027,mapped
TABLET-WO-00118-OP-01,TABLET-WO-00118,1,SET1,1,OPER001,P027|P026|P027,mapped
TABLET-WO-00119-OP-01,TABLET-WO-00119,1,SET1,1,OPER001,P027|P026|P027,mapped
TABLET-WO-00120-OP-01,TABLET-WO-00120,1,SET1,1,OPER001,P027|P026|P027,mapped
TABLET-WO-00121-OP-01,TABLET-WO-00121,1,SET1,1,OPER001,P027|P026|P027,mapped
TABLET-WO-00122-OP-01,TABLET-WO-00122,1,SET1,1,OPER001,P027|P026|P027,mapped
TABLET-WO-00123-OP-01,TABLET-WO-00123,1,SET1,4,OPER001,P027|P026|P027,mapped
TABLET-WO-00124-OP-01,TABLET-WO-00124,1,SET1,4,OPER001,P027|P026|P027,mapped
TABLET-WO-00125-OP-01,TABLET-WO-00125,1,SET1,4,OPER001,P027|P026|P027,mapped
TABLET-WO-00126-OP-01,TABLET-WO-00126,1,SET1,2,OPER001,P027|P026|P027,mapped
TABLET-WO-00127-OP-01,TABLET-WO-00127,1,SET1,8,OPER001,P027|P026|P027,mapped
TABLET-WO-00128-OP-01,TABLET-WO-00128,1,SET1,8,OPER001,P027|P026|P027,mapped
TABLET-WO-00129-OP-01,TABLET-WO-00129,1,SET1,7,OPER001,P027|P026|P027,mapped
TABLET-WO-00130-OP-01,TABLET-WO-00130,1,SET1,6,OPER001,P027|P026|P027,mapped
TABLET-WO-00131-OP-01,TABLET-WO-00131,1,SET1,7,OPER001,P027|P026|P027,mapped
TABLET-WO-00132-OP-01,TABLET-WO-00132,1,SET1,1,OPER001,P027|P026|P027,mapped
TABLET-WO-00133-OP-01,TABLET-WO-00133,1,SET1,1,OPER001,P027|P026|P027,mapped
TABLET-WO-00134-OP-01,TABLET-WO-00134,1,SET1,1,OPER001,P027|P026|P027,mapped
TABLET-WO-00135-OP-01,TABLET-WO-00135,1,SET1,1,OPER001,P027|P026|P027,mapped
TABLET-WO-00136-OP-01,TABLET-WO-00136,1,SET1,1,OPER001,P027|P026|P027,mapped
TABLET-WO-00137-OP-01,TABLET-WO-00137,1,SET1,1,OPER001,P027|P026|P027,mapped
TABLET-WO-00138-OP-01,TABLET-WO-00138,1,SET1,1,OPER001,P027|P026|P027,mapped
TABLET-WO-00139-OP-01,TABLET-WO-00139,1,SET1,1,OPER001,P027|P026|P027,mapped
TABLET-WO-00140-OP-01,TABLET-WO-00140,1,SET1,5,OPER001,P027|P026|P027,mapped
TABLET-WO-00141-OP-01,TABLET-WO-00141,1,SET1,4,OPER001,P027|P026|P027,mapped
TABLET-WO-00142-OP-01,TABLET-WO-00142,1,SET1,5,OPER001,P027|P026|P027,mapped
TABLET-WO-00143-OP-01,TABLET-WO-00143,1,SET1,6,OPER001,P027|P026|P027,mapped
TABLET-WO-00144-OP-01,TABLET-WO-00144,1,SET1,6,OPER001,P027|P026|P027,mapped
TABLET-WO-00145-OP-01,TABLET-WO-00145,1,SET1,1,OPER001,P027|P026|P027,mapped
TABLET-WO-00146-OP-01,TABLET-WO-00146,1,SET1,1,OPER001,P027|P026|P027,mapped
TABLET-WO-00147-OP-01,TABLET-WO-00147,1,SET1,1,OPER001,P027|P026|P027,mapped
TABLET-WO-00148-OP-01,TABLET-WO-00148,1,SET1,1,OPER001,P027|P026|P027,mapped
TABLET-WO-00149-OP-01,TABLET-WO-00149,1,SET1,1,OPER001,P029|P029|P025,mapped
TABLET-WO-00150-OP-01,TABLET-WO-00150,1,SET1,1,OPER001,P029|P029|P025,mapped
TABLET-WO-00151-OP-01,TABLET-WO-00151,1,SET1,1,OPER001,P029|P029|P025,mapped
TABLET-WO-00152-OP-01,TABLET-WO-00152,1,SET1,1,OPER001,P029|P029|P025,mapped
TABLET-WO-00153-OP-01,TABLET-WO-00153,1,SET1,5,OPER001,P029|P029|P025,mapped
TABLET-WO-00154-OP-01,TABLET-WO-00154,1,SET1,8,OPER001,P029|P029|P025,mapped
TABLET-WO-00155-OP-01,TABLET-WO-00155,1,SET1,9,OPER001,P029|P029|P025,mapped
TABLET-WO-00156-OP-01,TABLET-WO-00156,1,SET1,7,OPER001,P029|P029|P025,mapped
TABLET-WO-00157-OP-01,TABLET-WO-00157,1,SET1,6,OPER001,P029|P029|P025,mapped
TABLET-WO-00158-OP-01,TABLET-WO-00158,1,SET1,1,OPER001,P029|P029|P025,mapped
TABLET-WO-00159-OP-01,TABLET-WO-00159,1,SET1,6,OPER001,P029|P029|P025,mapped
TABLET-WO-00160-OP-01,TABLET-WO-00160,1,SET1,7,OPER001,P029|P029|P025,mapped
TABLET-WO-00161-OP-01,TABLET-WO-00161,1,SET1,7,OPER001,P029|P029|P025,mapped
TABLET-WO-00162-OP-01,TABLET-WO-00162,1,SET1,5,OPER001,P029|P029|P025,mapped
TABLET-WO-00163-OP-01,TABLET-WO-00163,1,SET1,7,OPER001,P029|P029|P025,mapped
TABLET-WO-00164-OP-01,TABLET-WO-00164,1,SET1,7,OPER001,P029|P029|P025,mapped
TABLET-WO-00165-OP-01,TABLET-WO-00165,1,SET1,6,OPER001,P029|P029|P025,mapped
TABLET-WO-00166-OP-01,TABLET-WO-00166,1,SET1,7,OPER001,P029|P029|P025,mapped
TABLET-WO-00167-OP-01,TABLET-WO-00167,1,SET1,2,OPER001,P029|P029|P025,mapped
TABLET-WO-00168-OP-01,TABLET-WO-00168,1,SET1,2,OPER001,P029|P029|P025,mapped
TABLET-WO-00169-OP-01,TABLET-WO-00169,1,SET1,3,OPER001,P029|P029|P025,mapped
TABLET-WO-00170-OP-01,TABLET-WO-00170,1,SET1,2,OPER001,P029|P029|P025,mapped
TABLET-WO-00171-OP-01,TABLET-WO-00171,1,SET1,2,OPER001,P029|P029|P025,mapped
TABLET-WO-00172-OP-01,TABLET-WO-00172,1,SET1,3,OPER001,P029|P029|P025,mapped
TABLET-WO-00173-OP-01,TABLET-WO-00173,1,SET1,4,OPER001,P029|P029|P025,mapped
TABLET-WO-00174-OP-01,TABLET-WO-00174,1,SET1,4,OPER001,P029|P029|P025,mapped
TABLET-WO-00175-OP-01,TABLET-WO-00175,1,SET1,4,OPER001,P029|P029|P025,mapped
TABLET-WO-00176-OP-01,TABLET-WO-00176,1,SET1,3,OPER001,P029|P029|P025,mapped
TABLET-WO-00177-OP-01,TABLET-WO-00177,1,SET1,4,OPER001,P029|P029|P025,mapped
TABLET-WO-00178-OP-01,TABLET-WO-00178,1,SET1,3,OPER001,P029|P029|P025,mapped
TABLET-WO-00179-OP-01,TABLET-WO-00179,1,SET1,5,OPER001,P029|P029|P025,mapped
TABLET-WO-00180-OP-01,TABLET-WO-00180,1,SET1,4,OPER001,P029|P029|P025,mapped
TABLET-WO-00181-OP-01,TABLET-WO-00181,1,SET1,1,OPER001,P029|P029|P025,mapped
TABLET-WO-00182-OP-01,TABLET-WO-00182,1,SET1,5,OPER001,P029|P029|P025,mapped
TABLET-WO-00183-OP-01,TABLET-WO-00183,1,SET1,4,OPER001,P029|P029|P025,mapped
TABLET-WO-00184-OP-01,TABLET-WO-00184,1,SET1,4,OPER001,P029|P029|P025,mapped
TABLET-WO-00185-OP-01,TABLET-WO-00185,1,SET1,4,OPER001,P029|P029|P025,mapped
TABLET-WO-00186-OP-01,TABLET-WO-00186,1,SET1,1,OPER001,P029|P029|P025,mapped
TABLET-WO-00187-OP-01,TABLET-WO-00187,1,SET1,4,OPER001,P029|P029|P025,mapped
TABLET-WO-00188-OP-01,TABLET-WO-00188,1,SET1,5,OPER001,P029|P029|P025,mapped
TABLET-WO-00189-OP-01,TABLET-WO-00189,1,SET1,3,OPER001,P029|P029|P025,mapped
TABLET-WO-00190-OP-01,TABLET-WO-00190,1,SET1,5,OPER001,P029|P029|P025,mapped
TABLET-WO-00191-OP-01,TABLET-WO-00191,1,SET1,5,OPER001,P029|P029|P025,mapped
TABLET-WO-00192-OP-01,TABLET-WO-00192,1,SET1,3,OPER001,P029|P029|P025,mapped
TABLET-WO-00193-OP-01,TABLET-WO-00193,1,SET1,1,OPER001,P029|P029|P025,mapped
TABLET-WO-00194-OP-01,TABLET-WO-00194,1,SET1,4,OPER001,P029|P029|P025,mapped
TABLET-WO-00195-OP-01,TABLET-WO-00195,1,SET1,4,OPER001,P029|P029|P025,mapped
TABLET-WO-00196-OP-01,TABLET-WO-00196,1,SET1,4,OPER001,P029|P029|P025,mapped
TABLET-WO-00197-OP-01,TABLET-WO-00197,1,SET1,6,OPER001,P029|P029|P025,mapped
TABLET-WO-00198-OP-01,TABLET-WO-00198,1,SET1,5,OPER001,P029|P029|P025,mapped
TABLET-WO-00199-OP-01,TABLET-WO-00199,1,SET1,5,OPER001,P029|P029|P025,mapped
TABLET-WO-00200-OP-01,TABLET-WO-00200,1,SET1,4,OPER001,P029|P029|P025,mapped
TABLET-WO-00201-OP-01,TABLET-WO-00201,1,SET1,7,OPER001,P029|P029|P025,mapped
TABLET-WO-00202-OP-01,TABLET-WO-00202,1,SET1,6,OPER001,P029|P029|P025,mapped
TABLET-WO-00203-OP-01,TABLET-WO-00203,1,SET1,7,OPER001,P029|P029|P025,mapped
TABLET-WO-00204-OP-01,TABLET-WO-00204,1,SET1,10,OPER001,P029|P029|P025,mapped
TABLET-WO-00205-OP-01,TABLET-WO-00205,1,SET1,8,OPER001,P029|P029|P025,mapped
TABLET-WO-00206-OP-01,TABLET-WO-00206,1,SET1,8,OPER001,P029|P029|P025,mapped
TABLET-WO-00207-OP-01,TABLET-WO-00207,1,SET1,8,OPER001,P029|P029|P025,mapped
TABLET-WO-00208-OP-01,TABLET-WO-00208,1,SET1,6,OPER001,P029|P029|P025,mapped
TABLET-WO-00209-OP-01,TABLET-WO-00209,1,SET1,6,OPER001,P029|P029|P025,mapped
TABLET-WO-00210-OP-01,TABLET-WO-00210,1,SET1,4,OPER001,P029|P029|P025,mapped
TABLET-WO-00211-OP-01,TABLET-WO-00211,1,SET1,4,OPER001,P029|P029|P025,mapped
TABLET-WO-00212-OP-01,TABLET-WO-00212,1,SET1,6,OPER001,P029|P029|P025,mapped
TABLET-WO-00213-OP-01,TABLET-WO-00213,1,SET1,4,OPER001,P029|P029|P025,mapped
TABLET-WO-00214-OP-01,TABLET-WO-00214,1,SET1,4,OPER001,P029|P029|P025,mapped
TABLET-WO-00215-OP-01,TABLET-WO-00215,1,SET1,1,OPER001,P029|P029|P025,mapped
TABLET-WO-00216-OP-01,TABLET-WO-00216,1,SET1,4,OPER001,P029|P029|P025,mapped
TABLET-WO-00217-OP-01,TABLET-WO-00217,1,SET1,3,OPER001,P029|P029|P025,mapped
TABLET-WO-00218-OP-01,TABLET-WO-00218,1,SET1,5,OPER001,P029|P029|P025,mapped
TABLET-WO-00219-OP-01,TABLET-WO-00219,1,SET1,1,OPER001,P029|P029|P025,mapped
TABLET-WO-00220-OP-01,TABLET-WO-00220,1,SET1,6,OPER001,P029|P029|P025,mapped
TABLET-WO-00221-OP-01,TABLET-WO-00221,1,SET1,6,OPER001,P029|P029|P025,mapped
TABLET-WO-00222-OP-01,TABLET-WO-00222,1,SET1,4,OPER001,P029|P029|P025,mapped
TABLET-WO-00223-OP-01,TABLET-WO-00223,1,SET1,4,OPER001,P029|P029|P025,mapped
TABLET-WO-00224-OP-01,TABLET-WO-00224,1,SET1,1,OPER001,P029|P029|P025,mapped
TABLET-WO-00225-OP-01,TABLET-WO-00225,1,SET1,4,OPER001,P029|P029|P025,mapped
TABLET-WO-00226-OP-01,TABLET-WO-00226,1,SET1,4,OPER001,P029|P029|P025,mapped
TABLET-WO-00227-OP-01,TABLET-WO-00227,1,SET1,1,OPER001,P029|P029|P025,mapped
TABLET-WO-00228-OP-01,TABLET-WO-00228,1,SET1,7,OPER001,P029|P029|P025,mapped
TABLET-WO-00229-OP-01,TABLET-WO-00229,1,SET1,7,OPER001,P029|P029|P025,mapped
TABLET-WO-00230-OP-01,TABLET-WO-00230,1,SET1,6,OPER001,P029|P029|P025,mapped
TABLET-WO-00231-OP-01,TABLET-WO-00231,1,SET1,5,OPER001,P029|P029|P025,mapped
TABLET-WO-00232-OP-01,TABLET-WO-00232,1,SET1,1,OPER001,P029|P029|P025,mapped
TABLET-WO-00233-OP-01,TABLET-WO-00233,1,SET1,1,OPER001,P029|P029|P025,mapped
TABLET-WO-00234-OP-01,TABLET-WO-00234,1,SET1,6,OPER001,P029|P029|P025,mapped
TABLET-WO-00235-OP-01,TABLET-WO-00235,1,SET1,7,OPER001,P029|P029|P025,mapped
TABLET-WO-00236-OP-01,TABLET-WO-00236,1,SET1,8,OPER001,P029|P029|P025,mapped
TABLET-WO-00237-OP-01,TABLET-WO-00237,1,SET1,10,OPER001,P029|P029|P025,mapped
TABLET-WO-00238-OP-01,TABLET-WO-00238,1,SET1,8,OPER001,P029|P029|P025,mapped
TABLET-WO-00239-OP-01,TABLET-WO-00239,1,SET1,9,OPER001,P029|P029|P025,mapped
TABLET-WO-00240-OP-01,TABLET-WO-00240,1,SET1,12,OPER001,P029|P029|P025,mapped
TABLET-WO-00241-OP-01,TABLET-WO-00241,1,SET1,1,OPER001,P029|P029|P025,mapped
TABLET-WO-00242-OP-01,TABLET-WO-00242,1,SET1,5,OPER001,P029|P029|P025,mapped
TABLET-WO-00243-OP-01,TABLET-WO-00243,1,SET1,6,OPER001,P029|P029|P025,mapped
TABLET-WO-00244-OP-01,TABLET-WO-00244,1,SET1,4,OPER001,P029|P029|P025,mapped
TABLET-WO-00245-OP-01,TABLET-WO-00245,1,SET1,1,OPER001,P029|P029|P025,mapped
TABLET-WO-00246-OP-01,TABLET-WO-00246,1,SET1,7,OPER001,P029|P029|P025,mapped
TABLET-WO-00247-OP-01,TABLET-WO-00247,1,SET1,8,OPER001,P029|P029|P025,mapped
TABLET-WO-00248-OP-01,TABLET-WO-00248,1,SET1,12,OPER001,P029|P029|P025,mapped
TABLET-WO-00249-OP-01,TABLET-WO-00249,1,SET1,16,OPER001,P029|P029|P025,mapped
TABLET-WO-00250-OP-01,TABLET-WO-00250,1,SET1,17,OPER001,P029|P029|P025,mapped
TABLET-WO-00251-OP-01,TABLET-WO-00251,1,SET1,13,OPER001,P029|P029|P025,mapped
TABLET-WO-00252-OP-01,TABLET-WO-00252,1,SET1,14,OPER001,P029|P029|P025,mapped
TABLET-WO-00253-OP-01,TABLET-WO-00253,1,SET1,1,OPER001,P029|P029|P025,mapped
TABLET-WO-00254-OP-01,TABLET-WO-00254,1,SET1,1,OPER001,P029|P029|P025,mapped
TABLET-WO-00255-OP-01,TABLET-WO-00255,1,SET1,1,OPER001,P029|P029|P025,mapped
TABLET-WO-00256-OP-01,TABLET-WO-00256,1,SET1,1,OPER001,P029|P029|P025,mapped
TABLET-WO-00257-OP-01,TABLET-WO-00257,1,SET1,1,OPER001,P029|P029|P025,mapped
TABLET-WO-00258-OP-01,TABLET-WO-00258,1,SET1,1,OPER001,P029|P029|P025,mapped
TABLET-WO-00259-OP-01,TABLET-WO-00259,1,SET1,1,OPER001,P029|P029|P025,mapped
TABLET-WO-00260-OP-01,TABLET-WO-00260,1,SET1,1,OPER001,P029|P029|P025,mapped
TABLET-WO-00261-OP-01,TABLET-WO-00261,1,SET1,1,OPER001,P029|P029|P025,mapped
TABLET-WO-00262-OP-01,TABLET-WO-00262,1,SET1,8,OPER001,P029|P029|P025,mapped
TABLET-WO-00263-OP-01,TABLET-WO-00263,1,SET1,6,OPER001,P029|P029|P025,mapped
TABLET-WO-00264-OP-01,TABLET-WO-00264,1,SET1,6,OPER001,P029|P029|P025,mapped
TABLET-WO-00265-OP-01,TABLET-WO-00265,1,SET1,1,OPER001,P029|P029|P025,mapped
TABLET-WO-00266-OP-01,TABLET-WO-00266,1,SET1,6,OPER001,P029|P029|P025,mapped
TABLET-WO-00267-OP-01,TABLET-WO-00267,1,SET1,1,OPER001,P029|P029|P025,mapped
TABLET-WO-00268-OP-01,TABLET-WO-00268,1,SET1,6,OPER001,P029|P029|P025,mapped
TABLET-WO-00269-OP-01,TABLET-WO-00269,1,SET1,6,OPER001,P029|P029|P025,mapped
TABLET-WO-00270-OP-01,TABLET-WO-00270,1,SET1,4,OPER001,P029|P029|P025,mapped
TABLET-WO-00271-OP-01,TABLET-WO-00271,1,SET1,3,OPER001,P029|P029|P025,mapped
TABLET-WO-00272-OP-01,TABLET-WO-00272,1,SET1,1,OPER001,P029|P029|P025,mapped
TABLET-WO-00273-OP-01,TABLET-WO-00273,1,SET1,1,OPER001,P029|P029|P025,mapped
TABLET-WO-00274-OP-01,TABLET-WO-00274,1,SET1,1,OPER001,P029|P029|P025,mapped
TABLET-WO-00275-OP-01,TABLET-WO-00275,1,SET1,8,OPER001,P029|P029|P025,mapped
TABLET-WO-00276-OP-01,TABLET-WO-00276,1,SET1,12,OPER001,P029|P029|P025,mapped
TABLET-WO-00277-OP-01,TABLET-WO-00277,1,SET1,8,OPER001,P029|P029|P025,mapped
TABLET-WO-00278-OP-01,TABLET-WO-00278,1,SET1,13,OPER001,P029|P029|P025,mapped
TABLET-WO-00279-OP-01,TABLET-WO-00279,1,SET1,7,OPER001,P029|P029|P025,mapped
TABLET-WO-00280-OP-01,TABLET-WO-00280,1,SET1,6,OPER001,P029|P029|P025,mapped
TABLET-WO-00281-OP-01,TABLET-WO-00281,1,SET1,1,OPER001,P029|P029|P025,mapped
TABLET-WO-00282-OP-01,TABLET-WO-00282,1,SET1,4,OPER001,P029|P029|P025,mapped
TABLET-WO-00283-OP-01,TABLET-WO-00283,1,SET1,1,OPER001,P029|P029|P025,mapped
TABLET-WO-00284-OP-01,TABLET-WO-00284,1,SET1,4,OPER001,P029|P029|P025,mapped
TABLET-WO-00285-OP-01,TABLET-WO-00285,1,SET1,3,OPER001,P029|P029|P025,mapped
TABLET-WO-00286-OP-01,TABLET-WO-00286,1,SET1,3,OPER001,P029|P029|P025,mapped
TABLET-WO-00287-OP-01,TABLET-WO-00287,1,SET1,3,OPER001,P029|P029|P025,mapped
TABLET-WO-00288-OP-01,TABLET-WO-00288,1,SET1,12,OPER001,P029|P029|P025,mapped
TABLET-WO-00289-OP-01,TABLET-WO-00289,1,SET1,12,OPER001,P029|P029|P025,mapped
TABLET-WO-00290-OP-01,TABLET-WO-00290,1,SET1,9,OPER001,P029|P029|P025,mapped
TABLET-WO-00291-OP-01,TABLET-WO-00291,1,SET1,8,OPER001,P029|P029|P025,mapped
TABLET-WO-00292-OP-01,TABLET-WO-00292,1,SET1,6,OPER001,P029|P029|P025,mapped
TABLET-WO-00293-OP-01,TABLET-WO-00293,1,SET1,1,OPER001,P029|P029|P025,mapped
TABLET-WO-00294-OP-01,TABLET-WO-00294,1,SET1,7,OPER001,P029|P029|P025,mapped
TABLET-WO-00295-OP-01,TABLET-WO-00295,1,SET1,8,OPER001,P029|P029|P025,mapped
TABLET-WO-00296-OP-01,TABLET-WO-00296,1,SET1,8,OPER001,P029|P029|P025,mapped
TABLET-WO-00297-OP-01,TABLET-WO-00297,1,SET1,1,OPER001,P023|P023,mapped
TABLET-WO-00298-OP-01,TABLET-WO-00298,1,SET1,1,OPER001,P023|P023,mapped
TABLET-WO-00299-OP-01,TABLET-WO-00299,1,SET1,1,OPER001,P023|P023,mapped
TABLET-WO-00300-OP-01,TABLET-WO-00300,1,SET1,1,OPER001,P023|P023,mapped
TABLET-WO-00301-OP-01,TABLET-WO-00301,1,SET1,1,OPER001,P023|P023,mapped
TABLET-WO-00302-OP-01,TABLET-WO-00302,1,SET1,1,OPER001,P023|P023,mapped
TABLET-WO-00303-OP-01,TABLET-WO-00303,1,SET1,1,OPER001,P023|P023,mapped
TABLET-WO-00304-OP-01,TABLET-WO-00304,1,SET1,1,OPER001,P023|P023,mapped
TABLET-WO-00305-OP-01,TABLET-WO-00305,1,SET1,1,OPER001,P023|P023,mapped
TABLET-WO-00306-OP-01,TABLET-WO-00306,1,SET1,1,OPER001,P023|P023,mapped
TABLET-WO-00307-OP-01,TABLET-WO-00307,1,SET1,1,OPER001,P023|P023,mapped
TABLET-WO-00308-OP-01,TABLET-WO-00308,1,SET1,1,OPER001,P023|P023,mapped
TABLET-WO-00309-OP-01,TABLET-WO-00309,1,SET1,1,OPER001,P023|P023,mapped
TABLET-WO-00310-OP-01,TABLET-WO-00310,1,SET1,1,OPER001,P023|P023,mapped
TABLET-WO-00311-OP-01,TABLET-WO-00311,1,SET1,1,OPER001,P023|P023,mapped
TABLET-WO-00312-OP-01,TABLET-WO-00312,1,SET1,1,OPER001,P023|P023,mapped
TABLET-WO-00313-OP-01,TABLET-WO-00313,1,SET1,1,OPER001,P023|P023,mapped
TABLET-WO-00314-OP-01,TABLET-WO-00314,1,SET1,1,OPER001,P023|P023,mapped
TABLET-WO-00315-OP-01,TABLET-WO-00315,1,SET1,1,OPER001,P023|P023,mapped
TABLET-WO-00316-OP-01,TABLET-WO-00316,1,SET1,1,OPER001,P023|P023,mapped
TABLET-WO-00317-OP-01,TABLET-WO-00317,1,SET1,1,OPER001,P023|P023,mapped
TABLET-WO-00318-OP-01,TABLET-WO-00318,1,SET1,1,OPER001,P023|P023,mapped
TABLET-WO-00319-OP-01,TABLET-WO-00319,1,SET1,1,OPER001,P023|P023,mapped
TABLET-WO-00320-OP-01,TABLET-WO-00320,1,SET1,1,OPER001,P023|P023,mapped
TABLET-WO-00321-OP-01,TABLET-WO-00321,1,SET1,1,OPER001,P023|P023,mapped
TABLET-WO-00322-OP-01,TABLET-WO-00322,1,SET1,1,OPER001,P023|P023,mapped
TABLET-WO-00323-OP-01,TABLET-WO-00323,1,SET1,4,OPER001,P023|P023,mapped
TABLET-WO-00324-OP-01,TABLET-WO-00324,1,SET1,4,OPER001,P023|P023,mapped
TABLET-WO-00325-OP-01,TABLET-WO-00325,1,SET1,4,OPER001,P023|P023,mapped
TABLET-WO-00326-OP-01,TABLET-WO-00326,1,SET1,3,OPER001,P023|P023,mapped
TABLET-WO-00327-OP-01,TABLET-WO-00327,1,SET1,1,OPER001,P023|P023,mapped
TABLET-WO-00328-OP-01,TABLET-WO-00328,1,SET1,1,OPER001,P023|P023,mapped
TABLET-WO-00329-OP-01,TABLET-WO-00329,1,SET1,1,OPER001,P023|P023,mapped
TABLET-WO-00330-OP-01,TABLET-WO-00330,1,SET1,1,OPER001,P023|P023,mapped
TABLET-WO-00331-OP-01,TABLET-WO-00331,1,SET1,1,OPER001,P023|P023,mapped
TABLET-WO-00332-OP-01,TABLET-WO-00332,1,SET1,1,OPER001,P023|P023,mapped
TABLET-WO-00333-OP-01,TABLET-WO-00333,1,SET1,1,OPER001,P023|P023,mapped
TABLET-WO-00334-OP-01,TABLET-WO-00334,1,SET1,1,OPER001,P023|P023,mapped
TABLET-WO-00335-OP-01,TABLET-WO-00335,1,SET1,1,OPER001,P023|P023,mapped
TABLET-WO-00336-OP-01,TABLET-WO-00336,1,SET1,1,OPER001,P023|P023,mapped
TABLET-WO-00337-OP-01,TABLET-WO-00337,1,SET1,1,OPER001,P023|P023,mapped
TABLET-WO-00338-OP-01,TABLET-WO-00338,1,SET1,1,OPER001,P023|P023,mapped
TABLET-WO-00339-OP-01,TABLET-WO-00339,1,SET1,1,OPER001,P023|P023,mapped
TABLET-WO-00340-OP-01,TABLET-WO-00340,1,SET1,1,OPER001,P023|P023,mapped
TABLET-WO-00341-OP-01,TABLET-WO-00341,1,SET1,1,OPER001,P023|P023,mapped
TABLET-WO-00342-OP-01,TABLET-WO-00342,1,SET1,1,OPER001,P023|P023,mapped
TABLET-WO-00343-OP-01,TABLET-WO-00343,1,SET1,1,OPER001,P023|P023,mapped
TABLET-WO-00344-OP-01,TABLET-WO-00344,1,SET1,1,OPER001,P023|P023,mapped
TABLET-WO-00345-OP-01,TABLET-WO-00345,1,SET1,1,OPER001,P023|P023,mapped
TABLET-WO-00346-OP-01,TABLET-WO-00346,1,SET1,1,OPER001,P023|P023,mapped
TABLET-WO-00347-OP-01,TABLET-WO-00347,1,SET1,1,OPER001,P023|P023,mapped
TABLET-WO-00348-OP-01,TABLET-WO-00348,1,SET1,1,OPER001,P023|P023,mapped
TABLET-WO-00349-OP-01,TABLET-WO-00349,1,SET1,1,OPER001,P023|P023,mapped
TABLET-WO-00350-OP-01,TABLET-WO-00350,1,SET1,1,OPER001,P023|P023,mapped
TABLET-WO-00351-OP-01,TABLET-WO-00351,1,SET1,1,OPER001,P023|P023,mapped
TABLET-WO-00352-OP-01,TABLET-WO-00352,1,SET1,1,OPER001,P023|P023,mapped
TABLET-WO-00353-OP-01,TABLET-WO-00353,1,SET1,1,OPER001,P023|P023,mapped
TABLET-WO-00354-OP-01,TABLET-WO-00354,1,SET1,1,OPER001,P023|P023,mapped
TABLET-WO-00355-OP-01,TABLET-WO-00355,1,SET1,1,OPER001,P023|P023,mapped
TABLET-WO-00356-OP-01,TABLET-WO-00356,1,SET1,1,OPER001,P023|P023,mapped
TABLET-WO-00357-OP-01,TABLET-WO-00357,1,SET1,1,OPER001,P023|P023,mapped
TABLET-WO-00358-OP-01,TABLET-WO-00358,1,SET1,1,OPER001,P023|P023,mapped
TABLET-WO-00359-OP-01,TABLET-WO-00359,1,SET1,1,OPER001,P023|P023,mapped
TABLET-WO-00360-OP-01,TABLET-WO-00360,1,SET1,1,OPER001,P023|P023,mapped
TABLET-WO-00361-OP-01,TABLET-WO-00361,1,SET1,1,OPER001,P023|P023,mapped
TABLET-WO-00362-OP-01,TABLET-WO-00362,1,SET1,1,OPER001,P023|P023,mapped
TABLET-WO-00363-OP-01,TABLET-WO-00363,1,SET1,1,OPER001,P023|P023,mapped
TABLET-WO-00364-OP-01,TABLET-WO-00364,1,SET1,1,OPER001,P023|P023,mapped
TABLET-WO-00365-OP-01,TABLET-WO-00365,1,SET1,1,OPER001,P023|P023,mapped
TABLET-WO-00366-OP-01,TABLET-WO-00366,1,SET1,1,OPER001,P023|P023,mapped
TABLET-WO-00367-OP-01,TABLET-WO-00367,1,SET1,1,OPER001,P023|P023,mapped
TABLET-WO-00368-OP-01,TABLET-WO-00368,1,SET1,1,OPER001,P023|P023,mapped
TABLET-WO-00369-OP-01,TABLET-WO-00369,1,SET1,1,OPER001,P023|P023,mapped
TABLET-WO-00370-OP-01,TABLET-WO-00370,1,SET1,1,OPER001,P023|P023,mapped
TABLET-WO-00371-OP-01,TABLET-WO-00371,1,SET1,1,OPER001,P023|P023,mapped
TABLET-WO-00372-OP-01,TABLET-WO-00372,1,SET1,1,OPER001,P023|P023,mapped
TABLET-WO-00373-OP-01,TABLET-WO-00373,1,SET1,1,OPER001,P023|P023,mapped
TABLET-WO-00374-OP-01,TABLET-WO-00374,1,SET1,1,OPER001,P023|P023,mapped
TABLET-WO-00375-OP-01,TABLET-WO-00375,1,SET1,4,OPER001,P023|P023,mapped
TABLET-WO-00376-OP-01,TABLET-WO-00376,1,SET1,6,OPER001,P023|P023,mapped
TABLET-WO-00377-OP-01,TABLET-WO-00377,1,SET1,4,OPER001,P023|P023,mapped
TABLET-WO-00378-OP-01,TABLET-WO-00378,1,SET1,4,OPER001,P023|P023,mapped
TABLET-WO-00379-OP-01,TABLET-WO-00379,1,SET1,1,OPER001,P023|P023,mapped
TABLET-WO-00380-OP-01,TABLET-WO-00380,1,SET1,1,OPER001,P023|P023,mapped
TABLET-WO-00381-OP-01,TABLET-WO-00381,1,SET1,1,OPER001,P023|P023,mapped
TABLET-WO-00382-OP-01,TABLET-WO-00382,1,SET1,1,OPER001,P023|P023,mapped
TABLET-WO-00383-OP-01,TABLET-WO-00383,1,SET1,1,OPER001,P023|P023,mapped
TABLET-WO-00384-OP-01,TABLET-WO-00384,1,SET1,1,OPER001,P023|P023,mapped
TABLET-WO-00385-OP-01,TABLET-WO-00385,1,SET1,1,OPER001,P023|P023,mapped
TABLET-WO-00386-OP-01,TABLET-WO-00386,1,SET1,1,OPER001,P023|P023,mapped
TABLET-WO-00387-OP-01,TABLET-WO-00387,1,SET1,1,OPER001,P023|P023,mapped
TABLET-WO-00388-OP-01,TABLET-WO-00388,1,SET1,1,OPER001,P023|P023,mapped
TABLET-WO-00389-OP-01,TABLET-WO-00389,1,SET1,1,OPER001,P023|P023,mapped
TABLET-WO-00390-OP-01,TABLET-WO-00390,1,SET1,1,OPER001,P023|P023,mapped
TABLET-WO-00391-OP-01,TABLET-WO-00391,1,SET1,1,OPER001,P023|P023,mapped
TABLET-WO-00392-OP-01,TABLET-WO-00392,1,SET1,1,OPER001,P023|P023,mapped
TABLET-WO-00393-OP-01,TABLET-WO-00393,1,SET1,1,OPER001,P023|P023,mapped
TABLET-WO-00394-OP-01,TABLET-WO-00394,1,SET1,1,OPER001,P023|P023,mapped
TABLET-WO-00395-OP-01,TABLET-WO-00395,1,SET1,1,OPER001,P023|P023,mapped
TABLET-WO-00396-OP-01,TABLET-WO-00396,1,SET1,1,OPER001,P023|P023,mapped
TABLET-WO-00397-OP-01,TABLET-WO-00397,1,SET1,2,OPER001,P023|P023,mapped
TABLET-WO-00398-OP-01,TABLET-WO-00398,1,SET1,2,OPER001,P023|P023,mapped
TABLET-WO-00399-OP-01,TABLET-WO-00399,1,SET1,2,OPER001,P023|P023,mapped
TABLET-WO-00400-OP-01,TABLET-WO-00400,1,SET1,2,OPER001,P023|P023,mapped
TABLET-WO-00401-OP-01,TABLET-WO-00401,1,SET1,2,OPER001,P023|P023,mapped
TABLET-WO-00402-OP-01,TABLET-WO-00402,1,SET1,1,OPER001,P023|P023,mapped
TABLET-WO-00403-OP-01,TABLET-WO-00403,1,SET1,1,OPER001,P023|P023,mapped
TABLET-WO-00404-OP-01,TABLET-WO-00404,1,SET1,1,OPER001,P023|P023,mapped
TABLET-WO-00405-OP-01,TABLET-WO-00405,1,SET1,1,OPER001,P023|P023,mapped
TABLET-WO-00406-OP-01,TABLET-WO-00406,1,SET1,1,OPER001,P023|P023,mapped
TABLET-WO-00407-OP-01,TABLET-WO-00407,1,SET1,1,OPER001,P023|P023,mapped
TABLET-WO-00408-OP-01,TABLET-WO-00408,1,SET1,1,OPER001,P023|P023,mapped
TABLET-WO-00409-OP-01,TABLET-WO-00409,1,SET1,1,OPER001,P023|P023,mapped
TABLET-WO-00410-OP-01,TABLET-WO-00410,1,SET1,3,OPER001,P023|P023,mapped
TABLET-WO-00411-OP-01,TABLET-WO-00411,1,SET1,5,OPER001,P023|P023,mapped
TABLET-WO-00412-OP-01,TABLET-WO-00412,1,SET1,4,OPER001,P023|P023,mapped
TABLET-WO-00413-OP-01,TABLET-WO-00413,1,SET1,4,OPER001,P023|P023,mapped
TABLET-WO-00414-OP-01,TABLET-WO-00414,1,SET1,1,OPER001,P023|P023,mapped
TABLET-WO-00415-OP-01,TABLET-WO-00415,1,SET1,1,OPER001,P023|P023,mapped
TABLET-WO-00416-OP-01,TABLET-WO-00416,1,SET1,1,OPER001,P023|P023,mapped
TABLET-WO-00417-OP-01,TABLET-WO-00417,1,SET1,1,OPER001,P023|P023,mapped
TABLET-WO-00418-OP-01,TABLET-WO-00418,1,SET1,1,OPER001,P023|P023,mapped
TABLET-WO-00419-OP-01,TABLET-WO-00419,1,SET1,1,OPER001,P023|P023,mapped
TABLET-WO-00420-OP-01,TABLET-WO-00420,1,SET1,1,OPER001,P023|P023,mapped
TABLET-WO-00421-OP-01,TABLET-WO-00421,1,SET1,1,OPER001,P023|P023,mapped
TABLET-WO-00422-OP-01,TABLET-WO-00422,1,SET1,1,OPER001,P023|P023,mapped
TABLET-WO-00423-OP-01,TABLET-WO-00423,1,SET1,4,OPER001,P023|P023,mapped
TABLET-WO-00424-OP-01,TABLET-WO-00424,1,SET1,4,OPER001,P023|P023,mapped
TABLET-WO-00425-OP-01,TABLET-WO-00425,1,SET1,4,OPER001,P023|P023,mapped
TABLET-WO-00426-OP-01,TABLET-WO-00426,1,SET1,5,OPER001,P023|P023,mapped
TABLET-WO-00427-OP-01,TABLET-WO-00427,1,SET1,3,OPER001,P023|P023,mapped
TABLET-WO-00428-OP-01,TABLET-WO-00428,1,SET1,1,OPER001,P023|P023,mapped
TABLET-WO-00429-OP-01,TABLET-WO-00429,1,SET1,1,OPER001,P023|P023,mapped
TABLET-WO-00430-OP-01,TABLET-WO-00430,1,SET1,1,OPER001,P023|P023,mapped
TABLET-WO-00431-OP-01,TABLET-WO-00431,1,SET1,1,OPER001,P023|P023,mapped
TABLET-WO-00432-OP-01,TABLET-WO-00432,1,SET1,1,OPER001,P023|P023,mapped
TABLET-WO-00433-OP-01,TABLET-WO-00433,1,SET1,1,OPER001,P023|P023,mapped
TABLET-WO-00434-OP-01,TABLET-WO-00434,1,SET1,1,OPER001,P023|P023,mapped
TABLET-WO-00435-OP-01,TABLET-WO-00435,1,SET1,1,OPER001,P023|P023,mapped
TABLET-WO-00436-OP-01,TABLET-WO-00436,1,SET1,1,OPER001,P023|P023,mapped
TABLET-WO-00437-OP-01,TABLET-WO-00437,1,SET1,1,OPER001,P023|P023,mapped
TABLET-WO-00438-OP-01,TABLET-WO-00438,1,SET1,1,OPER001,P023|P023,mapped
TABLET-WO-00439-OP-01,TABLET-WO-00439,1,SET1,1,OPER001,P023|P023,mapped
TABLET-WO-00440-OP-01,TABLET-WO-00440,1,SET1,1,OPER001,P023|P023,mapped
TABLET-WO-00441-OP-01,TABLET-WO-00441,1,SET1,1,OPER001,P023|P023,mapped
TABLET-WO-00442-OP-01,TABLET-WO-00442,1,SET1,1,OPER001,P023|P023,mapped
TABLET-WO-00443-OP-01,TABLET-WO-00443,1,SET1,1,OPER001,P023|P023,mapped
TABLET-WO-00444-OP-01,TABLET-WO-00444,1,SET1,1,OPER001,P023|P023,mapped
TABLET-WO-00445-OP-01,TABLET-WO-00445,1,SET3,4,OPER003,P041,mapped
TABLET-WO-00446-OP-01,TABLET-WO-00446,1,SET3,1,OPER003,P041,mapped
TABLET-WO-00447-OP-01,TABLET-WO-00447,1,SET3,4,OPER003,P041,mapped
TABLET-WO-00448-OP-01,TABLET-WO-00448,1,SET3,6,OPER003,P041,mapped
TABLET-WO-00449-OP-01,TABLET-WO-00449,1,SET3,5,OPER003,P041,mapped
TABLET-WO-00450-OP-01,TABLET-WO-00450,1,SET3,9,OPER003,P041,mapped
TABLET-WO-00451-OP-01,TABLET-WO-00451,1,SET3,5,OPER003,P041,mapped
TABLET-WO-00452-OP-01,TABLET-WO-00452,1,SET3,9,OPER003,P041,mapped
TABLET-WO-00453-OP-01,TABLET-WO-00453,1,SET3,8,OPER003,P041,mapped
TABLET-WO-00454-OP-01,TABLET-WO-00454,1,SET3,4,OPER003,P041,mapped
TABLET-WO-00455-OP-01,TABLET-WO-00455,1,SET3,3,OPER003,P041,mapped
TABLET-WO-00456-OP-01,TABLET-WO-00456,1,SET3,3,OPER003,P041,mapped
TABLET-WO-00457-OP-01,TABLET-WO-00457,1,SET3,3,OPER003,P041,mapped
TABLET-WO-00458-OP-01,TABLET-WO-00458,1,SET3,3,OPER003,P041,mapped
TABLET-WO-00459-OP-01,TABLET-WO-00459,1,SET3,5,OPER003,P041,mapped
TABLET-WO-00460-OP-01,TABLET-WO-00460,1,SET3,4,OPER003,P041,mapped
TABLET-WO-00461-OP-01,TABLET-WO-00461,1,SET3,4,OPER003,P041,mapped
TABLET-WO-00462-OP-01,TABLET-WO-00462,1,SET3,5,OPER003,P041,mapped
TABLET-WO-00463-OP-01,TABLET-WO-00463,1,SET3,4,OPER003,P041,mapped
TABLET-WO-00464-OP-01,TABLET-WO-00464,1,SET3,5,OPER003,P041,mapped
TABLET-WO-00465-OP-01,TABLET-WO-00465,1,SET3,4,OPER003,P041,mapped
TABLET-WO-00466-OP-01,TABLET-WO-00466,1,SET3,5,OPER003,P041,mapped
TABLET-WO-00467-OP-01,TABLET-WO-00467,1,SET3,6,OPER003,P041,mapped
TABLET-WO-00468-OP-01,TABLET-WO-00468,1,SET3,6,OPER003,P041,mapped
TABLET-WO-00469-OP-01,TABLET-WO-00469,1,SET3,7,OPER003,P041,mapped
TABLET-WO-00470-OP-01,TABLET-WO-00470,1,SET3,7,OPER003,P041,mapped
TABLET-WO-00471-OP-01,TABLET-WO-00471,1,SET3,9,OPER003,P041,mapped
TABLET-WO-00472-OP-01,TABLET-WO-00472,1,SET3,7,OPER003,P041,mapped
TABLET-WO-00473-OP-01,TABLET-WO-00473,1,SET3,6,OPER003,P041,mapped
TABLET-WO-00474-OP-01,TABLET-WO-00474,1,SET3,6,OPER003,P041,mapped
TABLET-WO-00475-OP-01,TABLET-WO-00475,1,SET3,5,OPER003,P041,mapped
TABLET-WO-00476-OP-01,TABLET-WO-00476,1,SET3,5,OPER003,P041,mapped
TABLET-WO-00477-OP-01,TABLET-WO-00477,1,SET3,4,OPER003,P041,mapped
TABLET-WO-00478-OP-01,TABLET-WO-00478,1,SET3,4,OPER003,P041,mapped
TABLET-WO-00479-OP-01,TABLET-WO-00479,1,SET3,4,OPER003,P041,mapped
TABLET-WO-00480-OP-01,TABLET-WO-00480,1,SET3,2,OPER003,P041,mapped
TABLET-WO-00481-OP-01,TABLET-WO-00481,1,SET3,4,OPER003,P041,mapped
TABLET-WO-00482-OP-01,TABLET-WO-00482,1,SET3,3,OPER003,P041,mapped
TABLET-WO-00483-OP-01,TABLET-WO-00483,1,SET3,4,OPER003,P041,mapped
TABLET-WO-00484-OP-01,TABLET-WO-00484,1,SET3,4,OPER003,P041,mapped
TABLET-WO-00485-OP-01,TABLET-WO-00485,1,SET3,6,OPER003,P041,mapped
TABLET-WO-00486-OP-01,TABLET-WO-00486,1,SET3,6,OPER003,P041,mapped
TABLET-WO-00487-OP-01,TABLET-WO-00487,1,SET3,4,OPER003,P041,mapped
TABLET-WO-00488-OP-01,TABLET-WO-00488,1,SET3,6,OPER003,P041,mapped
TABLET-WO-00489-OP-01,TABLET-WO-00489,1,SET3,8,OPER003,P041,mapped
TABLET-WO-00490-OP-01,TABLET-WO-00490,1,SET3,8,OPER003,P041,mapped
TABLET-WO-00491-OP-01,TABLET-WO-00491,1,SET3,9,OPER003,P041,mapped
TABLET-WO-00492-OP-01,TABLET-WO-00492,1,SET3,12,OPER003,P041,mapped
TABLET-WO-00493-OP-01,TABLET-WO-00493,1,SET3,14,OPER003,P041,mapped
TABLET-WO-00494-OP-01,TABLET-WO-00494,1,SET3,8,OPER003,P041,mapped
TABLET-WO-00495-OP-01,TABLET-WO-00495,1,SET3,8,OPER003,P041,mapped
TABLET-WO-00496-OP-01,TABLET-WO-00496,1,SET3,14,OPER003,P041,mapped
TABLET-WO-00497-OP-01,TABLET-WO-00497,1,SET3,13,OPER003,P041,mapped
TABLET-WO-00498-OP-01,TABLET-WO-00498,1,SET3,7,OPER003,P041,mapped
TABLET-WO-00499-OP-01,TABLET-WO-00499,1,SET3,7,OPER003,P041,mapped
TABLET-WO-00500-OP-01,TABLET-WO-00500,1,SET3,5,OPER003,P041,mapped
TABLET-WO-00501-OP-01,TABLET-WO-00501,1,SET3,8,OPER003,P041,mapped
TABLET-WO-00502-OP-01,TABLET-WO-00502,1,SET3,1,OPER003,P041,mapped
TABLET-WO-00503-OP-01,TABLET-WO-00503,1,SET3,7,OPER003,P041,mapped
TABLET-WO-00504-OP-01,TABLET-WO-00504,1,SET3,7,OPER003,P041,mapped
TABLET-WO-00505-OP-01,TABLET-WO-00505,1,SET3,1,OPER003,P041,mapped
TABLET-WO-00506-OP-01,TABLET-WO-00506,1,SET3,4,OPER003,P041,mapped
TABLET-WO-00507-OP-01,TABLET-WO-00507,1,SET3,3,OPER003,P041,mapped
TABLET-WO-00508-OP-01,TABLET-WO-00508,1,SET3,4,OPER003,P041,mapped
TABLET-WO-00509-OP-01,TABLET-WO-00509,1,SET3,3,OPER003,P041,mapped
TABLET-WO-00510-OP-01,TABLET-WO-00510,1,SET3,1,OPER003,P041,mapped
TABLET-WO-00511-OP-01,TABLET-WO-00511,1,SET3,3,OPER003,P041,mapped
TABLET-WO-00512-OP-01,TABLET-WO-00512,1,SET3,3,OPER003,P041,mapped
TABLET-WO-00513-OP-01,TABLET-WO-00513,1,SET3,3,OPER003,P041,mapped
TABLET-WO-00514-OP-01,TABLET-WO-00514,1,SET3,3,OPER003,P041,mapped
TABLET-WO-00515-OP-01,TABLET-WO-00515,1,SET3,1,OPER003,P041,mapped
TABLET-WO-00516-OP-01,TABLET-WO-00516,1,SET3,3,OPER003,P041,mapped
TABLET-WO-00517-OP-01,TABLET-WO-00517,1,SET3,3,OPER003,P041,mapped
TABLET-WO-00518-OP-01,TABLET-WO-00518,1,SET3,3,OPER003,P041,mapped
TABLET-WO-00519-OP-01,TABLET-WO-00519,1,SET3,3,OPER003,P041,mapped
TABLET-WO-00520-OP-01,TABLET-WO-00520,1,SET3,3,OPER003,P041,mapped
TABLET-WO-00521-OP-01,TABLET-WO-00521,1,SET3,1,OPER003,P041,mapped
TABLET-WO-00522-OP-01,TABLET-WO-00522,1,SET3,4,OPER003,P041,mapped
TABLET-WO-00523-OP-01,TABLET-WO-00523,1,SET3,15,OPER003,P041,mapped
TABLET-WO-00524-OP-01,TABLET-WO-00524,1,SET3,13,OPER003,P041,mapped
TABLET-WO-00525-OP-01,TABLET-WO-00525,1,SET3,11,OPER003,P041,mapped
TABLET-WO-00526-OP-01,TABLET-WO-00526,1,SET3,14,OPER003,P041,mapped
TABLET-WO-00527-OP-01,TABLET-WO-00527,1,SET3,12,OPER003,P041,mapped
TABLET-WO-00528-OP-01,TABLET-WO-00528,1,SET3,12,OPER003,P041,mapped
TABLET-WO-00529-OP-01,TABLET-WO-00529,1,SET3,12,OPER003,P041,mapped
TABLET-WO-00530-OP-01,TABLET-WO-00530,1,SET3,8,OPER003,P041,mapped
TABLET-WO-00531-OP-01,TABLET-WO-00531,1,SET3,1,OPER003,P041,mapped
TABLET-WO-00532-OP-01,TABLET-WO-00532,1,SET3,7,OPER003,P041,mapped
TABLET-WO-00533-OP-01,TABLET-WO-00533,1,SET3,9,OPER003,P041,mapped
TABLET-WO-00534-OP-01,TABLET-WO-00534,1,SET3,7,OPER003,P041,mapped
TABLET-WO-00535-OP-01,TABLET-WO-00535,1,SET3,11,OPER003,P041,mapped
TABLET-WO-00536-OP-01,TABLET-WO-00536,1,SET3,9,OPER003,P041,mapped
TABLET-WO-00537-OP-01,TABLET-WO-00537,1,SET3,11,OPER003,P041,mapped
TABLET-WO-00538-OP-01,TABLET-WO-00538,1,SET3,10,OPER003,P041,mapped
TABLET-WO-00539-OP-01,TABLET-WO-00539,1,SET3,1,OPER003,P041,mapped
TABLET-WO-00540-OP-01,TABLET-WO-00540,1,SET3,7,OPER003,P041,mapped
TABLET-WO-00541-OP-01,TABLET-WO-00541,1,SET3,8,OPER003,P041,mapped
TABLET-WO-00542-OP-01,TABLET-WO-00542,1,SET3,7,OPER003,P041,mapped
TABLET-WO-00543-OP-01,TABLET-WO-00543,1,SET3,7,OPER003,P041,mapped
TABLET-WO-00544-OP-01,TABLET-WO-00544,1,SET3,1,OPER003,P041,mapped
TABLET-WO-00545-OP-01,TABLET-WO-00545,1,SET3,9,OPER003,P041,mapped
TABLET-WO-00546-OP-01,TABLET-WO-00546,1,SET3,9,OPER003,P041,mapped
TABLET-WO-00547-OP-01,TABLET-WO-00547,1,SET3,9,OPER003,P041,mapped
TABLET-WO-00548-OP-01,TABLET-WO-00548,1,SET3,5,OPER003,P041,mapped
TABLET-WO-00549-OP-01,TABLET-WO-00549,1,SET3,7,OPER003,P041,mapped
TABLET-WO-00550-OP-01,TABLET-WO-00550,1,SET3,5,OPER003,P041,mapped
TABLET-WO-00551-OP-01,TABLET-WO-00551,1,SET3,1,OPER003,P041,mapped
TABLET-WO-00552-OP-01,TABLET-WO-00552,1,SET3,5,OPER003,P041,mapped
TABLET-WO-00553-OP-01,TABLET-WO-00553,1,SET3,5,OPER003,P041,mapped
TABLET-WO-00554-OP-01,TABLET-WO-00554,1,SET3,1,OPER003,P041,mapped
TABLET-WO-00555-OP-01,TABLET-WO-00555,1,SET3,6,OPER003,P041,mapped
TABLET-WO-00556-OP-01,TABLET-WO-00556,1,SET3,6,OPER003,P041,mapped
TABLET-WO-00557-OP-01,TABLET-WO-00557,1,SET3,6,OPER003,P041,mapped
TABLET-WO-00558-OP-01,TABLET-WO-00558,1,SET3,6,OPER003,P041,mapped
TABLET-WO-00559-OP-01,TABLET-WO-00559,1,SET3,1,OPER003,P041,mapped
TABLET-WO-00560-OP-01,TABLET-WO-00560,1,SET3,7,OPER003,P041,mapped
TABLET-WO-00561-OP-01,TABLET-WO-00561,1,SET3,8,OPER003,P041,mapped
TABLET-WO-00562-OP-01,TABLET-WO-00562,1,SET3,8,OPER003,P041,mapped
TABLET-WO-00563-OP-01,TABLET-WO-00563,1,SET3,7,OPER003,P041,mapped
TABLET-WO-00564-OP-01,TABLET-WO-00564,1,SET3,8,OPER003,P041,mapped
TABLET-WO-00565-OP-01,TABLET-WO-00565,1,SET3,8,OPER003,P041,mapped
TABLET-WO-00566-OP-01,TABLET-WO-00566,1,SET3,9,OPER003,P041,mapped
TABLET-WO-00567-OP-01,TABLET-WO-00567,1,SET3,9,OPER003,P041,mapped
TABLET-WO-00568-OP-01,TABLET-WO-00568,1,SET3,9,OPER003,P041,mapped
TABLET-WO-00569-OP-01,TABLET-WO-00569,1,SET3,1,OPER003,P041,mapped
TABLET-WO-00570-OP-01,TABLET-WO-00570,1,SET3,1,OPER003,P041,mapped
TABLET-WO-00571-OP-01,TABLET-WO-00571,1,SET3,9,OPER003,P041,mapped
TABLET-WO-00572-OP-01,TABLET-WO-00572,1,SET3,6,OPER003,P041,mapped
TABLET-WO-00573-OP-01,TABLET-WO-00573,1,SET3,7,OPER003,P041,mapped
TABLET-WO-00574-OP-01,TABLET-WO-00574,1,SET3,6,OPER003,P041,mapped
TABLET-WO-00575-OP-01,TABLET-WO-00575,1,SET3,5,OPER003,P041,mapped
TABLET-WO-00576-OP-01,TABLET-WO-00576,1,SET3,5,OPER003,P041,mapped
TABLET-WO-00577-OP-01,TABLET-WO-00577,1,SET3,5,OPER003,P041,mapped
TABLET-WO-00578-OP-01,TABLET-WO-00578,1,SET3,5,OPER003,P041,mapped
TABLET-WO-00579-OP-01,TABLET-WO-00579,1,SET3,5,OPER003,P041,mapped
TABLET-WO-00580-OP-01,TABLET-WO-00580,1,SET3,4,OPER003,P041,mapped
TABLET-WO-00581-OP-01,TABLET-WO-00581,1,SET3,5,OPER003,P041,mapped
TABLET-WO-00582-OP-01,TABLET-WO-00582,1,SET3,1,OPER003,P041,mapped
TABLET-WO-00583-OP-01,TABLET-WO-00583,1,SET3,7,OPER003,P041,mapped
TABLET-WO-00584-OP-01,TABLET-WO-00584,1,SET3,4,OPER003,P041,mapped
TABLET-WO-00585-OP-01,TABLET-WO-00585,1,SET3,3,OPER003,P041,mapped
TABLET-WO-00586-OP-01,TABLET-WO-00586,1,SET3,4,OPER003,P041,mapped
TABLET-WO-00587-OP-01,TABLET-WO-00587,1,SET3,3,OPER003,P041,mapped
TABLET-WO-00588-OP-01,TABLET-WO-00588,1,SET3,1,OPER003,P041,mapped
TABLET-WO-00589-OP-01,TABLET-WO-00589,1,SET3,3,OPER003,P041,mapped
TABLET-WO-00590-OP-01,TABLET-WO-00590,1,SET3,3,OPER003,P041,mapped
TABLET-WO-00591-OP-01,TABLET-WO-00591,1,SET3,3,OPER003,P041,mapped
TABLET-WO-00592-OP-01,TABLET-WO-00592,1,SET3,3,OPER003,P041,mapped
TABLET-WO-00593-OP-01,TABLET-WO-00593,1,SET3,1,OPER003,P042,mapped
TABLET-WO-00594-OP-01,TABLET-WO-00594,1,SET3,1,OPER003,P042,mapped
TABLET-WO-00595-OP-01,TABLET-WO-00595,1,SET3,1,OPER003,P042,mapped
TABLET-WO-00596-OP-01,TABLET-WO-00596,1,SET3,1,OPER003,P042,mapped
TABLET-WO-00597-OP-01,TABLET-WO-00597,1,SET3,1,OPER003,P042,mapped
TABLET-WO-00598-OP-01,TABLET-WO-00598,1,SET3,1,OPER003,P042,mapped
TABLET-WO-00599-OP-01,TABLET-WO-00599,1,SET3,1,OPER003,P042,mapped
TABLET-WO-00600-OP-01,TABLET-WO-00600,1,SET3,1,OPER003,P042,mapped
TABLET-WO-00601-OP-01,TABLET-WO-00601,1,SET3,1,OPER003,P042,mapped
TABLET-WO-00602-OP-01,TABLET-WO-00602,1,SET3,1,OPER003,P042,mapped
TABLET-WO-00603-OP-01,TABLET-WO-00603,1,SET3,1,OPER003,P042,mapped
TABLET-WO-00604-OP-01,TABLET-WO-00604,1,SET3,1,OPER003,P042,mapped
TABLET-WO-00605-OP-01,TABLET-WO-00605,1,SET3,1,OPER003,P042,mapped
TABLET-WO-00606-OP-01,TABLET-WO-00606,1,SET3,1,OPER003,P042,mapped
TABLET-WO-00607-OP-01,TABLET-WO-00607,1,SET3,1,OPER003,P042,mapped
TABLET-WO-00608-OP-01,TABLET-WO-00608,1,SET3,1,OPER003,P042,mapped
TABLET-WO-00609-OP-01,TABLET-WO-00609,1,SET3,1,OPER003,P042,mapped
TABLET-WO-00610-OP-01,TABLET-WO-00610,1,SET3,1,OPER003,P042,mapped
TABLET-WO-00611-OP-01,TABLET-WO-00611,1,SET3,13,OPER003,P042,mapped
TABLET-WO-00612-OP-01,TABLET-WO-00612,1,SET3,14,OPER003,P042,mapped
TABLET-WO-00613-OP-01,TABLET-WO-00613,1,SET3,11,OPER003,P042,mapped
TABLET-WO-00614-OP-01,TABLET-WO-00614,1,SET3,1,OPER003,P042,mapped
TABLET-WO-00615-OP-01,TABLET-WO-00615,1,SET3,1,OPER003,P042,mapped
TABLET-WO-00616-OP-01,TABLET-WO-00616,1,SET3,1,OPER003,P042,mapped
TABLET-WO-00617-OP-01,TABLET-WO-00617,1,SET3,1,OPER003,P042,mapped
TABLET-WO-00618-OP-01,TABLET-WO-00618,1,SET3,1,OPER003,P042,mapped
TABLET-WO-00619-OP-01,TABLET-WO-00619,1,SET3,12,OPER003,P042,mapped
TABLET-WO-00620-OP-01,TABLET-WO-00620,1,SET3,10,OPER003,P042,mapped
TABLET-WO-00621-OP-01,TABLET-WO-00621,1,SET3,11,OPER003,P042,mapped
TABLET-WO-00622-OP-01,TABLET-WO-00622,1,SET3,8,OPER003,P042,mapped
TABLET-WO-00623-OP-01,TABLET-WO-00623,1,SET3,1,OPER003,P042,mapped
TABLET-WO-00624-OP-01,TABLET-WO-00624,1,SET3,1,OPER003,P042,mapped
TABLET-WO-00625-OP-01,TABLET-WO-00625,1,SET3,1,OPER003,P042,mapped
TABLET-WO-00626-OP-01,TABLET-WO-00626,1,SET3,1,OPER003,P042,mapped
TABLET-WO-00627-OP-01,TABLET-WO-00627,1,SET3,1,OPER003,P042,mapped
TABLET-WO-00628-OP-01,TABLET-WO-00628,1,SET3,3,OPER003,P042,mapped
TABLET-WO-00629-OP-01,TABLET-WO-00629,1,SET3,2,OPER003,P042,mapped
TABLET-WO-00630-OP-01,TABLET-WO-00630,1,SET3,2,OPER003,P042,mapped
TABLET-WO-00631-OP-01,TABLET-WO-00631,1,SET3,2,OPER003,P042,mapped
TABLET-WO-00632-OP-01,TABLET-WO-00632,1,SET3,2,OPER003,P042,mapped
TABLET-WO-00633-OP-01,TABLET-WO-00633,1,SET3,2,OPER003,P042,mapped
TABLET-WO-00634-OP-01,TABLET-WO-00634,1,SET3,2,OPER003,P042,mapped
TABLET-WO-00635-OP-01,TABLET-WO-00635,1,SET3,1,OPER003,P042,mapped
TABLET-WO-00636-OP-01,TABLET-WO-00636,1,SET3,2,OPER003,P042,mapped
TABLET-WO-00637-OP-01,TABLET-WO-00637,1,SET3,1,OPER003,P042,mapped
TABLET-WO-00638-OP-01,TABLET-WO-00638,1,SET3,1,OPER003,P042,mapped
TABLET-WO-00639-OP-01,TABLET-WO-00639,1,SET3,1,OPER003,P042,mapped
TABLET-WO-00640-OP-01,TABLET-WO-00640,1,SET3,1,OPER003,P042,mapped
TABLET-WO-00641-OP-01,TABLET-WO-00641,1,SET3,15,OPER003,P042,mapped
TABLET-WO-00642-OP-01,TABLET-WO-00642,1,SET3,17,OPER003,P042,mapped
TABLET-WO-00643-OP-01,TABLET-WO-00643,1,SET3,12,OPER003,P042,mapped
TABLET-WO-00644-OP-01,TABLET-WO-00644,1,SET3,16,OPER003,P042,mapped
TABLET-WO-00645-OP-01,TABLET-WO-00645,1,SET3,14,OPER003,P042,mapped
TABLET-WO-00646-OP-01,TABLET-WO-00646,1,SET3,4,OPER003,P042,mapped
TABLET-WO-00647-OP-01,TABLET-WO-00647,1,SET3,3,OPER003,P042,mapped
TABLET-WO-00648-OP-01,TABLET-WO-00648,1,SET3,3,OPER003,P042,mapped
TABLET-WO-00649-OP-01,TABLET-WO-00649,1,SET3,3,OPER003,P042,mapped
TABLET-WO-00650-OP-01,TABLET-WO-00650,1,SET3,1,OPER003,P042,mapped
TABLET-WO-00651-OP-01,TABLET-WO-00651,1,SET3,1,OPER003,P042,mapped
TABLET-WO-00652-OP-01,TABLET-WO-00652,1,SET3,1,OPER003,P042,mapped
TABLET-WO-00653-OP-01,TABLET-WO-00653,1,SET3,1,OPER003,P042,mapped
TABLET-WO-00654-OP-01,TABLET-WO-00654,1,SET3,7,OPER003,P042,mapped
TABLET-WO-00655-OP-01,TABLET-WO-00655,1,SET3,6,OPER003,P042,mapped
TABLET-WO-00656-OP-01,TABLET-WO-00656,1,SET3,6,OPER003,P042,mapped
TABLET-WO-00657-OP-01,TABLET-WO-00657,1,SET3,1,OPER003,P042,mapped
TABLET-WO-00658-OP-01,TABLET-WO-00658,1,SET3,5,OPER003,P042,mapped
TABLET-WO-00659-OP-01,TABLET-WO-00659,1,SET3,4,OPER003,P042,mapped
TABLET-WO-00660-OP-01,TABLET-WO-00660,1,SET3,4,OPER003,P042,mapped
TABLET-WO-00661-OP-01,TABLET-WO-00661,1,SET3,6,OPER003,P042,mapped
TABLET-WO-00662-OP-01,TABLET-WO-00662,1,SET3,4,OPER003,P042,mapped
TABLET-WO-00663-OP-01,TABLET-WO-00663,1,SET3,1,OPER003,P042,mapped
TABLET-WO-00664-OP-01,TABLET-WO-00664,1,SET3,1,OPER003,P042,mapped
TABLET-WO-00665-OP-01,TABLET-WO-00665,1,SET3,1,OPER003,P042,mapped
TABLET-WO-00666-OP-01,TABLET-WO-00666,1,SET3,1,OPER003,P042,mapped
TABLET-WO-00667-OP-01,TABLET-WO-00667,1,SET3,9,OPER003,P042,mapped
TABLET-WO-00668-OP-01,TABLET-WO-00668,1,SET3,13,OPER003,P042,mapped
TABLET-WO-00669-OP-01,TABLET-WO-00669,1,SET3,15,OPER003,P042,mapped
TABLET-WO-00670-OP-01,TABLET-WO-00670,1,SET3,1,OPER003,P042,mapped
TABLET-WO-00671-OP-01,TABLET-WO-00671,1,SET3,5,OPER003,P042,mapped
TABLET-WO-00672-OP-01,TABLET-WO-00672,1,SET3,3,OPER003,P042,mapped
TABLET-WO-00673-OP-01,TABLET-WO-00673,1,SET3,4,OPER003,P042,mapped
TABLET-WO-00674-OP-01,TABLET-WO-00674,1,SET3,3,OPER003,P042,mapped
TABLET-WO-00675-OP-01,TABLET-WO-00675,1,SET3,1,OPER003,P042,mapped
TABLET-WO-00676-OP-01,TABLET-WO-00676,1,SET3,1,OPER003,P042,mapped
TABLET-WO-00677-OP-01,TABLET-WO-00677,1,SET3,1,OPER003,P042,mapped
TABLET-WO-00678-OP-01,TABLET-WO-00678,1,SET3,1,OPER003,P042,mapped
TABLET-WO-00679-OP-01,TABLET-WO-00679,1,SET3,1,OPER003,P042,mapped
TABLET-WO-00680-OP-01,TABLET-WO-00680,1,SET3,5,OPER003,P042,mapped
TABLET-WO-00681-OP-01,TABLET-WO-00681,1,SET3,4,OPER003,P042,mapped
TABLET-WO-00682-OP-01,TABLET-WO-00682,1,SET3,5,OPER003,P042,mapped
TABLET-WO-00683-OP-01,TABLET-WO-00683,1,SET3,4,OPER003,P042,mapped
TABLET-WO-00684-OP-01,TABLET-WO-00684,1,SET3,4,OPER003,P042,mapped
TABLET-WO-00685-OP-01,TABLET-WO-00685,1,SET3,2,OPER003,P042,mapped
TABLET-WO-00686-OP-01,TABLET-WO-00686,1,SET3,2,OPER003,P042,mapped
TABLET-WO-00687-OP-01,TABLET-WO-00687,1,SET3,2,OPER003,P042,mapped
TABLET-WO-00688-OP-01,TABLET-WO-00688,1,SET3,2,OPER003,P042,mapped
TABLET-WO-00689-OP-01,TABLET-WO-00689,1,SET3,1,OPER003,P042,mapped
TABLET-WO-00690-OP-01,TABLET-WO-00690,1,SET3,1,OPER003,P042,mapped
TABLET-WO-00691-OP-01,TABLET-WO-00691,1,SET3,1,OPER003,P042,mapped
TABLET-WO-00692-OP-01,TABLET-WO-00692,1,SET3,1,OPER003,P042,mapped
TABLET-WO-00693-OP-01,TABLET-WO-00693,1,SET3,5,OPER003,P042,mapped
TABLET-WO-00694-OP-01,TABLET-WO-00694,1,SET3,3,OPER003,P042,mapped
TABLET-WO-00695-OP-01,TABLET-WO-00695,1,SET3,5,OPER003,P042,mapped
TABLET-WO-00696-OP-01,TABLET-WO-00696,1,SET3,6,OPER003,P042,mapped
TABLET-WO-00697-OP-01,TABLET-WO-00697,1,SET3,4,OPER003,P042,mapped
TABLET-WO-00698-OP-01,TABLET-WO-00698,1,SET3,3,OPER003,P042,mapped
TABLET-WO-00699-OP-01,TABLET-WO-00699,1,SET3,4,OPER003,P042,mapped
TABLET-WO-00700-OP-01,TABLET-WO-00700,1,SET3,5,OPER003,P042,mapped
TABLET-WO-00701-OP-01,TABLET-WO-00701,1,SET3,3,OPER003,P042,mapped
TABLET-WO-00702-OP-01,TABLET-WO-00702,1,SET3,1,OPER003,P042,mapped
TABLET-WO-00703-OP-01,TABLET-WO-00703,1,SET3,1,OPER003,P042,mapped
TABLET-WO-00704-OP-01,TABLET-WO-00704,1,SET3,1,OPER003,P042,mapped
TABLET-WO-00705-OP-01,TABLET-WO-00705,1,SET3,1,OPER003,P042,mapped
TABLET-WO-00706-OP-01,TABLET-WO-00706,1,SET3,12,OPER003,P042,mapped
TABLET-WO-00707-OP-01,TABLET-WO-00707,1,SET3,10,OPER003,P042,mapped
TABLET-WO-00708-OP-01,TABLET-WO-00708,1,SET3,13,OPER003,P042,mapped
TABLET-WO-00709-OP-01,TABLET-WO-00709,1,SET3,10,OPER003,P042,mapped
TABLET-WO-00710-OP-01,TABLET-WO-00710,1,SET3,13,OPER003,P042,mapped
TABLET-WO-00711-OP-01,TABLET-WO-00711,1,SET3,1,OPER003,P042,mapped
TABLET-WO-00712-OP-01,TABLET-WO-00712,1,SET3,1,OPER003,P042,mapped
TABLET-WO-00713-OP-01,TABLET-WO-00713,1,SET3,1,OPER003,P042,mapped
TABLET-WO-00714-OP-01,TABLET-WO-00714,1,SET3,1,OPER003,P042,mapped
TABLET-WO-00715-OP-01,TABLET-WO-00715,1,SET3,3,OPER003,P042,mapped
TABLET-WO-00716-OP-01,TABLET-WO-00716,1,SET3,3,OPER003,P042,mapped
TABLET-WO-00717-OP-01,TABLET-WO-00717,1,SET3,3,OPER003,P042,mapped
TABLET-WO-00718-OP-01,TABLET-WO-00718,1,SET3,5,OPER003,P042,mapped
TABLET-WO-00719-OP-01,TABLET-WO-00719,1,SET3,8,OPER003,P042,mapped
TABLET-WO-00720-OP-01,TABLET-WO-00720,1,SET3,7,OPER003,P042,mapped
TABLET-WO-00721-OP-01,TABLET-WO-00721,1,SET3,5,OPER003,P042,mapped
TABLET-WO-00722-OP-01,TABLET-WO-00722,1,SET3,5,OPER003,P042,mapped
TABLET-WO-00723-OP-01,TABLET-WO-00723,1,SET3,5,OPER003,P042,mapped
TABLET-WO-00724-OP-01,TABLET-WO-00724,1,SET3,1,OPER003,P042,mapped
TABLET-WO-00725-OP-01,TABLET-WO-00725,1,SET3,1,OPER003,P042,mapped
TABLET-WO-00726-OP-01,TABLET-WO-00726,1,SET3,1,OPER003,P042,mapped
TABLET-WO-00727-OP-01,TABLET-WO-00727,1,SET3,1,OPER003,P042,mapped
TABLET-WO-00728-OP-01,TABLET-WO-00728,1,SET3,2,OPER003,P042,mapped
TABLET-WO-00729-OP-01,TABLET-WO-00729,1,SET3,2,OPER003,P042,mapped
TABLET-WO-00730-OP-01,TABLET-WO-00730,1,SET3,3,OPER003,P042,mapped
TABLET-WO-00731-OP-01,TABLET-WO-00731,1,SET3,3,OPER003,P042,mapped
TABLET-WO-00732-OP-01,TABLET-WO-00732,1,SET3,3,OPER003,P042,mapped
TABLET-WO-00733-OP-01,TABLET-WO-00733,1,SET3,5,OPER003,P042,mapped
TABLET-WO-00734-OP-01,TABLET-WO-00734,1,SET3,4,OPER003,P042,mapped
TABLET-WO-00735-OP-01,TABLET-WO-00735,1,SET3,4,OPER003,P042,mapped
TABLET-WO-00736-OP-01,TABLET-WO-00736,1,SET3,1,OPER003,P042,mapped
TABLET-WO-00737-OP-01,TABLET-WO-00737,1,SET3,1,OPER003,P042,mapped
TABLET-WO-00738-OP-01,TABLET-WO-00738,1,SET3,1,OPER003,P042,mapped
TABLET-WO-00739-OP-01,TABLET-WO-00739,1,SET3,1,OPER003,P042,mapped
TABLET-WO-00740-OP-01,TABLET-WO-00740,1,SET3,1,OPER003,P042,mapped
TABLET-WO-00741-OP-01,TABLET-WO-00741,1,SET3,1,OPER003,P043,mapped
TABLET-WO-00742-OP-01,TABLET-WO-00742,1,SET3,1,OPER003,P043,mapped
TABLET-WO-00743-OP-01,TABLET-WO-00743,1,SET3,1,OPER003,P043,mapped
TABLET-WO-00744-OP-01,TABLET-WO-00744,1,SET3,1,OPER003,P043,mapped
TABLET-WO-00745-OP-01,TABLET-WO-00745,1,SET3,15,OPER003,P043,mapped
TABLET-WO-00746-OP-01,TABLET-WO-00746,1,SET3,1,OPER003,P043,mapped
TABLET-WO-00747-OP-01,TABLET-WO-00747,1,SET3,9,OPER003,P043,mapped
TABLET-WO-00748-OP-01,TABLET-WO-00748,1,SET3,13,OPER003,P043,mapped
TABLET-WO-00749-OP-01,TABLET-WO-00749,1,SET3,17,OPER003,P043,mapped
TABLET-WO-00750-OP-01,TABLET-WO-00750,1,SET3,1,OPER003,P043,mapped
TABLET-WO-00751-OP-01,TABLET-WO-00751,1,SET3,1,OPER003,P043,mapped
TABLET-WO-00752-OP-01,TABLET-WO-00752,1,SET3,1,OPER003,P043,mapped
TABLET-WO-00753-OP-01,TABLET-WO-00753,1,SET3,1,OPER003,P043,mapped
TABLET-WO-00754-OP-01,TABLET-WO-00754,1,SET3,1,OPER003,P043,mapped
TABLET-WO-00755-OP-01,TABLET-WO-00755,1,SET3,1,OPER003,P043,mapped
TABLET-WO-00756-OP-01,TABLET-WO-00756,1,SET3,1,OPER003,P043,mapped
TABLET-WO-00757-OP-01,TABLET-WO-00757,1,SET3,1,OPER003,P043,mapped
TABLET-WO-00758-OP-01,TABLET-WO-00758,1,SET3,1,OPER003,P043,mapped
TABLET-WO-00759-OP-01,TABLET-WO-00759,1,SET3,1,OPER003,P043,mapped
TABLET-WO-00760-OP-01,TABLET-WO-00760,1,SET3,1,OPER003,P043,mapped
TABLET-WO-00761-OP-01,TABLET-WO-00761,1,SET3,1,OPER003,P043,mapped
TABLET-WO-00762-OP-01,TABLET-WO-00762,1,SET3,1,OPER003,P043,mapped
TABLET-WO-00763-OP-01,TABLET-WO-00763,1,SET3,1,OPER003,P043,mapped
TABLET-WO-00764-OP-01,TABLET-WO-00764,1,SET3,1,OPER003,P043,mapped
TABLET-WO-00765-OP-01,TABLET-WO-00765,1,SET3,1,OPER003,P043,mapped
TABLET-WO-00766-OP-01,TABLET-WO-00766,1,SET3,1,OPER003,P043,mapped
TABLET-WO-00767-OP-01,TABLET-WO-00767,1,SET3,1,OPER003,P043,mapped
TABLET-WO-00768-OP-01,TABLET-WO-00768,1,SET3,1,OPER003,P043,mapped
TABLET-WO-00769-OP-01,TABLET-WO-00769,1,SET3,1,OPER003,P043,mapped
TABLET-WO-00770-OP-01,TABLET-WO-00770,1,SET3,1,OPER003,P043,mapped
TABLET-WO-00771-OP-01,TABLET-WO-00771,1,SET3,12,OPER003,P043,mapped
TABLET-WO-00772-OP-01,TABLET-WO-00772,1,SET3,15,OPER003,P043,mapped
TABLET-WO-00773-OP-01,TABLET-WO-00773,1,SET3,14,OPER003,P043,mapped
TABLET-WO-00774-OP-01,TABLET-WO-00774,1,SET3,10,OPER003,P043,mapped
TABLET-WO-00775-OP-01,TABLET-WO-00775,1,SET3,11,OPER003,P043,mapped
TABLET-WO-00776-OP-01,TABLET-WO-00776,1,SET3,11,OPER003,P043,mapped
TABLET-WO-00777-OP-01,TABLET-WO-00777,1,SET3,1,OPER003,P043,mapped
TABLET-WO-00778-OP-01,TABLET-WO-00778,1,SET3,1,OPER003,P043,mapped
TABLET-WO-00779-OP-01,TABLET-WO-00779,1,SET3,1,OPER003,P043,mapped
TABLET-WO-00780-OP-01,TABLET-WO-00780,1,SET3,1,OPER003,P043,mapped
TABLET-WO-00781-OP-01,TABLET-WO-00781,1,SET3,1,OPER003,P043,mapped
TABLET-WO-00782-OP-01,TABLET-WO-00782,1,SET3,1,OPER003,P043,mapped
TABLET-WO-00783-OP-01,TABLET-WO-00783,1,SET3,1,OPER003,P043,mapped
TABLET-WO-00784-OP-01,TABLET-WO-00784,1,SET3,1,OPER003,P043,mapped
TABLET-WO-00785-OP-01,TABLET-WO-00785,1,SET3,1,OPER003,P043,mapped
TABLET-WO-00786-OP-01,TABLET-WO-00786,1,SET3,1,OPER003,P043,mapped
TABLET-WO-00787-OP-01,TABLET-WO-00787,1,SET3,1,OPER003,P043,mapped
TABLET-WO-00788-OP-01,TABLET-WO-00788,1,SET3,1,OPER003,P043,mapped
TABLET-WO-00789-OP-01,TABLET-WO-00789,1,SET3,1,OPER003,P043,mapped
TABLET-WO-00790-OP-01,TABLET-WO-00790,1,SET3,1,OPER003,P043,mapped
TABLET-WO-00791-OP-01,TABLET-WO-00791,1,SET3,1,OPER003,P043,mapped
TABLET-WO-00792-OP-01,TABLET-WO-00792,1,SET3,1,OPER003,P043,mapped
TABLET-WO-00793-OP-01,TABLET-WO-00793,1,SET3,1,OPER003,P043,mapped
TABLET-WO-00794-OP-01,TABLET-WO-00794,1,SET3,1,OPER003,P043,mapped
TABLET-WO-00795-OP-01,TABLET-WO-00795,1,SET3,1,OPER003,P043,mapped
TABLET-WO-00796-OP-01,TABLET-WO-00796,1,SET3,1,OPER003,P043,mapped
TABLET-WO-00797-OP-01,TABLET-WO-00797,1,SET3,1,OPER003,P043,mapped
TABLET-WO-00798-OP-01,TABLET-WO-00798,1,SET3,1,OPER003,P043,mapped
TABLET-WO-00799-OP-01,TABLET-WO-00799,1,SET3,1,OPER003,P043,mapped
TABLET-WO-00800-OP-01,TABLET-WO-00800,1,SET3,1,OPER003,P043,mapped
TABLET-WO-00801-OP-01,TABLET-WO-00801,1,SET3,1,OPER003,P043,mapped
TABLET-WO-00802-OP-01,TABLET-WO-00802,1,SET3,13,OPER003,P043,mapped
TABLET-WO-00803-OP-01,TABLET-WO-00803,1,SET3,14,OPER003,P043,mapped
TABLET-WO-00804-OP-01,TABLET-WO-00804,1,SET3,12,OPER003,P043,mapped
TABLET-WO-00805-OP-01,TABLET-WO-00805,1,SET3,15,OPER003,P043,mapped
TABLET-WO-00806-OP-01,TABLET-WO-00806,1,SET3,1,OPER003,P043,mapped
TABLET-WO-00807-OP-01,TABLET-WO-00807,1,SET3,1,OPER003,P043,mapped
TABLET-WO-00808-OP-01,TABLET-WO-00808,1,SET3,1,OPER003,P043,mapped
TABLET-WO-00809-OP-01,TABLET-WO-00809,1,SET3,1,OPER003,P043,mapped
TABLET-WO-00810-OP-01,TABLET-WO-00810,1,SET3,1,OPER003,P043,mapped
TABLET-WO-00811-OP-01,TABLET-WO-00811,1,SET3,1,OPER003,P043,mapped
TABLET-WO-00812-OP-01,TABLET-WO-00812,1,SET3,1,OPER003,P043,mapped
TABLET-WO-00813-OP-01,TABLET-WO-00813,1,SET3,1,OPER003,P043,mapped
TABLET-WO-00814-OP-01,TABLET-WO-00814,1,SET3,1,OPER003,P043,mapped
TABLET-WO-00815-OP-01,TABLET-WO-00815,1,SET3,1,OPER003,P043,mapped
TABLET-WO-00816-OP-01,TABLET-WO-00816,1,SET3,1,OPER003,P043,mapped
TABLET-WO-00817-OP-01,TABLET-WO-00817,1,SET3,1,OPER003,P043,mapped
TABLET-WO-00818-OP-01,TABLET-WO-00818,1,SET3,1,OPER003,P043,mapped
TABLET-WO-00819-OP-01,TABLET-WO-00819,1,SET3,21,OPER003,P043,mapped
TABLET-WO-00820-OP-01,TABLET-WO-00820,1,SET3,21,OPER003,P043,mapped
TABLET-WO-00821-OP-01,TABLET-WO-00821,1,SET3,16,OPER003,P043,mapped
TABLET-WO-00822-OP-01,TABLET-WO-00822,1,SET3,1,OPER003,P043,mapped
TABLET-WO-00823-OP-01,TABLET-WO-00823,1,SET3,14,OPER003,P043,mapped
TABLET-WO-00824-OP-01,TABLET-WO-00824,1,SET3,1,OPER003,P043,mapped
TABLET-WO-00825-OP-01,TABLET-WO-00825,1,SET3,1,OPER003,P043,mapped
TABLET-WO-00826-OP-01,TABLET-WO-00826,1,SET3,1,OPER003,P043,mapped
TABLET-WO-00827-OP-01,TABLET-WO-00827,1,SET3,1,OPER003,P043,mapped
TABLET-WO-00828-OP-01,TABLET-WO-00828,1,SET3,3,OPER003,P043,mapped
TABLET-WO-00829-OP-01,TABLET-WO-00829,1,SET3,4,OPER003,P043,mapped
TABLET-WO-00830-OP-01,TABLET-WO-00830,1,SET3,3,OPER003,P043,mapped
TABLET-WO-00831-OP-01,TABLET-WO-00831,1,SET3,4,OPER003,P043,mapped
TABLET-WO-00832-OP-01,TABLET-WO-00832,1,SET3,4,OPER003,P043,mapped
TABLET-WO-00833-OP-01,TABLET-WO-00833,1,SET3,1,OPER003,P043,mapped
TABLET-WO-00834-OP-01,TABLET-WO-00834,1,SET3,1,OPER003,P043,mapped
TABLET-WO-00835-OP-01,TABLET-WO-00835,1,SET3,1,OPER003,P043,mapped
TABLET-WO-00836-OP-01,TABLET-WO-00836,1,SET3,1,OPER003,P043,mapped
TABLET-WO-00837-OP-01,TABLET-WO-00837,1,SET3,1,OPER003,P043,mapped
TABLET-WO-00838-OP-01,TABLET-WO-00838,1,SET3,1,OPER003,P043,mapped
TABLET-WO-00839-OP-01,TABLET-WO-00839,1,SET3,1,OPER003,P043,mapped
TABLET-WO-00840-OP-01,TABLET-WO-00840,1,SET3,1,OPER003,P043,mapped
TABLET-WO-00841-OP-01,TABLET-WO-00841,1,SET3,11,OPER003,P043,mapped
TABLET-WO-00842-OP-01,TABLET-WO-00842,1,SET3,15,OPER003,P043,mapped
TABLET-WO-00843-OP-01,TABLET-WO-00843,1,SET3,17,OPER003,P043,mapped
TABLET-WO-00844-OP-01,TABLET-WO-00844,1,SET3,14,OPER003,P043,mapped
TABLET-WO-00845-OP-01,TABLET-WO-00845,1,SET3,15,OPER003,P043,mapped
TABLET-WO-00846-OP-01,TABLET-WO-00846,1,SET3,8,OPER003,P043,mapped
TABLET-WO-00847-OP-01,TABLET-WO-00847,1,SET3,8,OPER003,P043,mapped
TABLET-WO-00848-OP-01,TABLET-WO-00848,1,SET3,10,OPER003,P043,mapped
TABLET-WO-00849-OP-01,TABLET-WO-00849,1,SET3,11,OPER003,P043,mapped
TABLET-WO-00850-OP-01,TABLET-WO-00850,1,SET3,1,OPER003,P043,mapped
TABLET-WO-00851-OP-01,TABLET-WO-00851,1,SET3,1,OPER003,P043,mapped
TABLET-WO-00852-OP-01,TABLET-WO-00852,1,SET3,1,OPER003,P043,mapped
TABLET-WO-00853-OP-01,TABLET-WO-00853,1,SET3,1,OPER003,P043,mapped
TABLET-WO-00854-OP-01,TABLET-WO-00854,1,SET3,17,OPER003,P043,mapped
TABLET-WO-00855-OP-01,TABLET-WO-00855,1,SET3,1,OPER003,P043,mapped
TABLET-WO-00856-OP-01,TABLET-WO-00856,1,SET3,15,OPER003,P043,mapped
TABLET-WO-00857-OP-01,TABLET-WO-00857,1,SET3,10,OPER003,P043,mapped
TABLET-WO-00858-OP-01,TABLET-WO-00858,1,SET3,13,OPER003,P043,mapped
TABLET-WO-00859-OP-01,TABLET-WO-00859,1,SET3,1,OPER003,P043,mapped
TABLET-WO-00860-OP-01,TABLET-WO-00860,1,SET3,1,OPER003,P043,mapped
TABLET-WO-00861-OP-01,TABLET-WO-00861,1,SET3,1,OPER003,P043,mapped
TABLET-WO-00862-OP-01,TABLET-WO-00862,1,SET3,1,OPER003,P043,mapped
TABLET-WO-00863-OP-01,TABLET-WO-00863,1,SET3,1,OPER003,P043,mapped
TABLET-WO-00864-OP-01,TABLET-WO-00864,1,SET3,11,OPER003,P043,mapped
TABLET-WO-00865-OP-01,TABLET-WO-00865,1,SET3,9,OPER003,P043,mapped
TABLET-WO-00866-OP-01,TABLET-WO-00866,1,SET3,15,OPER003,P043,mapped
TABLET-WO-00867-OP-01,TABLET-WO-00867,1,SET3,14,OPER003,P043,mapped
TABLET-WO-00868-OP-01,TABLET-WO-00868,1,SET3,11,OPER003,P043,mapped
TABLET-WO-00869-OP-01,TABLET-WO-00869,1,SET3,20,OPER003,P043,mapped
TABLET-WO-00870-OP-01,TABLET-WO-00870,1,SET3,1,OPER003,P043,mapped
TABLET-WO-00871-OP-01,TABLET-WO-00871,1,SET3,11,OPER003,P043,mapped
TABLET-WO-00872-OP-01,TABLET-WO-00872,1,SET3,1,OPER003,P043,mapped
TABLET-WO-00873-OP-01,TABLET-WO-00873,1,SET3,1,OPER003,P043,mapped
TABLET-WO-00874-OP-01,TABLET-WO-00874,1,SET3,1,OPER003,P043,mapped
TABLET-WO-00875-OP-01,TABLET-WO-00875,1,SET3,1,OPER003,P043,mapped
TABLET-WO-00876-OP-01,TABLET-WO-00876,1,SET3,1,OPER003,P043,mapped
TABLET-WO-00877-OP-01,TABLET-WO-00877,1,SET3,1,OPER003,P043,mapped
TABLET-WO-00878-OP-01,TABLET-WO-00878,1,SET3,1,OPER003,P043,mapped
TABLET-WO-00879-OP-01,TABLET-WO-00879,1,SET3,1,OPER003,P043,mapped
TABLET-WO-00880-OP-01,TABLET-WO-00880,1,SET3,10,OPER003,P043,mapped
TABLET-WO-00881-OP-01,TABLET-WO-00881,1,SET3,11,OPER003,P043,mapped
TABLET-WO-00882-OP-01,TABLET-WO-00882,1,SET3,11,OPER003,P043,mapped
TABLET-WO-00883-OP-01,TABLET-WO-00883,1,SET3,11,OPER003,P043,mapped
TABLET-WO-00884-OP-01,TABLET-WO-00884,1,SET3,12,OPER003,P043,mapped
TABLET-WO-00885-OP-01,TABLET-WO-00885,1,SET3,1,OPER003,P043,mapped
TABLET-WO-00886-OP-01,TABLET-WO-00886,1,SET3,1,OPER003,P043,mapped
TABLET-WO-00887-OP-01,TABLET-WO-00887,1,SET3,1,OPER003,P043,mapped
TABLET-WO-00888-OP-01,TABLET-WO-00888,1,SET3,1,OPER003,P043,mapped
TABLET-WO-00889-OP-01,TABLET-WO-00889,1,SET3,2,OPER003,P044,mapped
TABLET-WO-00890-OP-01,TABLET-WO-00890,1,SET3,1,OPER003,P044,mapped
TABLET-WO-00891-OP-01,TABLET-WO-00891,1,SET3,1,OPER003,P044,mapped
TABLET-WO-00892-OP-01,TABLET-WO-00892,1,SET3,2,OPER003,P044,mapped
TABLET-WO-00893-OP-01,TABLET-WO-00893,1,SET3,2,OPER003,P044,mapped
TABLET-WO-00894-OP-01,TABLET-WO-00894,1,SET3,2,OPER003,P044,mapped
TABLET-WO-00895-OP-01,TABLET-WO-00895,1,SET3,3,OPER003,P044,mapped
TABLET-WO-00896-OP-01,TABLET-WO-00896,1,SET3,1,OPER003,P044,mapped
TABLET-WO-00897-OP-01,TABLET-WO-00897,1,SET3,1,OPER003,P044,mapped
TABLET-WO-00898-OP-01,TABLET-WO-00898,1,SET3,1,OPER003,P044,mapped
TABLET-WO-00899-OP-01,TABLET-WO-00899,1,SET3,1,OPER003,P044,mapped
TABLET-WO-00900-OP-01,TABLET-WO-00900,1,SET3,1,OPER003,P044,mapped
TABLET-WO-00901-OP-01,TABLET-WO-00901,1,SET3,1,OPER003,P044,mapped
TABLET-WO-00902-OP-01,TABLET-WO-00902,1,SET3,2,OPER003,P044,mapped
TABLET-WO-00903-OP-01,TABLET-WO-00903,1,SET3,2,OPER003,P044,mapped
TABLET-WO-00904-OP-01,TABLET-WO-00904,1,SET3,3,OPER003,P044,mapped
TABLET-WO-00905-OP-01,TABLET-WO-00905,1,SET3,4,OPER003,P044,mapped
TABLET-WO-00906-OP-01,TABLET-WO-00906,1,SET3,2,OPER003,P044,mapped
TABLET-WO-00907-OP-01,TABLET-WO-00907,1,SET3,1,OPER003,P044,mapped
TABLET-WO-00908-OP-01,TABLET-WO-00908,1,SET3,1,OPER003,P044,mapped
TABLET-WO-00909-OP-01,TABLET-WO-00909,1,SET3,1,OPER003,P044,mapped
TABLET-WO-00910-OP-01,TABLET-WO-00910,1,SET3,1,OPER003,P044,mapped
TABLET-WO-00911-OP-01,TABLET-WO-00911,1,SET3,1,OPER003,P044,mapped
TABLET-WO-00912-OP-01,TABLET-WO-00912,1,SET3,1,OPER003,P044,mapped
TABLET-WO-00913-OP-01,TABLET-WO-00913,1,SET3,1,OPER003,P044,mapped
TABLET-WO-00914-OP-01,TABLET-WO-00914,1,SET3,1,OPER003,P044,mapped
TABLET-WO-00915-OP-01,TABLET-WO-00915,1,SET3,1,OPER003,P044,mapped
TABLET-WO-00916-OP-01,TABLET-WO-00916,1,SET3,1,OPER003,P044,mapped
TABLET-WO-00917-OP-01,TABLET-WO-00917,1,SET3,1,OPER003,P044,mapped
TABLET-WO-00918-OP-01,TABLET-WO-00918,1,SET3,1,OPER003,P044,mapped
TABLET-WO-00919-OP-01,TABLET-WO-00919,1,SET3,1,OPER003,P044,mapped
TABLET-WO-00920-OP-01,TABLET-WO-00920,1,SET3,1,OPER003,P044,mapped
TABLET-WO-00921-OP-01,TABLET-WO-00921,1,SET3,1,OPER003,P044,mapped
TABLET-WO-00922-OP-01,TABLET-WO-00922,1,SET3,1,OPER003,P044,mapped
TABLET-WO-00923-OP-01,TABLET-WO-00923,1,SET3,1,OPER003,P044,mapped
TABLET-WO-00924-OP-01,TABLET-WO-00924,1,SET3,3,OPER003,P044,mapped
TABLET-WO-00925-OP-01,TABLET-WO-00925,1,SET3,2,OPER003,P044,mapped
TABLET-WO-00926-OP-01,TABLET-WO-00926,1,SET3,3,OPER003,P044,mapped
TABLET-WO-00927-OP-01,TABLET-WO-00927,1,SET3,2,OPER003,P044,mapped
TABLET-WO-00928-OP-01,TABLET-WO-00928,1,SET3,3,OPER003,P044,mapped
TABLET-WO-00929-OP-01,TABLET-WO-00929,1,SET3,3,OPER003,P044,mapped
TABLET-WO-00930-OP-01,TABLET-WO-00930,1,SET3,3,OPER003,P044,mapped
TABLET-WO-00931-OP-01,TABLET-WO-00931,1,SET3,2,OPER003,P044,mapped
TABLET-WO-00932-OP-01,TABLET-WO-00932,1,SET3,1,OPER003,P044,mapped
TABLET-WO-00933-OP-01,TABLET-WO-00933,1,SET3,1,OPER003,P044,mapped
TABLET-WO-00934-OP-01,TABLET-WO-00934,1,SET3,1,OPER003,P044,mapped
TABLET-WO-00935-OP-01,TABLET-WO-00935,1,SET3,1,OPER003,P044,mapped
TABLET-WO-00936-OP-01,TABLET-WO-00936,1,SET3,1,OPER003,P044,mapped
TABLET-WO-00937-OP-01,TABLET-WO-00937,1,SET3,1,OPER003,P044,mapped
TABLET-WO-00938-OP-01,TABLET-WO-00938,1,SET3,1,OPER003,P044,mapped
TABLET-WO-00939-OP-01,TABLET-WO-00939,1,SET3,1,OPER003,P044,mapped
TABLET-WO-00940-OP-01,TABLET-WO-00940,1,SET3,1,OPER003,P044,mapped
TABLET-WO-00941-OP-01,TABLET-WO-00941,1,SET3,1,OPER003,P044,mapped
TABLET-WO-00942-OP-01,TABLET-WO-00942,1,SET3,2,OPER003,P044,mapped
TABLET-WO-00943-OP-01,TABLET-WO-00943,1,SET3,2,OPER003,P044,mapped
TABLET-WO-00944-OP-01,TABLET-WO-00944,1,SET3,2,OPER003,P044,mapped
TABLET-WO-00945-OP-01,TABLET-WO-00945,1,SET3,2,OPER003,P044,mapped
TABLET-WO-00946-OP-01,TABLET-WO-00946,1,SET3,1,OPER003,P044,mapped
TABLET-WO-00947-OP-01,TABLET-WO-00947,1,SET3,1,OPER003,P044,mapped
TABLET-WO-00948-OP-01,TABLET-WO-00948,1,SET3,1,OPER003,P044,mapped
TABLET-WO-00949-OP-01,TABLET-WO-00949,1,SET3,1,OPER003,P044,mapped
TABLET-WO-00950-OP-01,TABLET-WO-00950,1,SET3,2,OPER003,P044,mapped
TABLET-WO-00951-OP-01,TABLET-WO-00951,1,SET3,1,OPER003,P044,mapped
TABLET-WO-00952-OP-01,TABLET-WO-00952,1,SET3,2,OPER003,P044,mapped
TABLET-WO-00953-OP-01,TABLET-WO-00953,1,SET3,1,OPER003,P044,mapped
TABLET-WO-00954-OP-01,TABLET-WO-00954,1,SET3,1,OPER003,P044,mapped
TABLET-WO-00955-OP-01,TABLET-WO-00955,1,SET3,1,OPER003,P044,mapped
TABLET-WO-00956-OP-01,TABLET-WO-00956,1,SET3,1,OPER003,P044,mapped
TABLET-WO-00957-OP-01,TABLET-WO-00957,1,SET3,1,OPER003,P044,mapped
TABLET-WO-00958-OP-01,TABLET-WO-00958,1,SET3,1,OPER003,P044,mapped
TABLET-WO-00959-OP-01,TABLET-WO-00959,1,SET3,1,OPER003,P044,mapped
TABLET-WO-00960-OP-01,TABLET-WO-00960,1,SET3,1,OPER003,P044,mapped
TABLET-WO-00961-OP-01,TABLET-WO-00961,1,SET3,1,OPER003,P044,mapped
TABLET-WO-00962-OP-01,TABLET-WO-00962,1,SET3,1,OPER003,P044,mapped
TABLET-WO-00963-OP-01,TABLET-WO-00963,1,SET3,2,OPER003,P044,mapped
TABLET-WO-00964-OP-01,TABLET-WO-00964,1,SET3,1,OPER003,P044,mapped
TABLET-WO-00965-OP-01,TABLET-WO-00965,1,SET3,1,OPER003,P044,mapped
TABLET-WO-00966-OP-01,TABLET-WO-00966,1,SET3,1,OPER003,P044,mapped
TABLET-WO-00967-OP-01,TABLET-WO-00967,1,SET3,1,OPER003,P044,mapped
TABLET-WO-00968-OP-01,TABLET-WO-00968,1,SET3,1,OPER003,P044,mapped
TABLET-WO-00969-OP-01,TABLET-WO-00969,1,SET3,1,OPER003,P044,mapped
TABLET-WO-00970-OP-01,TABLET-WO-00970,1,SET3,1,OPER003,P044,mapped
TABLET-WO-00971-OP-01,TABLET-WO-00971,1,SET3,1,OPER003,P044,mapped
TABLET-WO-00972-OP-01,TABLET-WO-00972,1,SET3,1,OPER003,P044,mapped
TABLET-WO-00973-OP-01,TABLET-WO-00973,1,SET3,1,OPER003,P044,mapped
TABLET-WO-00974-OP-01,TABLET-WO-00974,1,SET3,1,OPER003,P044,mapped
TABLET-WO-00975-OP-01,TABLET-WO-00975,1,SET3,1,OPER003,P044,mapped
TABLET-WO-00976-OP-01,TABLET-WO-00976,1,SET3,3,OPER003,P044,mapped
TABLET-WO-00977-OP-01,TABLET-WO-00977,1,SET3,2,OPER003,P044,mapped
TABLET-WO-00978-OP-01,TABLET-WO-00978,1,SET3,2,OPER003,P044,mapped
TABLET-WO-00979-OP-01,TABLET-WO-00979,1,SET3,3,OPER003,P044,mapped
TABLET-WO-00980-OP-01,TABLET-WO-00980,1,SET3,1,OPER003,P044,mapped
TABLET-WO-00981-OP-01,TABLET-WO-00981,1,SET3,1,OPER003,P044,mapped
TABLET-WO-00982-OP-01,TABLET-WO-00982,1,SET3,1,OPER003,P044,mapped
TABLET-WO-00983-OP-01,TABLET-WO-00983,1,SET3,1,OPER003,P044,mapped
TABLET-WO-00984-OP-01,TABLET-WO-00984,1,SET3,1,OPER003,P044,mapped
TABLET-WO-00985-OP-01,TABLET-WO-00985,1,SET3,1,OPER003,P044,mapped
TABLET-WO-00986-OP-01,TABLET-WO-00986,1,SET3,1,OPER003,P044,mapped
TABLET-WO-00987-OP-01,TABLET-WO-00987,1,SET3,1,OPER003,P044,mapped
TABLET-WO-00988-OP-01,TABLET-WO-00988,1,SET3,1,OPER003,P044,mapped
TABLET-WO-00989-OP-01,TABLET-WO-00989,1,SET3,3,OPER003,P044,mapped
TABLET-WO-00990-OP-01,TABLET-WO-00990,1,SET3,2,OPER003,P044,mapped
TABLET-WO-00991-OP-01,TABLET-WO-00991,1,SET3,2,OPER003,P044,mapped
TABLET-WO-00992-OP-01,TABLET-WO-00992,1,SET3,2,OPER003,P044,mapped
TABLET-WO-00993-OP-01,TABLET-WO-00993,1,SET3,2,OPER003,P044,mapped
TABLET-WO-00994-OP-01,TABLET-WO-00994,1,SET3,1,OPER003,P044,mapped
TABLET-WO-00995-OP-01,TABLET-WO-00995,1,SET3,1,OPER003,P044,mapped
TABLET-WO-00996-OP-01,TABLET-WO-00996,1,SET3,1,OPER003,P044,mapped
TABLET-WO-00997-OP-01,TABLET-WO-00997,1,SET3,1,OPER003,P044,mapped
TABLET-WO-00998-OP-01,TABLET-WO-00998,1,SET3,1,OPER003,P044,mapped
TABLET-WO-00999-OP-01,TABLET-WO-00999,1,SET3,1,OPER003,P044,mapped
TABLET-WO-01000-OP-01,TABLET-WO-01000,1,SET3,1,OPER003,P044,mapped
TABLET-WO-01001-OP-01,TABLET-WO-01001,1,SET3,1,OPER003,P044,mapped
TABLET-WO-01002-OP-01,TABLET-WO-01002,1,SET3,7,OPER003,P044,mapped
TABLET-WO-01003-OP-01,TABLET-WO-01003,1,SET3,9,OPER003,P044,mapped
TABLET-WO-01004-OP-01,TABLET-WO-01004,1,SET3,9,OPER003,P044,mapped
TABLET-WO-01005-OP-01,TABLET-WO-01005,1,SET3,8,OPER003,P044,mapped
TABLET-WO-01006-OP-01,TABLET-WO-01006,1,SET3,1,OPER003,P044,mapped
TABLET-WO-01007-OP-01,TABLET-WO-01007,1,SET3,1,OPER003,P044,mapped
TABLET-WO-01008-OP-01,TABLET-WO-01008,1,SET3,1,OPER003,P044,mapped
TABLET-WO-01009-OP-01,TABLET-WO-01009,1,SET3,1,OPER003,P044,mapped
TABLET-WO-01010-OP-01,TABLET-WO-01010,1,SET3,1,OPER003,P044,mapped
TABLET-WO-01011-OP-01,TABLET-WO-01011,1,SET3,1,OPER003,P044,mapped
TABLET-WO-01012-OP-01,TABLET-WO-01012,1,SET3,1,OPER003,P044,mapped
TABLET-WO-01013-OP-01,TABLET-WO-01013,1,SET3,1,OPER003,P044,mapped
TABLET-WO-01014-OP-01,TABLET-WO-01014,1,SET3,1,OPER003,P044,mapped
TABLET-WO-01015-OP-01,TABLET-WO-01015,1,SET3,6,OPER003,P044,mapped
TABLET-WO-01016-OP-01,TABLET-WO-01016,1,SET3,7,OPER003,P044,mapped
TABLET-WO-01017-OP-01,TABLET-WO-01017,1,SET3,4,OPER003,P044,mapped
TABLET-WO-01018-OP-01,TABLET-WO-01018,1,SET3,4,OPER003,P044,mapped
TABLET-WO-01019-OP-01,TABLET-WO-01019,1,SET3,1,OPER003,P044,mapped
TABLET-WO-01020-OP-01,TABLET-WO-01020,1,SET3,1,OPER003,P044,mapped
TABLET-WO-01021-OP-01,TABLET-WO-01021,1,SET3,1,OPER003,P044,mapped
TABLET-WO-01022-OP-01,TABLET-WO-01022,1,SET3,1,OPER003,P044,mapped
TABLET-WO-01023-OP-01,TABLET-WO-01023,1,SET3,1,OPER003,P044,mapped
TABLET-WO-01024-OP-01,TABLET-WO-01024,1,SET3,2,OPER003,P044,mapped
TABLET-WO-01025-OP-01,TABLET-WO-01025,1,SET3,1,OPER003,P044,mapped
TABLET-WO-01026-OP-01,TABLET-WO-01026,1,SET3,2,OPER003,P044,mapped
TABLET-WO-01027-OP-01,TABLET-WO-01027,1,SET3,2,OPER003,P044,mapped
TABLET-WO-01028-OP-01,TABLET-WO-01028,1,SET3,5,OPER003,P044,mapped
TABLET-WO-01029-OP-01,TABLET-WO-01029,1,SET3,7,OPER003,P044,mapped
TABLET-WO-01030-OP-01,TABLET-WO-01030,1,SET3,5,OPER003,P044,mapped
TABLET-WO-01031-OP-01,TABLET-WO-01031,1,SET3,5,OPER003,P044,mapped
TABLET-WO-01032-OP-01,TABLET-WO-01032,1,SET3,1,OPER003,P044,mapped
TABLET-WO-01033-OP-01,TABLET-WO-01033,1,SET3,1,OPER003,P044,mapped
TABLET-WO-01034-OP-01,TABLET-WO-01034,1,SET3,1,OPER003,P044,mapped
TABLET-WO-01035-OP-01,TABLET-WO-01035,1,SET3,1,OPER003,P044,mapped
TABLET-WO-01036-OP-01,TABLET-WO-01036,1,SET3,1,OPER003,P044,mapped
TABLET-WO-01037-OP-01,TABLET-WO-01037,1,SET3,2,OPER003,P045,mapped
TABLET-WO-01038-OP-01,TABLET-WO-01038,1,SET3,1,OPER003,P045,mapped
TABLET-WO-01039-OP-01,TABLET-WO-01039,1,SET3,2,OPER003,P045,mapped
TABLET-WO-01040-OP-01,TABLET-WO-01040,1,SET3,1,OPER003,P045,mapped
TABLET-WO-01041-OP-01,TABLET-WO-01041,1,SET3,1,OPER003,P045,mapped
TABLET-WO-01042-OP-01,TABLET-WO-01042,1,SET3,1,OPER003,P045,mapped
TABLET-WO-01043-OP-01,TABLET-WO-01043,1,SET3,1,OPER003,P045,mapped
TABLET-WO-01044-OP-01,TABLET-WO-01044,1,SET3,1,OPER003,P045,mapped
TABLET-WO-01045-OP-01,TABLET-WO-01045,1,SET3,1,OPER003,P045,mapped
TABLET-WO-01046-OP-01,TABLET-WO-01046,1,SET3,1,OPER003,P045,mapped
TABLET-WO-01047-OP-01,TABLET-WO-01047,1,SET3,1,OPER003,P045,mapped
TABLET-WO-01048-OP-01,TABLET-WO-01048,1,SET3,1,OPER003,P045,mapped
TABLET-WO-01049-OP-01,TABLET-WO-01049,1,SET3,1,OPER003,P045,mapped
TABLET-WO-01050-OP-01,TABLET-WO-01050,1,SET3,1,OPER003,P045,mapped
TABLET-WO-01051-OP-01,TABLET-WO-01051,1,SET3,1,OPER003,P045,mapped
TABLET-WO-01052-OP-01,TABLET-WO-01052,1,SET3,1,OPER003,P045,mapped
TABLET-WO-01053-OP-01,TABLET-WO-01053,1,SET3,1,OPER003,P045,mapped
TABLET-WO-01054-OP-01,TABLET-WO-01054,1,SET3,1,OPER003,P045,mapped
TABLET-WO-01055-OP-01,TABLET-WO-01055,1,SET3,1,OPER003,P045,mapped
TABLET-WO-01056-OP-01,TABLET-WO-01056,1,SET3,2,OPER003,P045,mapped
TABLET-WO-01057-OP-01,TABLET-WO-01057,1,SET3,1,OPER003,P045,mapped
TABLET-WO-01058-OP-01,TABLET-WO-01058,1,SET3,1,OPER003,P045,mapped
TABLET-WO-01059-OP-01,TABLET-WO-01059,1,SET3,1,OPER003,P045,mapped
TABLET-WO-01060-OP-01,TABLET-WO-01060,1,SET3,1,OPER003,P045,mapped
TABLET-WO-01061-OP-01,TABLET-WO-01061,1,SET3,1,OPER003,P045,mapped
TABLET-WO-01062-OP-01,TABLET-WO-01062,1,SET3,1,OPER003,P045,mapped
TABLET-WO-01063-OP-01,TABLET-WO-01063,1,SET3,1,OPER003,P045,mapped
TABLET-WO-01064-OP-01,TABLET-WO-01064,1,SET3,1,OPER003,P045,mapped
TABLET-WO-01065-OP-01,TABLET-WO-01065,1,SET3,1,OPER003,P045,mapped
TABLET-WO-01066-OP-01,TABLET-WO-01066,1,SET3,1,OPER003,P045,mapped
TABLET-WO-01067-OP-01,TABLET-WO-01067,1,SET3,1,OPER003,P045,mapped
TABLET-WO-01068-OP-01,TABLET-WO-01068,1,SET3,1,OPER003,P045,mapped
TABLET-WO-01069-OP-01,TABLET-WO-01069,1,SET3,1,OPER003,P045,mapped
TABLET-WO-01070-OP-01,TABLET-WO-01070,1,SET3,1,OPER003,P045,mapped
TABLET-WO-01071-OP-01,TABLET-WO-01071,1,SET3,1,OPER003,P045,mapped
TABLET-WO-01072-OP-01,TABLET-WO-01072,1,SET3,1,OPER003,P045,mapped
TABLET-WO-01073-OP-01,TABLET-WO-01073,1,SET3,1,OPER003,P045,mapped
TABLET-WO-01074-OP-01,TABLET-WO-01074,1,SET3,1,OPER003,P045,mapped
TABLET-WO-01075-OP-01,TABLET-WO-01075,1,SET3,1,OPER003,P045,mapped
TABLET-WO-01076-OP-01,TABLET-WO-01076,1,SET3,1,OPER003,P045,mapped
TABLET-WO-01077-OP-01,TABLET-WO-01077,1,SET3,1,OPER003,P045,mapped
TABLET-WO-01078-OP-01,TABLET-WO-01078,1,SET3,1,OPER003,P045,mapped
TABLET-WO-01079-OP-01,TABLET-WO-01079,1,SET3,1,OPER003,P045,mapped
TABLET-WO-01080-OP-01,TABLET-WO-01080,1,SET3,1,OPER003,P045,mapped
TABLET-WO-01081-OP-01,TABLET-WO-01081,1,SET3,1,OPER003,P045,mapped
TABLET-WO-01082-OP-01,TABLET-WO-01082,1,SET3,1,OPER003,P045,mapped
TABLET-WO-01083-OP-01,TABLET-WO-01083,1,SET3,1,OPER003,P045,mapped
TABLET-WO-01084-OP-01,TABLET-WO-01084,1,SET3,1,OPER003,P045,mapped
TABLET-WO-01085-OP-01,TABLET-WO-01085,1,SET3,1,OPER003,P045,mapped
TABLET-WO-01086-OP-01,TABLET-WO-01086,1,SET3,1,OPER003,P045,mapped
TABLET-WO-01087-OP-01,TABLET-WO-01087,1,SET3,1,OPER003,P045,mapped
TABLET-WO-01088-OP-01,TABLET-WO-01088,1,SET3,1,OPER003,P045,mapped
TABLET-WO-01089-OP-01,TABLET-WO-01089,1,SET3,1,OPER003,P045,mapped
TABLET-WO-01090-OP-01,TABLET-WO-01090,1,SET3,1,OPER003,P045,mapped
TABLET-WO-01091-OP-01,TABLET-WO-01091,1,SET3,1,OPER003,P045,mapped
TABLET-WO-01092-OP-01,TABLET-WO-01092,1,SET3,1,OPER003,P045,mapped
TABLET-WO-01093-OP-01,TABLET-WO-01093,1,SET3,1,OPER003,P045,mapped
TABLET-WO-01094-OP-01,TABLET-WO-01094,1,SET3,1,OPER003,P045,mapped
TABLET-WO-01095-OP-01,TABLET-WO-01095,1,SET3,1,OPER003,P045,mapped
TABLET-WO-01096-OP-01,TABLET-WO-01096,1,SET3,1,OPER003,P045,mapped
TABLET-WO-01097-OP-01,TABLET-WO-01097,1,SET3,1,OPER003,P045,mapped
TABLET-WO-01098-OP-01,TABLET-WO-01098,1,SET3,1,OPER003,P045,mapped
TABLET-WO-01099-OP-01,TABLET-WO-01099,1,SET3,1,OPER003,P045,mapped
TABLET-WO-01100-OP-01,TABLET-WO-01100,1,SET3,1,OPER003,P045,mapped
TABLET-WO-01101-OP-01,TABLET-WO-01101,1,SET3,1,OPER003,P045,mapped
TABLET-WO-01102-OP-01,TABLET-WO-01102,1,SET3,2,OPER003,P045,mapped
TABLET-WO-01103-OP-01,TABLET-WO-01103,1,SET3,2,OPER003,P045,mapped
TABLET-WO-01104-OP-01,TABLET-WO-01104,1,SET3,2,OPER003,P045,mapped
TABLET-WO-01105-OP-01,TABLET-WO-01105,1,SET3,3,OPER003,P045,mapped
TABLET-WO-01106-OP-01,TABLET-WO-01106,1,SET3,1,OPER003,P045,mapped
TABLET-WO-01107-OP-01,TABLET-WO-01107,1,SET3,1,OPER003,P045,mapped
TABLET-WO-01108-OP-01,TABLET-WO-01108,1,SET3,1,OPER003,P045,mapped
TABLET-WO-01109-OP-01,TABLET-WO-01109,1,SET3,1,OPER003,P045,mapped
TABLET-WO-01110-OP-01,TABLET-WO-01110,1,SET3,1,OPER003,P045,mapped
TABLET-WO-01111-OP-01,TABLET-WO-01111,1,SET3,6,OPER003,P045,mapped
TABLET-WO-01112-OP-01,TABLET-WO-01112,1,SET3,5,OPER003,P045,mapped
TABLET-WO-01113-OP-01,TABLET-WO-01113,1,SET3,4,OPER003,P045,mapped
TABLET-WO-01114-OP-01,TABLET-WO-01114,1,SET3,1,OPER003,P045,mapped
TABLET-WO-01115-OP-01,TABLET-WO-01115,1,SET3,1,OPER003,P045,mapped
TABLET-WO-01116-OP-01,TABLET-WO-01116,1,SET3,2,OPER003,P045,mapped
TABLET-WO-01117-OP-01,TABLET-WO-01117,1,SET3,1,OPER003,P045,mapped
TABLET-WO-01118-OP-01,TABLET-WO-01118,1,SET3,2,OPER003,P045,mapped
TABLET-WO-01119-OP-01,TABLET-WO-01119,1,SET3,1,OPER003,P045,mapped
TABLET-WO-01120-OP-01,TABLET-WO-01120,1,SET3,1,OPER003,P045,mapped
TABLET-WO-01121-OP-01,TABLET-WO-01121,1,SET3,1,OPER003,P045,mapped
TABLET-WO-01122-OP-01,TABLET-WO-01122,1,SET3,1,OPER003,P045,mapped
TABLET-WO-01123-OP-01,TABLET-WO-01123,1,SET3,1,OPER003,P045,mapped
TABLET-WO-01124-OP-01,TABLET-WO-01124,1,SET3,2,OPER003,P045,mapped
TABLET-WO-01125-OP-01,TABLET-WO-01125,1,SET3,2,OPER003,P045,mapped
TABLET-WO-01126-OP-01,TABLET-WO-01126,1,SET3,1,OPER003,P045,mapped
TABLET-WO-01127-OP-01,TABLET-WO-01127,1,SET3,1,OPER003,P045,mapped
TABLET-WO-01128-OP-01,TABLET-WO-01128,1,SET3,1,OPER003,P045,mapped
TABLET-WO-01129-OP-01,TABLET-WO-01129,1,SET3,1,OPER003,P045,mapped
TABLET-WO-01130-OP-01,TABLET-WO-01130,1,SET3,1,OPER003,P045,mapped
TABLET-WO-01131-OP-01,TABLET-WO-01131,1,SET3,1,OPER003,P045,mapped
TABLET-WO-01132-OP-01,TABLET-WO-01132,1,SET3,1,OPER003,P045,mapped
TABLET-WO-01133-OP-01,TABLET-WO-01133,1,SET3,1,OPER003,P045,mapped
TABLET-WO-01134-OP-01,TABLET-WO-01134,1,SET3,1,OPER003,P045,mapped
TABLET-WO-01135-OP-01,TABLET-WO-01135,1,SET3,1,OPER003,P045,mapped
TABLET-WO-01136-OP-01,TABLET-WO-01136,1,SET3,1,OPER003,P045,mapped
TABLET-WO-01137-OP-01,TABLET-WO-01137,1,SET3,3,OPER003,P045,mapped
TABLET-WO-01138-OP-01,TABLET-WO-01138,1,SET3,2,OPER003,P045,mapped
TABLET-WO-01139-OP-01,TABLET-WO-01139,1,SET3,3,OPER003,P045,mapped
TABLET-WO-01140-OP-01,TABLET-WO-01140,1,SET3,2,OPER003,P045,mapped
TABLET-WO-01141-OP-01,TABLET-WO-01141,1,SET3,1,OPER003,P045,mapped
TABLET-WO-01142-OP-01,TABLET-WO-01142,1,SET3,5,OPER003,P045,mapped
TABLET-WO-01143-OP-01,TABLET-WO-01143,1,SET3,5,OPER003,P045,mapped
TABLET-WO-01144-OP-01,TABLET-WO-01144,1,SET3,4,OPER003,P045,mapped
TABLET-WO-01145-OP-01,TABLET-WO-01145,1,SET3,1,OPER003,P045,mapped
TABLET-WO-01146-OP-01,TABLET-WO-01146,1,SET3,1,OPER003,P045,mapped
TABLET-WO-01147-OP-01,TABLET-WO-01147,1,SET3,1,OPER003,P045,mapped
TABLET-WO-01148-OP-01,TABLET-WO-01148,1,SET3,1,OPER003,P045,mapped
TABLET-WO-01149-OP-01,TABLET-WO-01149,1,SET3,1,OPER003,P045,mapped
TABLET-WO-01150-OP-01,TABLET-WO-01150,1,SET3,2,OPER003,P045,mapped
TABLET-WO-01151-OP-01,TABLET-WO-01151,1,SET3,2,OPER003,P045,mapped
TABLET-WO-01152-OP-01,TABLET-WO-01152,1,SET3,2,OPER003,P045,mapped
TABLET-WO-01153-OP-01,TABLET-WO-01153,1,SET3,1,OPER003,P045,mapped
TABLET-WO-01154-OP-01,TABLET-WO-01154,1,SET3,2,OPER003,P045,mapped
TABLET-WO-01155-OP-01,TABLET-WO-01155,1,SET3,1,OPER003,P045,mapped
TABLET-WO-01156-OP-01,TABLET-WO-01156,1,SET3,1,OPER003,P045,mapped
TABLET-WO-01157-OP-01,TABLET-WO-01157,1,SET3,1,OPER003,P045,mapped
TABLET-WO-01158-OP-01,TABLET-WO-01158,1,SET3,1,OPER003,P045,mapped
TABLET-WO-01159-OP-01,TABLET-WO-01159,1,SET3,1,OPER003,P045,mapped
TABLET-WO-01160-OP-01,TABLET-WO-01160,1,SET3,1,OPER003,P045,mapped
TABLET-WO-01161-OP-01,TABLET-WO-01161,1,SET3,1,OPER003,P045,mapped
TABLET-WO-01162-OP-01,TABLET-WO-01162,1,SET3,1,OPER003,P045,mapped
TABLET-WO-01163-OP-01,TABLET-WO-01163,1,SET3,1,OPER003,P045,mapped
TABLET-WO-01164-OP-01,TABLET-WO-01164,1,SET3,1,OPER003,P045,mapped
TABLET-WO-01165-OP-01,TABLET-WO-01165,1,SET3,1,OPER003,P045,mapped
TABLET-WO-01166-OP-01,TABLET-WO-01166,1,SET3,2,OPER003,P045,mapped
TABLET-WO-01167-OP-01,TABLET-WO-01167,1,SET3,1,OPER003,P045,mapped
TABLET-WO-01168-OP-01,TABLET-WO-01168,1,SET3,1,OPER003,P045,mapped
TABLET-WO-01169-OP-01,TABLET-WO-01169,1,SET3,1,OPER003,P045,mapped
TABLET-WO-01170-OP-01,TABLET-WO-01170,1,SET3,1,OPER003,P045,mapped
TABLET-WO-01171-OP-01,TABLET-WO-01171,1,SET3,1,OPER003,P045,mapped
TABLET-WO-01172-OP-01,TABLET-WO-01172,1,SET3,3,OPER003,P045,mapped
TABLET-WO-01173-OP-01,TABLET-WO-01173,1,SET3,3,OPER003,P045,mapped
TABLET-WO-01174-OP-01,TABLET-WO-01174,1,SET3,3,OPER003,P045,mapped
TABLET-WO-01175-OP-01,TABLET-WO-01175,1,SET3,3,OPER003,P045,mapped
TABLET-WO-01176-OP-01,TABLET-WO-01176,1,SET3,9,OPER003,P045,mapped
TABLET-WO-01177-OP-01,TABLET-WO-01177,1,SET3,7,OPER003,P045,mapped
TABLET-WO-01178-OP-01,TABLET-WO-01178,1,SET3,6,OPER003,P045,mapped
TABLET-WO-01179-OP-01,TABLET-WO-01179,1,SET3,9,OPER003,P045,mapped
TABLET-WO-01180-OP-01,TABLET-WO-01180,1,SET3,7,OPER003,P045,mapped
TABLET-WO-01181-OP-01,TABLET-WO-01181,1,SET3,1,OPER003,P045,mapped
TABLET-WO-01182-OP-01,TABLET-WO-01182,1,SET3,1,OPER003,P045,mapped
TABLET-WO-01183-OP-01,TABLET-WO-01183,1,SET3,1,OPER003,P045,mapped
TABLET-WO-01184-OP-01,TABLET-WO-01184,1,SET3,1,OPER003,P045,mapped
TABLET-WO-01185-OP-01,TABLET-WO-01185,1,SET3,1,OPER003,P049,mapped
TABLET-WO-01186-OP-01,TABLET-WO-01186,1,SET3,1,OPER003,P049,mapped
TABLET-WO-01187-OP-01,TABLET-WO-01187,1,SET3,1,OPER003,P049,mapped
TABLET-WO-01188-OP-01,TABLET-WO-01188,1,SET3,1,OPER003,P049,mapped
TABLET-WO-01189-OP-01,TABLET-WO-01189,1,SET3,1,OPER003,P049,mapped
TABLET-WO-01190-OP-01,TABLET-WO-01190,1,SET3,1,OPER003,P049,mapped
TABLET-WO-01191-OP-01,TABLET-WO-01191,1,SET3,1,OPER003,P049,mapped
TABLET-WO-01192-OP-01,TABLET-WO-01192,1,SET3,1,OPER003,P049,mapped
TABLET-WO-01193-OP-01,TABLET-WO-01193,1,SET3,1,OPER003,P049,mapped
TABLET-WO-01194-OP-01,TABLET-WO-01194,1,SET3,1,OPER003,P049,mapped
TABLET-WO-01195-OP-01,TABLET-WO-01195,1,SET3,1,OPER003,P049,mapped
TABLET-WO-01196-OP-01,TABLET-WO-01196,1,SET3,1,OPER003,P049,mapped
TABLET-WO-01197-OP-01,TABLET-WO-01197,1,SET3,1,OPER003,P049,mapped
TABLET-WO-01198-OP-01,TABLET-WO-01198,1,SET3,1,OPER003,P049,mapped
TABLET-WO-01199-OP-01,TABLET-WO-01199,1,SET3,1,OPER003,P049,mapped
TABLET-WO-01200-OP-01,TABLET-WO-01200,1,SET3,1,OPER003,P049,mapped
TABLET-WO-01201-OP-01,TABLET-WO-01201,1,SET3,1,OPER003,P049,mapped
TABLET-WO-01202-OP-01,TABLET-WO-01202,1,SET3,1,OPER003,P049,mapped
TABLET-WO-01203-OP-01,TABLET-WO-01203,1,SET3,1,OPER003,P049,mapped
TABLET-WO-01204-OP-01,TABLET-WO-01204,1,SET3,1,OPER003,P049,mapped
TABLET-WO-01205-OP-01,TABLET-WO-01205,1,SET3,1,OPER003,P049,mapped
TABLET-WO-01206-OP-01,TABLET-WO-01206,1,SET3,1,OPER003,P049,mapped
TABLET-WO-01207-OP-01,TABLET-WO-01207,1,SET3,1,OPER003,P049,mapped
TABLET-WO-01208-OP-01,TABLET-WO-01208,1,SET3,1,OPER003,P049,mapped
TABLET-WO-01209-OP-01,TABLET-WO-01209,1,SET3,1,OPER003,P049,mapped
TABLET-WO-01210-OP-01,TABLET-WO-01210,1,SET3,1,OPER003,P049,mapped
TABLET-WO-01211-OP-01,TABLET-WO-01211,1,SET3,1,OPER003,P049,mapped
TABLET-WO-01212-OP-01,TABLET-WO-01212,1,SET3,1,OPER003,P049,mapped
TABLET-WO-01213-OP-01,TABLET-WO-01213,1,SET3,1,OPER003,P049,mapped
TABLET-WO-01214-OP-01,TABLET-WO-01214,1,SET3,1,OPER003,P049,mapped
TABLET-WO-01215-OP-01,TABLET-WO-01215,1,SET3,1,OPER003,P049,mapped
TABLET-WO-01216-OP-01,TABLET-WO-01216,1,SET3,1,OPER003,P049,mapped
TABLET-WO-01217-OP-01,TABLET-WO-01217,1,SET3,1,OPER003,P049,mapped
TABLET-WO-01218-OP-01,TABLET-WO-01218,1,SET3,1,OPER003,P049,mapped
TABLET-WO-01219-OP-01,TABLET-WO-01219,1,SET3,1,OPER003,P049,mapped
TABLET-WO-01220-OP-01,TABLET-WO-01220,1,SET3,1,OPER003,P049,mapped
TABLET-WO-01221-OP-01,TABLET-WO-01221,1,SET3,1,OPER003,P049,mapped
TABLET-WO-01222-OP-01,TABLET-WO-01222,1,SET3,1,OPER003,P049,mapped
TABLET-WO-01223-OP-01,TABLET-WO-01223,1,SET3,1,OPER003,P049,mapped
TABLET-WO-01224-OP-01,TABLET-WO-01224,1,SET3,1,OPER003,P049,mapped
TABLET-WO-01225-OP-01,TABLET-WO-01225,1,SET3,1,OPER003,P049,mapped
TABLET-WO-01226-OP-01,TABLET-WO-01226,1,SET3,1,OPER003,P049,mapped
TABLET-WO-01227-OP-01,TABLET-WO-01227,1,SET3,1,OPER003,P049,mapped
TABLET-WO-01228-OP-01,TABLET-WO-01228,1,SET3,1,OPER003,P049,mapped
TABLET-WO-01229-OP-01,TABLET-WO-01229,1,SET3,1,OPER003,P049,mapped
TABLET-WO-01230-OP-01,TABLET-WO-01230,1,SET3,1,OPER003,P049,mapped
TABLET-WO-01231-OP-01,TABLET-WO-01231,1,SET3,1,OPER003,P049,mapped
TABLET-WO-01232-OP-01,TABLET-WO-01232,1,SET3,1,OPER003,P049,mapped
TABLET-WO-01233-OP-01,TABLET-WO-01233,1,SET3,1,OPER003,P049,mapped
TABLET-WO-01234-OP-01,TABLET-WO-01234,1,SET3,1,OPER003,P049,mapped
TABLET-WO-01235-OP-01,TABLET-WO-01235,1,SET3,1,OPER003,P049,mapped
TABLET-WO-01236-OP-01,TABLET-WO-01236,1,SET3,1,OPER003,P049,mapped
TABLET-WO-01237-OP-01,TABLET-WO-01237,1,SET3,1,OPER003,P049,mapped
TABLET-WO-01238-OP-01,TABLET-WO-01238,1,SET3,1,OPER003,P049,mapped
TABLET-WO-01239-OP-01,TABLET-WO-01239,1,SET3,1,OPER003,P049,mapped
TABLET-WO-01240-OP-01,TABLET-WO-01240,1,SET3,1,OPER003,P049,mapped
TABLET-WO-01241-OP-01,TABLET-WO-01241,1,SET3,1,OPER003,P049,mapped
TABLET-WO-01242-OP-01,TABLET-WO-01242,1,SET3,1,OPER003,P049,mapped
TABLET-WO-01243-OP-01,TABLET-WO-01243,1,SET3,1,OPER003,P049,mapped
TABLET-WO-01244-OP-01,TABLET-WO-01244,1,SET3,1,OPER003,P049,mapped
TABLET-WO-01245-OP-01,TABLET-WO-01245,1,SET3,1,OPER003,P049,mapped
TABLET-WO-01246-OP-01,TABLET-WO-01246,1,SET3,1,OPER003,P049,mapped
TABLET-WO-01247-OP-01,TABLET-WO-01247,1,SET3,1,OPER003,P049,mapped
TABLET-WO-01248-OP-01,TABLET-WO-01248,1,SET3,1,OPER003,P049,mapped
TABLET-WO-01249-OP-01,TABLET-WO-01249,1,SET3,1,OPER003,P049,mapped
TABLET-WO-01250-OP-01,TABLET-WO-01250,1,SET3,1,OPER003,P049,mapped
TABLET-WO-01251-OP-01,TABLET-WO-01251,1,SET3,1,OPER003,P049,mapped
TABLET-WO-01252-OP-01,TABLET-WO-01252,1,SET3,1,OPER003,P049,mapped
TABLET-WO-01253-OP-01,TABLET-WO-01253,1,SET3,1,OPER003,P049,mapped
TABLET-WO-01254-OP-01,TABLET-WO-01254,1,SET3,1,OPER003,P049,mapped
TABLET-WO-01255-OP-01,TABLET-WO-01255,1,SET3,1,OPER003,P049,mapped
TABLET-WO-01256-OP-01,TABLET-WO-01256,1,SET3,1,OPER003,P049,mapped
TABLET-WO-01257-OP-01,TABLET-WO-01257,1,SET3,1,OPER003,P049,mapped
TABLET-WO-01258-OP-01,TABLET-WO-01258,1,SET3,1,OPER003,P049,mapped
TABLET-WO-01259-OP-01,TABLET-WO-01259,1,SET3,1,OPER003,P049,mapped
TABLET-WO-01260-OP-01,TABLET-WO-01260,1,SET3,1,OPER003,P049,mapped
TABLET-WO-01261-OP-01,TABLET-WO-01261,1,SET3,1,OPER003,P049,mapped
TABLET-WO-01262-OP-01,TABLET-WO-01262,1,SET3,1,OPER003,P049,mapped
TABLET-WO-01263-OP-01,TABLET-WO-01263,1,SET3,1,OPER003,P049,mapped
TABLET-WO-01264-OP-01,TABLET-WO-01264,1,SET3,1,OPER003,P049,mapped
TABLET-WO-01265-OP-01,TABLET-WO-01265,1,SET3,1,OPER003,P049,mapped
TABLET-WO-01266-OP-01,TABLET-WO-01266,1,SET3,1,OPER003,P049,mapped
TABLET-WO-01267-OP-01,TABLET-WO-01267,1,SET3,1,OPER003,P049,mapped
TABLET-WO-01268-OP-01,TABLET-WO-01268,1,SET3,1,OPER003,P049,mapped
TABLET-WO-01269-OP-01,TABLET-WO-01269,1,SET3,1,OPER003,P049,mapped
TABLET-WO-01270-OP-01,TABLET-WO-01270,1,SET3,1,OPER003,P049,mapped
TABLET-WO-01271-OP-01,TABLET-WO-01271,1,SET3,1,OPER003,P049,mapped
TABLET-WO-01272-OP-01,TABLET-WO-01272,1,SET3,1,OPER003,P049,mapped
TABLET-WO-01273-OP-01,TABLET-WO-01273,1,SET3,1,OPER003,P049,mapped
TABLET-WO-01274-OP-01,TABLET-WO-01274,1,SET3,1,OPER003,P049,mapped
TABLET-WO-01275-OP-01,TABLET-WO-01275,1,SET3,1,OPER003,P049,mapped
TABLET-WO-01276-OP-01,TABLET-WO-01276,1,SET3,1,OPER003,P049,mapped
TABLET-WO-01277-OP-01,TABLET-WO-01277,1,SET3,1,OPER003,P049,mapped
TABLET-WO-01278-OP-01,TABLET-WO-01278,1,SET3,1,OPER003,P049,mapped
TABLET-WO-01279-OP-01,TABLET-WO-01279,1,SET3,1,OPER003,P049,mapped
TABLET-WO-01280-OP-01,TABLET-WO-01280,1,SET3,1,OPER003,P049,mapped
TABLET-WO-01281-OP-01,TABLET-WO-01281,1,SET3,1,OPER003,P049,mapped
TABLET-WO-01282-OP-01,TABLET-WO-01282,1,SET3,1,OPER003,P049,mapped
TABLET-WO-01283-OP-01,TABLET-WO-01283,1,SET3,1,OPER003,P049,mapped
TABLET-WO-01284-OP-01,TABLET-WO-01284,1,SET3,1,OPER003,P049,mapped
TABLET-WO-01285-OP-01,TABLET-WO-01285,1,SET3,1,OPER003,P049,mapped
TABLET-WO-01286-OP-01,TABLET-WO-01286,1,SET3,1,OPER003,P049,mapped
TABLET-WO-01287-OP-01,TABLET-WO-01287,1,SET3,1,OPER003,P049,mapped
TABLET-WO-01288-OP-01,TABLET-WO-01288,1,SET3,1,OPER003,P049,mapped
TABLET-WO-01289-OP-01,TABLET-WO-01289,1,SET3,1,OPER003,P049,mapped
TABLET-WO-01290-OP-01,TABLET-WO-01290,1,SET3,1,OPER003,P049,mapped
TABLET-WO-01291-OP-01,TABLET-WO-01291,1,SET3,1,OPER003,P049,mapped
TABLET-WO-01292-OP-01,TABLET-WO-01292,1,SET3,1,OPER003,P049,mapped
TABLET-WO-01293-OP-01,TABLET-WO-01293,1,SET3,1,OPER003,P049,mapped
TABLET-WO-01294-OP-01,TABLET-WO-01294,1,SET3,1,OPER003,P049,mapped
TABLET-WO-01295-OP-01,TABLET-WO-01295,1,SET3,1,OPER003,P049,mapped
TABLET-WO-01296-OP-01,TABLET-WO-01296,1,SET3,1,OPER003,P049,mapped
TABLET-WO-01297-OP-01,TABLET-WO-01297,1,SET3,1,OPER003,P049,mapped
TABLET-WO-01298-OP-01,TABLET-WO-01298,1,SET3,1,OPER003,P049,mapped
TABLET-WO-01299-OP-01,TABLET-WO-01299,1,SET3,1,OPER003,P049,mapped
TABLET-WO-01300-OP-01,TABLET-WO-01300,1,SET3,1,OPER003,P049,mapped
TABLET-WO-01301-OP-01,TABLET-WO-01301,1,SET3,1,OPER003,P049,mapped
TABLET-WO-01302-OP-01,TABLET-WO-01302,1,SET3,1,OPER003,P049,mapped
TABLET-WO-01303-OP-01,TABLET-WO-01303,1,SET3,1,OPER003,P049,mapped
TABLET-WO-01304-OP-01,TABLET-WO-01304,1,SET3,1,OPER003,P049,mapped
TABLET-WO-01305-OP-01,TABLET-WO-01305,1,SET3,1,OPER003,P049,mapped
TABLET-WO-01306-OP-01,TABLET-WO-01306,1,SET3,1,OPER003,P049,mapped
TABLET-WO-01307-OP-01,TABLET-WO-01307,1,SET3,1,OPER003,P049,mapped
TABLET-WO-01308-OP-01,TABLET-WO-01308,1,SET3,1,OPER003,P049,mapped
TABLET-WO-01309-OP-01,TABLET-WO-01309,1,SET3,1,OPER003,P049,mapped
TABLET-WO-01310-OP-01,TABLET-WO-01310,1,SET3,1,OPER003,P049,mapped
TABLET-WO-01311-OP-01,TABLET-WO-01311,1,SET3,1,OPER003,P049,mapped
TABLET-WO-01312-OP-01,TABLET-WO-01312,1,SET3,1,OPER003,P049,mapped
TABLET-WO-01313-OP-01,TABLET-WO-01313,1,SET3,1,OPER003,P049,mapped
TABLET-WO-01314-OP-01,TABLET-WO-01314,1,SET3,1,OPER003,P049,mapped
TABLET-WO-01315-OP-01,TABLET-WO-01315,1,SET3,1,OPER003,P049,mapped
TABLET-WO-01316-OP-01,TABLET-WO-01316,1,SET3,1,OPER003,P049,mapped
TABLET-WO-01317-OP-01,TABLET-WO-01317,1,SET3,1,OPER003,P049,mapped
TABLET-WO-01318-OP-01,TABLET-WO-01318,1,SET3,1,OPER003,P049,mapped
TABLET-WO-01319-OP-01,TABLET-WO-01319,1,SET3,1,OPER003,P049,mapped
TABLET-WO-01320-OP-01,TABLET-WO-01320,1,SET3,1,OPER003,P049,mapped
TABLET-WO-01321-OP-01,TABLET-WO-01321,1,SET3,1,OPER003,P049,mapped
TABLET-WO-01322-OP-01,TABLET-WO-01322,1,SET3,1,OPER003,P049,mapped
TABLET-WO-01323-OP-01,TABLET-WO-01323,1,SET3,1,OPER003,P049,mapped
TABLET-WO-01324-OP-01,TABLET-WO-01324,1,SET3,1,OPER003,P049,mapped
TABLET-WO-01325-OP-01,TABLET-WO-01325,1,SET3,1,OPER003,P049,mapped
TABLET-WO-01326-OP-01,TABLET-WO-01326,1,SET3,1,OPER003,P049,mapped
TABLET-WO-01327-OP-01,TABLET-WO-01327,1,SET3,1,OPER003,P049,mapped
TABLET-WO-01328-OP-01,TABLET-WO-01328,1,SET3,1,OPER003,P049,mapped
TABLET-WO-01329-OP-01,TABLET-WO-01329,1,SET3,1,OPER003,P049,mapped
TABLET-WO-01330-OP-01,TABLET-WO-01330,1,SET3,1,OPER003,P049,mapped
TABLET-WO-01331-OP-01,TABLET-WO-01331,1,SET3,1,OPER003,P049,mapped
TABLET-WO-01332-OP-01,TABLET-WO-01332,1,SET3,1,OPER003,P049,mapped
TABLET-WO-01333-OP-01,TABLET-WO-01333,1,SET3,1,OPER003,P038|P039,mapped
TABLET-WO-01334-OP-01,TABLET-WO-01334,1,SET3,1,OPER003,P038|P039,mapped
TABLET-WO-01335-OP-01,TABLET-WO-01335,1,SET3,1,OPER003,P038|P039,mapped
TABLET-WO-01336-OP-01,TABLET-WO-01336,1,SET3,1,OPER003,P038|P039,mapped
TABLET-WO-01337-OP-01,TABLET-WO-01337,1,SET3,1,OPER003,P038|P039,mapped
TABLET-WO-01338-OP-01,TABLET-WO-01338,1,SET3,1,OPER003,P038|P039,mapped
TABLET-WO-01339-OP-01,TABLET-WO-01339,1,SET3,2,OPER003,P038|P039,mapped
TABLET-WO-01340-OP-01,TABLET-WO-01340,1,SET3,2,OPER003,P038|P039,mapped
TABLET-WO-01341-OP-01,TABLET-WO-01341,1,SET3,2,OPER003,P038|P039,mapped
TABLET-WO-01342-OP-01,TABLET-WO-01342,1,SET3,2,OPER003,P038|P039,mapped
TABLET-WO-01343-OP-01,TABLET-WO-01343,1,SET3,2,OPER003,P038|P039,mapped
TABLET-WO-01344-OP-01,TABLET-WO-01344,1,SET3,2,OPER003,P038|P039,mapped
TABLET-WO-01345-OP-01,TABLET-WO-01345,1,SET3,2,OPER003,P038|P039,mapped
TABLET-WO-01346-OP-01,TABLET-WO-01346,1,SET3,2,OPER003,P038|P039,mapped
TABLET-WO-01347-OP-01,TABLET-WO-01347,1,SET3,2,OPER003,P038|P039,mapped
TABLET-WO-01348-OP-01,TABLET-WO-01348,1,SET3,1,OPER003,P038|P039,mapped
TABLET-WO-01349-OP-01,TABLET-WO-01349,1,SET3,1,OPER003,P038|P039,mapped
TABLET-WO-01350-OP-01,TABLET-WO-01350,1,SET3,1,OPER003,P038|P039,mapped
TABLET-WO-01351-OP-01,TABLET-WO-01351,1,SET3,1,OPER003,P038|P039,mapped
TABLET-WO-01352-OP-01,TABLET-WO-01352,1,SET3,1,OPER003,P038|P039,mapped
TABLET-WO-01353-OP-01,TABLET-WO-01353,1,SET3,1,OPER003,P038|P039,mapped
TABLET-WO-01354-OP-01,TABLET-WO-01354,1,SET3,1,OPER003,P038|P039,mapped
TABLET-WO-01355-OP-01,TABLET-WO-01355,1,SET3,1,OPER003,P038|P039,mapped
TABLET-WO-01356-OP-01,TABLET-WO-01356,1,SET3,1,OPER003,P038|P039,mapped
TABLET-WO-01357-OP-01,TABLET-WO-01357,1,SET3,1,OPER003,P038|P039,mapped
TABLET-WO-01358-OP-01,TABLET-WO-01358,1,SET3,1,OPER003,P038|P039,mapped
TABLET-WO-01359-OP-01,TABLET-WO-01359,1,SET3,2,OPER003,P038|P039,mapped
TABLET-WO-01360-OP-01,TABLET-WO-01360,1,SET3,3,OPER003,P038|P039,mapped
TABLET-WO-01361-OP-01,TABLET-WO-01361,1,SET3,3,OPER003,P038|P039,mapped
TABLET-WO-01362-OP-01,TABLET-WO-01362,1,SET3,1,OPER003,P038|P039,mapped
TABLET-WO-01363-OP-01,TABLET-WO-01363,1,SET3,2,OPER003,P038|P039,mapped
TABLET-WO-01364-OP-01,TABLET-WO-01364,1,SET3,1,OPER003,P038|P039,mapped
TABLET-WO-01365-OP-01,TABLET-WO-01365,1,SET3,1,OPER003,P038|P039,mapped
TABLET-WO-01366-OP-01,TABLET-WO-01366,1,SET3,1,OPER003,P038|P039,mapped
TABLET-WO-01367-OP-01,TABLET-WO-01367,1,SET3,1,OPER003,P038|P039,mapped
TABLET-WO-01368-OP-01,TABLET-WO-01368,1,SET3,1,OPER003,P038|P039,mapped
TABLET-WO-01369-OP-01,TABLET-WO-01369,1,SET3,1,OPER003,P038|P039,mapped
TABLET-WO-01370-OP-01,TABLET-WO-01370,1,SET3,1,OPER003,P038|P039,mapped
TABLET-WO-01371-OP-01,TABLET-WO-01371,1,SET3,1,OPER003,P038|P039,mapped
TABLET-WO-01372-OP-01,TABLET-WO-01372,1,SET3,1,OPER003,P038|P039,mapped
TABLET-WO-01373-OP-01,TABLET-WO-01373,1,SET3,1,OPER003,P038|P039,mapped
TABLET-WO-01374-OP-01,TABLET-WO-01374,1,SET3,1,OPER003,P038|P039,mapped
TABLET-WO-01375-OP-01,TABLET-WO-01375,1,SET3,1,OPER003,P038|P039,mapped
TABLET-WO-01376-OP-01,TABLET-WO-01376,1,SET3,1,OPER003,P038|P039,mapped
TABLET-WO-01377-OP-01,TABLET-WO-01377,1,SET3,1,OPER003,P038|P039,mapped
TABLET-WO-01378-OP-01,TABLET-WO-01378,1,SET3,1,OPER003,P038|P039,mapped
TABLET-WO-01379-OP-01,TABLET-WO-01379,1,SET3,1,OPER003,P038|P039,mapped
TABLET-WO-01380-OP-01,TABLET-WO-01380,1,SET3,1,OPER003,P038|P039,mapped
TABLET-WO-01381-OP-01,TABLET-WO-01381,1,SET3,1,OPER003,P038|P039,mapped
TABLET-WO-01382-OP-01,TABLET-WO-01382,1,SET3,1,OPER003,P038|P039,mapped
TABLET-WO-01383-OP-01,TABLET-WO-01383,1,SET3,1,OPER003,P038|P039,mapped
TABLET-WO-01384-OP-01,TABLET-WO-01384,1,SET3,1,OPER003,P038|P039,mapped
TABLET-WO-01385-OP-01,TABLET-WO-01385,1,SET3,1,OPER003,P038|P039,mapped
TABLET-WO-01386-OP-01,TABLET-WO-01386,1,SET3,1,OPER003,P038|P039,mapped
TABLET-WO-01387-OP-01,TABLET-WO-01387,1,SET3,1,OPER003,P038|P039,mapped
TABLET-WO-01388-OP-01,TABLET-WO-01388,1,SET3,1,OPER003,P038|P039,mapped
TABLET-WO-01389-OP-01,TABLET-WO-01389,1,SET3,1,OPER003,P038|P039,mapped
TABLET-WO-01390-OP-01,TABLET-WO-01390,1,SET3,1,OPER003,P038|P039,mapped
TABLET-WO-01391-OP-01,TABLET-WO-01391,1,SET3,1,OPER003,P038|P039,mapped
TABLET-WO-01392-OP-01,TABLET-WO-01392,1,SET3,1,OPER003,P038|P039,mapped
TABLET-WO-01393-OP-01,TABLET-WO-01393,1,SET3,1,OPER003,P038|P039,mapped
TABLET-WO-01394-OP-01,TABLET-WO-01394,1,SET3,1,OPER003,P038|P039,mapped
TABLET-WO-01395-OP-01,TABLET-WO-01395,1,SET3,1,OPER003,P038|P039,mapped
TABLET-WO-01396-OP-01,TABLET-WO-01396,1,SET3,1,OPER003,P038|P039,mapped
TABLET-WO-01397-OP-01,TABLET-WO-01397,1,SET3,1,OPER003,P038|P039,mapped
TABLET-WO-01398-OP-01,TABLET-WO-01398,1,SET3,1,OPER003,P038|P039,mapped
TABLET-WO-01399-OP-01,TABLET-WO-01399,1,SET3,1,OPER003,P038|P039,mapped
TABLET-WO-01400-OP-01,TABLET-WO-01400,1,SET3,1,OPER003,P038|P039,mapped
TABLET-WO-01401-OP-01,TABLET-WO-01401,1,SET3,1,OPER003,P038|P039,mapped
TABLET-WO-01402-OP-01,TABLET-WO-01402,1,SET3,1,OPER003,P038|P039,mapped
TABLET-WO-01403-OP-01,TABLET-WO-01403,1,SET3,1,OPER003,P038|P039,mapped
TABLET-WO-01404-OP-01,TABLET-WO-01404,1,SET3,1,OPER003,P038|P039,mapped
TABLET-WO-01405-OP-01,TABLET-WO-01405,1,SET3,1,OPER003,P038|P039,mapped
TABLET-WO-01406-OP-01,TABLET-WO-01406,1,SET3,1,OPER003,P038|P039,mapped
TABLET-WO-01407-OP-01,TABLET-WO-01407,1,SET3,1,OPER003,P038|P039,mapped
TABLET-WO-01408-OP-01,TABLET-WO-01408,1,SET3,1,OPER003,P038|P039,mapped
TABLET-WO-01409-OP-01,TABLET-WO-01409,1,SET3,1,OPER003,P038|P039,mapped
TABLET-WO-01410-OP-01,TABLET-WO-01410,1,SET3,1,OPER003,P038|P039,mapped
TABLET-WO-01411-OP-01,TABLET-WO-01411,1,SET3,1,OPER003,P038|P039,mapped
TABLET-WO-01412-OP-01,TABLET-WO-01412,1,SET3,1,OPER003,P038|P039,mapped
TABLET-WO-01413-OP-01,TABLET-WO-01413,1,SET3,1,OPER003,P038|P039,mapped
TABLET-WO-01414-OP-01,TABLET-WO-01414,1,SET3,1,OPER003,P038|P039,mapped
TABLET-WO-01415-OP-01,TABLET-WO-01415,1,SET3,2,OPER003,P038|P039,mapped
TABLET-WO-01416-OP-01,TABLET-WO-01416,1,SET3,1,OPER003,P038|P039,mapped
TABLET-WO-01417-OP-01,TABLET-WO-01417,1,SET3,1,OPER003,P038|P039,mapped
TABLET-WO-01418-OP-01,TABLET-WO-01418,1,SET3,1,OPER003,P038|P039,mapped
TABLET-WO-01419-OP-01,TABLET-WO-01419,1,SET3,1,OPER003,P038|P039,mapped
TABLET-WO-01420-OP-01,TABLET-WO-01420,1,SET3,2,OPER003,P038|P039,mapped
TABLET-WO-01421-OP-01,TABLET-WO-01421,1,SET3,2,OPER003,P038|P039,mapped
TABLET-WO-01422-OP-01,TABLET-WO-01422,1,SET3,2,OPER003,P038|P039,mapped
TABLET-WO-01423-OP-01,TABLET-WO-01423,1,SET3,1,OPER003,P038|P039,mapped
TABLET-WO-01424-OP-01,TABLET-WO-01424,1,SET3,2,OPER003,P038|P039,mapped
TABLET-WO-01425-OP-01,TABLET-WO-01425,1,SET3,1,OPER003,P038|P039,mapped
TABLET-WO-01426-OP-01,TABLET-WO-01426,1,SET3,1,OPER003,P038|P039,mapped
TABLET-WO-01427-OP-01,TABLET-WO-01427,1,SET3,1,OPER003,P038|P039,mapped
TABLET-WO-01428-OP-01,TABLET-WO-01428,1,SET3,1,OPER003,P038|P039,mapped
TABLET-WO-01429-OP-01,TABLET-WO-01429,1,SET3,1,OPER003,P038|P039,mapped
TABLET-WO-01430-OP-01,TABLET-WO-01430,1,SET3,1,OPER003,P038|P039,mapped
TABLET-WO-01431-OP-01,TABLET-WO-01431,1,SET3,1,OPER003,P038|P039,mapped
TABLET-WO-01432-OP-01,TABLET-WO-01432,1,SET3,1,OPER003,P038|P039,mapped
TABLET-WO-01433-OP-01,TABLET-WO-01433,1,SET3,1,OPER003,P038|P039,mapped
TABLET-WO-01434-OP-01,TABLET-WO-01434,1,SET3,1,OPER003,P038|P039,mapped
TABLET-WO-01435-OP-01,TABLET-WO-01435,1,SET3,1,OPER003,P038|P039,mapped
TABLET-WO-01436-OP-01,TABLET-WO-01436,1,SET3,1,OPER003,P038|P039,mapped
TABLET-WO-01437-OP-01,TABLET-WO-01437,1,SET3,1,OPER003,P038|P039,mapped
TABLET-WO-01438-OP-01,TABLET-WO-01438,1,SET3,1,OPER003,P038|P039,mapped
TABLET-WO-01439-OP-01,TABLET-WO-01439,1,SET3,1,OPER003,P038|P039,mapped
TABLET-WO-01440-OP-01,TABLET-WO-01440,1,SET3,1,OPER003,P038|P039,mapped
TABLET-WO-01441-OP-01,TABLET-WO-01441,1,SET3,1,OPER003,P038|P039,mapped
TABLET-WO-01442-OP-01,TABLET-WO-01442,1,SET3,1,OPER003,P038|P039,mapped
TABLET-WO-01443-OP-01,TABLET-WO-01443,1,SET3,1,OPER003,P038|P039,mapped
TABLET-WO-01444-OP-01,TABLET-WO-01444,1,SET3,1,OPER003,P038|P039,mapped
TABLET-WO-01445-OP-01,TABLET-WO-01445,1,SET3,1,OPER003,P038|P039,mapped
TABLET-WO-01446-OP-01,TABLET-WO-01446,1,SET3,1,OPER003,P038|P039,mapped
TABLET-WO-01447-OP-01,TABLET-WO-01447,1,SET3,1,OPER003,P038|P039,mapped
TABLET-WO-01448-OP-01,TABLET-WO-01448,1,SET3,1,OPER003,P038|P039,mapped
TABLET-WO-01449-OP-01,TABLET-WO-01449,1,SET3,1,OPER003,P038|P039,mapped
TABLET-WO-01450-OP-01,TABLET-WO-01450,1,SET3,1,OPER003,P038|P039,mapped
TABLET-WO-01451-OP-01,TABLET-WO-01451,1,SET3,1,OPER003,P038|P039,mapped
TABLET-WO-01452-OP-01,TABLET-WO-01452,1,SET3,1,OPER003,P038|P039,mapped
TABLET-WO-01453-OP-01,TABLET-WO-01453,1,SET3,1,OPER003,P038|P039,mapped
TABLET-WO-01454-OP-01,TABLET-WO-01454,1,SET3,1,OPER003,P038|P039,mapped
TABLET-WO-01455-OP-01,TABLET-WO-01455,1,SET3,1,OPER003,P038|P039,mapped
TABLET-WO-01456-OP-01,TABLET-WO-01456,1,SET3,1,OPER003,P038|P039,mapped
TABLET-WO-01457-OP-01,TABLET-WO-01457,1,SET3,1,OPER003,P038|P039,mapped
TABLET-WO-01458-OP-01,TABLET-WO-01458,1,SET3,1,OPER003,P038|P039,mapped
TABLET-WO-01459-OP-01,TABLET-WO-01459,1,SET3,1,OPER003,P038|P039,mapped
TABLET-WO-01460-OP-01,TABLET-WO-01460,1,SET3,1,OPER003,P038|P039,mapped
TABLET-WO-01461-OP-01,TABLET-WO-01461,1,SET3,1,OPER003,P038|P039,mapped
TABLET-WO-01462-OP-01,TABLET-WO-01462,1,SET3,1,OPER003,P038|P039,mapped
TABLET-WO-01463-OP-01,TABLET-WO-01463,1,SET3,1,OPER003,P038|P039,mapped
TABLET-WO-01464-OP-01,TABLET-WO-01464,1,SET3,1,OPER003,P038|P039,mapped
TABLET-WO-01465-OP-01,TABLET-WO-01465,1,SET3,1,OPER003,P038|P039,mapped
TABLET-WO-01466-OP-01,TABLET-WO-01466,1,SET3,1,OPER003,P038|P039,mapped
TABLET-WO-01467-OP-01,TABLET-WO-01467,1,SET3,1,OPER003,P038|P039,mapped
TABLET-WO-01468-OP-01,TABLET-WO-01468,1,SET3,1,OPER003,P038|P039,mapped
TABLET-WO-01469-OP-01,TABLET-WO-01469,1,SET3,1,OPER003,P038|P039,mapped
TABLET-WO-01470-OP-01,TABLET-WO-01470,1,SET3,1,OPER003,P038|P039,mapped
TABLET-WO-01471-OP-01,TABLET-WO-01471,1,SET3,1,OPER003,P038|P039,mapped
TABLET-WO-01472-OP-01,TABLET-WO-01472,1,SET3,1,OPER003,P038|P039,mapped
TABLET-WO-01473-OP-01,TABLET-WO-01473,1,SET3,1,OPER003,P038|P039,mapped
TABLET-WO-01474-OP-01,TABLET-WO-01474,1,SET3,1,OPER003,P038|P039,mapped
TABLET-WO-01475-OP-01,TABLET-WO-01475,1,SET3,1,OPER003,P038|P039,mapped
TABLET-WO-01476-OP-01,TABLET-WO-01476,1,SET3,1,OPER003,P038|P039,mapped
TABLET-WO-01477-OP-01,TABLET-WO-01477,1,SET3,1,OPER003,P038|P039,mapped
TABLET-WO-01478-OP-01,TABLET-WO-01478,1,SET3,1,OPER003,P038|P039,mapped
TABLET-WO-01479-OP-01,TABLET-WO-01479,1,SET3,1,OPER003,P038|P039,mapped
TABLET-WO-01480-OP-01,TABLET-WO-01480,1,SET3,1,OPER003,P038|P039,mapped
TABLET-WO-01481-OP-01,TABLET-WO-01481,1,SET4,1,OPER004,P053|P052,mapped
TABLET-WO-01482-OP-01,TABLET-WO-01482,1,SET4,1,OPER004,P053|P052,mapped
TABLET-WO-01483-OP-01,TABLET-WO-01483,1,SET4,2,OPER004,P053|P052,mapped
TABLET-WO-01484-OP-01,TABLET-WO-01484,1,SET4,1,OPER004,P053|P052,mapped
TABLET-WO-01485-OP-01,TABLET-WO-01485,1,SET4,1,OPER004,P053|P052,mapped
TABLET-WO-01486-OP-01,TABLET-WO-01486,1,SET4,1,OPER004,P053|P052,mapped
TABLET-WO-01487-OP-01,TABLET-WO-01487,1,SET4,1,OPER004,P053|P052,mapped
TABLET-WO-01488-OP-01,TABLET-WO-01488,1,SET4,1,OPER004,P053|P052,mapped
TABLET-WO-01489-OP-01,TABLET-WO-01489,1,SET4,1,OPER004,P053|P052,mapped
TABLET-WO-01490-OP-01,TABLET-WO-01490,1,SET4,1,OPER004,P053|P052,mapped
TABLET-WO-01491-OP-01,TABLET-WO-01491,1,SET4,1,OPER004,P053|P052,mapped
TABLET-WO-01492-OP-01,TABLET-WO-01492,1,SET4,1,OPER004,P053|P052,mapped
TABLET-WO-01493-OP-01,TABLET-WO-01493,1,SET4,1,OPER004,P053|P052,mapped
TABLET-WO-01494-OP-01,TABLET-WO-01494,1,SET4,2,OPER004,P053|P052,mapped
TABLET-WO-01495-OP-01,TABLET-WO-01495,1,SET4,2,OPER004,P053|P052,mapped
TABLET-WO-01496-OP-01,TABLET-WO-01496,1,SET4,2,OPER004,P053|P052,mapped
TABLET-WO-01497-OP-01,TABLET-WO-01497,1,SET4,2,OPER004,P053|P052,mapped
TABLET-WO-01498-OP-01,TABLET-WO-01498,1,SET4,1,OPER004,P053|P052,mapped
TABLET-WO-01499-OP-01,TABLET-WO-01499,1,SET4,2,OPER004,P053|P052,mapped
TABLET-WO-01500-OP-01,TABLET-WO-01500,1,SET4,2,OPER004,P053|P052,mapped
TABLET-WO-01501-OP-01,TABLET-WO-01501,1,SET4,2,OPER004,P053|P052,mapped
TABLET-WO-01502-OP-01,TABLET-WO-01502,1,SET4,2,OPER004,P053|P052,mapped
TABLET-WO-01503-OP-01,TABLET-WO-01503,1,SET4,2,OPER004,P053|P052,mapped
TABLET-WO-01504-OP-01,TABLET-WO-01504,1,SET4,2,OPER004,P053|P052,mapped
TABLET-WO-01505-OP-01,TABLET-WO-01505,1,SET4,2,OPER004,P053|P052,mapped
TABLET-WO-01506-OP-01,TABLET-WO-01506,1,SET4,2,OPER004,P053|P052,mapped
TABLET-WO-01507-OP-01,TABLET-WO-01507,1,SET4,2,OPER004,P053|P052,mapped
TABLET-WO-01508-OP-01,TABLET-WO-01508,1,SET4,2,OPER004,P053|P052,mapped
TABLET-WO-01509-OP-01,TABLET-WO-01509,1,SET4,2,OPER004,P053|P052,mapped
TABLET-WO-01510-OP-01,TABLET-WO-01510,1,SET4,1,OPER004,P053|P052,mapped
TABLET-WO-01511-OP-01,TABLET-WO-01511,1,SET4,2,OPER004,P053|P052,mapped
TABLET-WO-01512-OP-01,TABLET-WO-01512,1,SET4,2,OPER004,P053|P052,mapped
TABLET-WO-01513-OP-01,TABLET-WO-01513,1,SET4,2,OPER004,P053|P052,mapped
TABLET-WO-01514-OP-01,TABLET-WO-01514,1,SET4,2,OPER004,P053|P052,mapped
TABLET-WO-01515-OP-01,TABLET-WO-01515,1,SET4,2,OPER004,P053|P052,mapped
TABLET-WO-01516-OP-01,TABLET-WO-01516,1,SET4,2,OPER004,P053|P052,mapped
TABLET-WO-01517-OP-01,TABLET-WO-01517,1,SET4,1,OPER004,P053|P052,mapped
TABLET-WO-01518-OP-01,TABLET-WO-01518,1,SET4,2,OPER004,P053|P052,mapped
TABLET-WO-01519-OP-01,TABLET-WO-01519,1,SET4,1,OPER004,P053|P052,mapped
TABLET-WO-01520-OP-01,TABLET-WO-01520,1,SET4,1,OPER004,P053|P052,mapped
TABLET-WO-01521-OP-01,TABLET-WO-01521,1,SET4,1,OPER004,P053|P052,mapped
TABLET-WO-01522-OP-01,TABLET-WO-01522,1,SET4,1,OPER004,P053|P052,mapped
TABLET-WO-01523-OP-01,TABLET-WO-01523,1,SET4,1,OPER004,P053|P052,mapped
TABLET-WO-01524-OP-01,TABLET-WO-01524,1,SET4,1,OPER004,P053|P052,mapped
TABLET-WO-01525-OP-01,TABLET-WO-01525,1,SET4,1,OPER004,P053|P052,mapped
TABLET-WO-01526-OP-01,TABLET-WO-01526,1,SET4,1,OPER004,P053|P052,mapped
TABLET-WO-01527-OP-01,TABLET-WO-01527,1,SET4,1,OPER004,P053|P052,mapped
TABLET-WO-01528-OP-01,TABLET-WO-01528,1,SET4,1,OPER004,P053|P052,mapped
TABLET-WO-01529-OP-01,TABLET-WO-01529,1,SET4,2,OPER004,P053|P052,mapped
TABLET-WO-01530-OP-01,TABLET-WO-01530,1,SET4,1,OPER004,P053|P052,mapped
TABLET-WO-01531-OP-01,TABLET-WO-01531,1,SET4,1,OPER004,P053|P052,mapped
TABLET-WO-01532-OP-01,TABLET-WO-01532,1,SET4,1,OPER004,P053|P052,mapped
TABLET-WO-01533-OP-01,TABLET-WO-01533,1,SET4,1,OPER004,P053|P052,mapped
TABLET-WO-01534-OP-01,TABLET-WO-01534,1,SET4,1,OPER004,P053|P052,mapped
TABLET-WO-01535-OP-01,TABLET-WO-01535,1,SET4,1,OPER004,P053|P052,mapped
TABLET-WO-01536-OP-01,TABLET-WO-01536,1,SET4,1,OPER004,P053|P052,mapped
TABLET-WO-01537-OP-01,TABLET-WO-01537,1,SET4,1,OPER004,P053|P052,mapped
TABLET-WO-01538-OP-01,TABLET-WO-01538,1,SET4,1,OPER004,P053|P052,mapped
TABLET-WO-01539-OP-01,TABLET-WO-01539,1,SET4,1,OPER004,P053|P052,mapped
TABLET-WO-01540-OP-01,TABLET-WO-01540,1,SET4,1,OPER004,P053|P052,mapped
TABLET-WO-01541-OP-01,TABLET-WO-01541,1,SET4,1,OPER004,P053|P052,mapped
TABLET-WO-01542-OP-01,TABLET-WO-01542,1,SET4,1,OPER004,P053|P052,mapped
TABLET-WO-01543-OP-01,TABLET-WO-01543,1,SET4,1,OPER004,P053|P052,mapped
TABLET-WO-01544-OP-01,TABLET-WO-01544,1,SET4,1,OPER004,P053|P052,mapped
TABLET-WO-01545-OP-01,TABLET-WO-01545,1,SET4,1,OPER004,P053|P052,mapped
TABLET-WO-01546-OP-01,TABLET-WO-01546,1,SET4,1,OPER004,P053|P052,mapped
TABLET-WO-01547-OP-01,TABLET-WO-01547,1,SET4,1,OPER004,P053|P052,mapped
TABLET-WO-01548-OP-01,TABLET-WO-01548,1,SET4,1,OPER004,P053|P052,mapped
TABLET-WO-01549-OP-01,TABLET-WO-01549,1,SET4,1,OPER004,P053|P052,mapped
TABLET-WO-01550-OP-01,TABLET-WO-01550,1,SET4,1,OPER004,P053|P052,mapped
TABLET-WO-01551-OP-01,TABLET-WO-01551,1,SET4,1,OPER004,P053|P052,mapped
TABLET-WO-01552-OP-01,TABLET-WO-01552,1,SET4,1,OPER004,P053|P052,mapped
TABLET-WO-01553-OP-01,TABLET-WO-01553,1,SET4,1,OPER004,P053|P052,mapped
TABLET-WO-01554-OP-01,TABLET-WO-01554,1,SET4,1,OPER004,P053|P052,mapped
TABLET-WO-01555-OP-01,TABLET-WO-01555,1,SET4,1,OPER004,P053|P052,mapped
TABLET-WO-01556-OP-01,TABLET-WO-01556,1,SET4,1,OPER004,P053|P052,mapped
TABLET-WO-01557-OP-01,TABLET-WO-01557,1,SET4,1,OPER004,P053|P052,mapped
TABLET-WO-01558-OP-01,TABLET-WO-01558,1,SET4,1,OPER004,P053|P052,mapped
TABLET-WO-01559-OP-01,TABLET-WO-01559,1,SET4,1,OPER004,P053|P052,mapped
TABLET-WO-01560-OP-01,TABLET-WO-01560,1,SET4,1,OPER004,P053|P052,mapped
TABLET-WO-01561-OP-01,TABLET-WO-01561,1,SET4,1,OPER004,P053|P052,mapped
TABLET-WO-01562-OP-01,TABLET-WO-01562,1,SET4,1,OPER004,P053|P052,mapped
TABLET-WO-01563-OP-01,TABLET-WO-01563,1,SET4,1,OPER004,P053|P052,mapped
TABLET-WO-01564-OP-01,TABLET-WO-01564,1,SET4,1,OPER004,P053|P052,mapped
TABLET-WO-01565-OP-01,TABLET-WO-01565,1,SET4,1,OPER004,P053|P052,mapped
TABLET-WO-01566-OP-01,TABLET-WO-01566,1,SET4,1,OPER004,P053|P052,mapped
TABLET-WO-01567-OP-01,TABLET-WO-01567,1,SET4,1,OPER004,P053|P052,mapped
TABLET-WO-01568-OP-01,TABLET-WO-01568,1,SET4,1,OPER004,P053|P052,mapped
TABLET-WO-01569-OP-01,TABLET-WO-01569,1,SET4,1,OPER004,P053|P052,mapped
TABLET-WO-01570-OP-01,TABLET-WO-01570,1,SET4,1,OPER004,P053|P052,mapped
TABLET-WO-01571-OP-01,TABLET-WO-01571,1,SET4,1,OPER004,P053|P052,mapped
TABLET-WO-01572-OP-01,TABLET-WO-01572,1,SET4,1,OPER004,P053|P052,mapped
TABLET-WO-01573-OP-01,TABLET-WO-01573,1,SET4,1,OPER004,P053|P052,mapped
TABLET-WO-01574-OP-01,TABLET-WO-01574,1,SET4,1,OPER004,P053|P052,mapped
TABLET-WO-01575-OP-01,TABLET-WO-01575,1,SET4,1,OPER004,P053|P052,mapped
TABLET-WO-01576-OP-01,TABLET-WO-01576,1,SET4,1,OPER004,P053|P052,mapped
TABLET-WO-01577-OP-01,TABLET-WO-01577,1,SET4,1,OPER004,P053|P052,mapped
TABLET-WO-01578-OP-01,TABLET-WO-01578,1,SET4,1,OPER004,P053|P052,mapped
TABLET-WO-01579-OP-01,TABLET-WO-01579,1,SET4,1,OPER004,P053|P052,mapped
TABLET-WO-01580-OP-01,TABLET-WO-01580,1,SET4,1,OPER004,P053|P052,mapped
TABLET-WO-01581-OP-01,TABLET-WO-01581,1,SET4,1,OPER004,P053|P052,mapped
TABLET-WO-01582-OP-01,TABLET-WO-01582,1,SET4,1,OPER004,P053|P052,mapped
TABLET-WO-01583-OP-01,TABLET-WO-01583,1,SET4,1,OPER004,P053|P052,mapped
TABLET-WO-01584-OP-01,TABLET-WO-01584,1,SET4,1,OPER004,P053|P052,mapped
TABLET-WO-01585-OP-01,TABLET-WO-01585,1,SET4,1,OPER004,P053|P052,mapped
TABLET-WO-01586-OP-01,TABLET-WO-01586,1,SET4,1,OPER004,P053|P052,mapped
TABLET-WO-01587-OP-01,TABLET-WO-01587,1,SET4,1,OPER004,P053|P052,mapped
TABLET-WO-01588-OP-01,TABLET-WO-01588,1,SET4,1,OPER004,P053|P052,mapped
TABLET-WO-01589-OP-01,TABLET-WO-01589,1,SET4,1,OPER004,P053|P052,mapped
TABLET-WO-01590-OP-01,TABLET-WO-01590,1,SET4,1,OPER004,P053|P052,mapped
TABLET-WO-01591-OP-01,TABLET-WO-01591,1,SET4,1,OPER004,P053|P052,mapped
TABLET-WO-01592-OP-01,TABLET-WO-01592,1,SET4,1,OPER004,P053|P052,mapped
TABLET-WO-01593-OP-01,TABLET-WO-01593,1,SET4,1,OPER004,P053|P052,mapped
TABLET-WO-01594-OP-01,TABLET-WO-01594,1,SET4,1,OPER004,P053|P052,mapped
TABLET-WO-01595-OP-01,TABLET-WO-01595,1,SET4,1,OPER004,P053|P052,mapped
TABLET-WO-01596-OP-01,TABLET-WO-01596,1,SET4,1,OPER004,P053|P052,mapped
TABLET-WO-01597-OP-01,TABLET-WO-01597,1,SET4,1,OPER004,P053|P052,mapped
TABLET-WO-01598-OP-01,TABLET-WO-01598,1,SET4,1,OPER004,P053|P052,mapped
TABLET-WO-01599-OP-01,TABLET-WO-01599,1,SET4,1,OPER004,P053|P052,mapped
TABLET-WO-01600-OP-01,TABLET-WO-01600,1,SET4,1,OPER004,P053|P052,mapped
TABLET-WO-01601-OP-01,TABLET-WO-01601,1,SET4,1,OPER004,P053|P052,mapped
TABLET-WO-01602-OP-01,TABLET-WO-01602,1,SET4,1,OPER004,P053|P052,mapped
TABLET-WO-01603-OP-01,TABLET-WO-01603,1,SET4,1,OPER004,P053|P052,mapped
TABLET-WO-01604-OP-01,TABLET-WO-01604,1,SET4,1,OPER004,P053|P052,mapped
TABLET-WO-01605-OP-01,TABLET-WO-01605,1,SET4,1,OPER004,P053|P052,mapped
TABLET-WO-01606-OP-01,TABLET-WO-01606,1,SET4,1,OPER004,P053|P052,mapped
TABLET-WO-01607-OP-01,TABLET-WO-01607,1,SET4,3,OPER004,P053|P052,mapped
TABLET-WO-01608-OP-01,TABLET-WO-01608,1,SET4,2,OPER004,P053|P052,mapped
TABLET-WO-01609-OP-01,TABLET-WO-01609,1,SET4,3,OPER004,P053|P052,mapped
TABLET-WO-01610-OP-01,TABLET-WO-01610,1,SET4,3,OPER004,P053|P052,mapped
TABLET-WO-01611-OP-01,TABLET-WO-01611,1,SET4,3,OPER004,P053|P052,mapped
TABLET-WO-01612-OP-01,TABLET-WO-01612,1,SET4,1,OPER004,P053|P052,mapped
TABLET-WO-01613-OP-01,TABLET-WO-01613,1,SET4,1,OPER004,P053|P052,mapped
TABLET-WO-01614-OP-01,TABLET-WO-01614,1,SET4,1,OPER004,P053|P052,mapped
TABLET-WO-01615-OP-01,TABLET-WO-01615,1,SET4,1,OPER004,P053|P052,mapped
TABLET-WO-01616-OP-01,TABLET-WO-01616,1,SET4,1,OPER004,P053|P052,mapped
TABLET-WO-01617-OP-01,TABLET-WO-01617,1,SET4,1,OPER004,P053|P052,mapped
TABLET-WO-01618-OP-01,TABLET-WO-01618,1,SET4,1,OPER004,P053|P052,mapped
TABLET-WO-01619-OP-01,TABLET-WO-01619,1,SET4,1,OPER004,P053|P052,mapped
TABLET-WO-01620-OP-01,TABLET-WO-01620,1,SET4,1,OPER004,P053|P052,mapped
TABLET-WO-01621-OP-01,TABLET-WO-01621,1,SET4,1,OPER004,P053|P052,mapped
TABLET-WO-01622-OP-01,TABLET-WO-01622,1,SET4,1,OPER004,P053|P052,mapped
TABLET-WO-01623-OP-01,TABLET-WO-01623,1,SET4,2,OPER004,P053|P052,mapped
TABLET-WO-01624-OP-01,TABLET-WO-01624,1,SET4,1,OPER004,P053|P052,mapped
TABLET-WO-01625-OP-01,TABLET-WO-01625,1,SET4,1,OPER004,P053|P052,mapped
TABLET-WO-01626-OP-01,TABLET-WO-01626,1,SET4,1,OPER004,P053|P052,mapped
TABLET-WO-01627-OP-01,TABLET-WO-01627,1,SET4,1,OPER004,P053|P052,mapped
TABLET-WO-01628-OP-01,TABLET-WO-01628,1,SET4,1,OPER004,P053|P052,mapped
TABLET-WO-01629-OP-01,TABLET-WO-01629,1,SET4,2,OPER004,P062|P059,mapped
TABLET-WO-01630-OP-01,TABLET-WO-01630,1,SET4,2,OPER004,P062|P059,mapped
TABLET-WO-01631-OP-01,TABLET-WO-01631,1,SET4,1,OPER004,P062|P059,mapped
TABLET-WO-01632-OP-01,TABLET-WO-01632,1,SET4,1,OPER004,P062|P059,mapped
TABLET-WO-01633-OP-01,TABLET-WO-01633,1,SET4,3,OPER004,P062|P059,mapped
TABLET-WO-01634-OP-01,TABLET-WO-01634,1,SET4,2,OPER004,P062|P059,mapped
TABLET-WO-01635-OP-01,TABLET-WO-01635,1,SET4,2,OPER004,P062|P059,mapped
TABLET-WO-01636-OP-01,TABLET-WO-01636,1,SET4,3,OPER004,P062|P059,mapped
TABLET-WO-01637-OP-01,TABLET-WO-01637,1,SET4,2,OPER004,P062|P059,mapped
TABLET-WO-01638-OP-01,TABLET-WO-01638,1,SET4,2,OPER004,P062|P059,mapped
TABLET-WO-01639-OP-01,TABLET-WO-01639,1,SET4,2,OPER004,P062|P059,mapped
TABLET-WO-01640-OP-01,TABLET-WO-01640,1,SET4,2,OPER004,P062|P059,mapped
TABLET-WO-01641-OP-01,TABLET-WO-01641,1,SET4,2,OPER004,P062|P059,mapped
TABLET-WO-01642-OP-01,TABLET-WO-01642,1,SET4,2,OPER004,P062|P059,mapped
TABLET-WO-01643-OP-01,TABLET-WO-01643,1,SET4,2,OPER004,P062|P059,mapped
TABLET-WO-01644-OP-01,TABLET-WO-01644,1,SET4,3,OPER004,P062|P059,mapped
TABLET-WO-01645-OP-01,TABLET-WO-01645,1,SET4,3,OPER004,P062|P059,mapped
TABLET-WO-01646-OP-01,TABLET-WO-01646,1,SET4,1,OPER004,P062|P059,mapped
TABLET-WO-01647-OP-01,TABLET-WO-01647,1,SET4,2,OPER004,P062|P059,mapped
TABLET-WO-01648-OP-01,TABLET-WO-01648,1,SET4,2,OPER004,P062|P059,mapped
TABLET-WO-01649-OP-01,TABLET-WO-01649,1,SET4,2,OPER004,P062|P059,mapped
TABLET-WO-01650-OP-01,TABLET-WO-01650,1,SET4,2,OPER004,P062|P059,mapped
TABLET-WO-01651-OP-01,TABLET-WO-01651,1,SET4,2,OPER004,P062|P059,mapped
TABLET-WO-01652-OP-01,TABLET-WO-01652,1,SET4,2,OPER004,P062|P059,mapped
TABLET-WO-01653-OP-01,TABLET-WO-01653,1,SET4,2,OPER004,P062|P059,mapped
TABLET-WO-01654-OP-01,TABLET-WO-01654,1,SET4,2,OPER004,P062|P059,mapped
TABLET-WO-01655-OP-01,TABLET-WO-01655,1,SET4,3,OPER004,P062|P059,mapped
TABLET-WO-01656-OP-01,TABLET-WO-01656,1,SET4,2,OPER004,P062|P059,mapped
TABLET-WO-01657-OP-01,TABLET-WO-01657,1,SET4,3,OPER004,P062|P059,mapped
TABLET-WO-01658-OP-01,TABLET-WO-01658,1,SET4,3,OPER004,P062|P059,mapped
TABLET-WO-01659-OP-01,TABLET-WO-01659,1,SET4,3,OPER004,P062|P059,mapped
TABLET-WO-01660-OP-01,TABLET-WO-01660,1,SET4,2,OPER004,P062|P059,mapped
TABLET-WO-01661-OP-01,TABLET-WO-01661,1,SET4,2,OPER004,P062|P059,mapped
TABLET-WO-01662-OP-01,TABLET-WO-01662,1,SET4,2,OPER004,P062|P059,mapped
TABLET-WO-01663-OP-01,TABLET-WO-01663,1,SET4,1,OPER004,P062|P059,mapped
TABLET-WO-01664-OP-01,TABLET-WO-01664,1,SET4,1,OPER004,P062|P059,mapped
TABLET-WO-01665-OP-01,TABLET-WO-01665,1,SET4,1,OPER004,P062|P059,mapped
TABLET-WO-01666-OP-01,TABLET-WO-01666,1,SET4,2,OPER004,P062|P059,mapped
TABLET-WO-01667-OP-01,TABLET-WO-01667,1,SET4,1,OPER004,P062|P059,mapped
TABLET-WO-01668-OP-01,TABLET-WO-01668,1,SET4,3,OPER004,P062|P059,mapped
TABLET-WO-01669-OP-01,TABLET-WO-01669,1,SET4,4,OPER004,P062|P059,mapped
TABLET-WO-01670-OP-01,TABLET-WO-01670,1,SET4,2,OPER004,P062|P059,mapped
TABLET-WO-01671-OP-01,TABLET-WO-01671,1,SET4,2,OPER004,P062|P059,mapped
TABLET-WO-01672-OP-01,TABLET-WO-01672,1,SET4,2,OPER004,P062|P059,mapped
TABLET-WO-01673-OP-01,TABLET-WO-01673,1,SET4,2,OPER004,P062|P059,mapped
TABLET-WO-01674-OP-01,TABLET-WO-01674,1,SET4,2,OPER004,P062|P059,mapped
TABLET-WO-01675-OP-01,TABLET-WO-01675,1,SET4,2,OPER004,P062|P059,mapped
TABLET-WO-01676-OP-01,TABLET-WO-01676,1,SET4,3,OPER004,P062|P059,mapped
TABLET-WO-01677-OP-01,TABLET-WO-01677,1,SET4,3,OPER004,P062|P059,mapped
TABLET-WO-01678-OP-01,TABLET-WO-01678,1,SET4,2,OPER004,P062|P059,mapped
TABLET-WO-01679-OP-01,TABLET-WO-01679,1,SET4,2,OPER004,P062|P059,mapped
TABLET-WO-01680-OP-01,TABLET-WO-01680,1,SET4,2,OPER004,P062|P059,mapped
TABLET-WO-01681-OP-01,TABLET-WO-01681,1,SET4,1,OPER004,P062|P059,mapped
TABLET-WO-01682-OP-01,TABLET-WO-01682,1,SET4,1,OPER004,P062|P059,mapped
TABLET-WO-01683-OP-01,TABLET-WO-01683,1,SET4,1,OPER004,P062|P059,mapped
TABLET-WO-01684-OP-01,TABLET-WO-01684,1,SET4,1,OPER004,P062|P059,mapped
TABLET-WO-01685-OP-01,TABLET-WO-01685,1,SET4,1,OPER004,P062|P059,mapped
TABLET-WO-01686-OP-01,TABLET-WO-01686,1,SET4,2,OPER004,P062|P059,mapped
TABLET-WO-01687-OP-01,TABLET-WO-01687,1,SET4,2,OPER004,P062|P059,mapped
TABLET-WO-01688-OP-01,TABLET-WO-01688,1,SET4,1,OPER004,P062|P059,mapped
TABLET-WO-01689-OP-01,TABLET-WO-01689,1,SET4,1,OPER004,P062|P059,mapped
TABLET-WO-01690-OP-01,TABLET-WO-01690,1,SET4,1,OPER004,P062|P059,mapped
TABLET-WO-01691-OP-01,TABLET-WO-01691,1,SET4,2,OPER004,P062|P059,mapped
TABLET-WO-01692-OP-01,TABLET-WO-01692,1,SET4,2,OPER004,P062|P059,mapped
TABLET-WO-01693-OP-01,TABLET-WO-01693,1,SET4,1,OPER004,P062|P059,mapped
TABLET-WO-01694-OP-01,TABLET-WO-01694,1,SET4,2,OPER004,P062|P059,mapped
TABLET-WO-01695-OP-01,TABLET-WO-01695,1,SET4,2,OPER004,P062|P059,mapped
TABLET-WO-01696-OP-01,TABLET-WO-01696,1,SET4,2,OPER004,P062|P059,mapped
TABLET-WO-01697-OP-01,TABLET-WO-01697,1,SET4,2,OPER004,P062|P059,mapped
TABLET-WO-01698-OP-01,TABLET-WO-01698,1,SET4,2,OPER004,P062|P059,mapped
TABLET-WO-01699-OP-01,TABLET-WO-01699,1,SET4,2,OPER004,P062|P059,mapped
TABLET-WO-01700-OP-01,TABLET-WO-01700,1,SET4,2,OPER004,P062|P059,mapped
TABLET-WO-01701-OP-01,TABLET-WO-01701,1,SET4,2,OPER004,P062|P059,mapped
TABLET-WO-01702-OP-01,TABLET-WO-01702,1,SET4,2,OPER004,P062|P059,mapped
TABLET-WO-01703-OP-01,TABLET-WO-01703,1,SET4,1,OPER004,P062|P059,mapped
TABLET-WO-01704-OP-01,TABLET-WO-01704,1,SET4,1,OPER004,P062|P059,mapped
TABLET-WO-01705-OP-01,TABLET-WO-01705,1,SET4,1,OPER004,P062|P059,mapped
TABLET-WO-01706-OP-01,TABLET-WO-01706,1,SET4,2,OPER004,P062|P059,mapped
TABLET-WO-01707-OP-01,TABLET-WO-01707,1,SET4,2,OPER004,P062|P059,mapped
TABLET-WO-01708-OP-01,TABLET-WO-01708,1,SET4,2,OPER004,P062|P059,mapped
TABLET-WO-01709-OP-01,TABLET-WO-01709,1,SET4,2,OPER004,P062|P059,mapped
TABLET-WO-01710-OP-01,TABLET-WO-01710,1,SET4,2,OPER004,P062|P059,mapped
TABLET-WO-01711-OP-01,TABLET-WO-01711,1,SET4,1,OPER004,P062|P059,mapped
TABLET-WO-01712-OP-01,TABLET-WO-01712,1,SET4,2,OPER004,P062|P059,mapped
TABLET-WO-01713-OP-01,TABLET-WO-01713,1,SET4,2,OPER004,P062|P059,mapped
TABLET-WO-01714-OP-01,TABLET-WO-01714,1,SET4,2,OPER004,P062|P059,mapped
TABLET-WO-01715-OP-01,TABLET-WO-01715,1,SET4,3,OPER004,P062|P059,mapped
TABLET-WO-01716-OP-01,TABLET-WO-01716,1,SET4,3,OPER004,P062|P059,mapped
TABLET-WO-01717-OP-01,TABLET-WO-01717,1,SET4,2,OPER004,P062|P059,mapped
TABLET-WO-01718-OP-01,TABLET-WO-01718,1,SET4,2,OPER004,P062|P059,mapped
TABLET-WO-01719-OP-01,TABLET-WO-01719,1,SET4,2,OPER004,P062|P059,mapped
TABLET-WO-01720-OP-01,TABLET-WO-01720,1,SET4,2,OPER004,P062|P059,mapped
TABLET-WO-01721-OP-01,TABLET-WO-01721,1,SET4,1,OPER004,P062|P059,mapped
TABLET-WO-01722-OP-01,TABLET-WO-01722,1,SET4,1,OPER004,P062|P059,mapped
TABLET-WO-01723-OP-01,TABLET-WO-01723,1,SET4,2,OPER004,P062|P059,mapped
TABLET-WO-01724-OP-01,TABLET-WO-01724,1,SET4,1,OPER004,P062|P059,mapped
TABLET-WO-01725-OP-01,TABLET-WO-01725,1,SET4,1,OPER004,P062|P059,mapped
TABLET-WO-01726-OP-01,TABLET-WO-01726,1,SET4,1,OPER004,P062|P059,mapped
TABLET-WO-01727-OP-01,TABLET-WO-01727,1,SET4,2,OPER004,P062|P059,mapped
TABLET-WO-01728-OP-01,TABLET-WO-01728,1,SET4,1,OPER004,P062|P059,mapped
TABLET-WO-01729-OP-01,TABLET-WO-01729,1,SET4,2,OPER004,P062|P059,mapped
TABLET-WO-01730-OP-01,TABLET-WO-01730,1,SET4,1,OPER004,P062|P059,mapped
TABLET-WO-01731-OP-01,TABLET-WO-01731,1,SET4,2,OPER004,P062|P059,mapped
TABLET-WO-01732-OP-01,TABLET-WO-01732,1,SET4,2,OPER004,P062|P059,mapped
TABLET-WO-01733-OP-01,TABLET-WO-01733,1,SET4,2,OPER004,P062|P059,mapped
TABLET-WO-01734-OP-01,TABLET-WO-01734,1,SET4,2,OPER004,P062|P059,mapped
TABLET-WO-01735-OP-01,TABLET-WO-01735,1,SET4,2,OPER004,P062|P059,mapped
TABLET-WO-01736-OP-01,TABLET-WO-01736,1,SET4,2,OPER004,P062|P059,mapped
TABLET-WO-01737-OP-01,TABLET-WO-01737,1,SET4,1,OPER004,P062|P059,mapped
TABLET-WO-01738-OP-01,TABLET-WO-01738,1,SET4,2,OPER004,P062|P059,mapped
TABLET-WO-01739-OP-01,TABLET-WO-01739,1,SET4,2,OPER004,P062|P059,mapped
TABLET-WO-01740-OP-01,TABLET-WO-01740,1,SET4,3,OPER004,P062|P059,mapped
TABLET-WO-01741-OP-01,TABLET-WO-01741,1,SET4,3,OPER004,P062|P059,mapped
TABLET-WO-01742-OP-01,TABLET-WO-01742,1,SET4,3,OPER004,P062|P059,mapped
TABLET-WO-01743-OP-01,TABLET-WO-01743,1,SET4,3,OPER004,P062|P059,mapped
TABLET-WO-01744-OP-01,TABLET-WO-01744,1,SET4,2,OPER004,P062|P059,mapped
TABLET-WO-01745-OP-01,TABLET-WO-01745,1,SET4,3,OPER004,P062|P059,mapped
TABLET-WO-01746-OP-01,TABLET-WO-01746,1,SET4,2,OPER004,P062|P059,mapped
TABLET-WO-01747-OP-01,TABLET-WO-01747,1,SET4,1,OPER004,P062|P059,mapped
TABLET-WO-01748-OP-01,TABLET-WO-01748,1,SET4,1,OPER004,P062|P059,mapped
TABLET-WO-01749-OP-01,TABLET-WO-01749,1,SET4,2,OPER004,P062|P059,mapped
TABLET-WO-01750-OP-01,TABLET-WO-01750,1,SET4,2,OPER004,P062|P059,mapped
TABLET-WO-01751-OP-01,TABLET-WO-01751,1,SET4,2,OPER004,P062|P059,mapped
TABLET-WO-01752-OP-01,TABLET-WO-01752,1,SET4,2,OPER004,P062|P059,mapped
TABLET-WO-01753-OP-01,TABLET-WO-01753,1,SET4,1,OPER004,P062|P059,mapped
TABLET-WO-01754-OP-01,TABLET-WO-01754,1,SET4,1,OPER004,P062|P059,mapped
TABLET-WO-01755-OP-01,TABLET-WO-01755,1,SET4,3,OPER004,P062|P059,mapped
TABLET-WO-01756-OP-01,TABLET-WO-01756,1,SET4,3,OPER004,P062|P059,mapped
TABLET-WO-01757-OP-01,TABLET-WO-01757,1,SET4,3,OPER004,P062|P059,mapped
TABLET-WO-01758-OP-01,TABLET-WO-01758,1,SET4,3,OPER004,P062|P059,mapped
TABLET-WO-01759-OP-01,TABLET-WO-01759,1,SET4,2,OPER004,P062|P059,mapped
TABLET-WO-01760-OP-01,TABLET-WO-01760,1,SET4,2,OPER004,P062|P059,mapped
TABLET-WO-01761-OP-01,TABLET-WO-01761,1,SET4,2,OPER004,P062|P059,mapped
TABLET-WO-01762-OP-01,TABLET-WO-01762,1,SET4,2,OPER004,P062|P059,mapped
TABLET-WO-01763-OP-01,TABLET-WO-01763,1,SET4,2,OPER004,P062|P059,mapped
TABLET-WO-01764-OP-01,TABLET-WO-01764,1,SET4,1,OPER004,P062|P059,mapped
TABLET-WO-01765-OP-01,TABLET-WO-01765,1,SET4,2,OPER004,P062|P059,mapped
TABLET-WO-01766-OP-01,TABLET-WO-01766,1,SET4,1,OPER004,P062|P059,mapped
TABLET-WO-01767-OP-01,TABLET-WO-01767,1,SET4,1,OPER004,P062|P059,mapped
TABLET-WO-01768-OP-01,TABLET-WO-01768,1,SET4,3,OPER004,P062|P059,mapped
TABLET-WO-01769-OP-01,TABLET-WO-01769,1,SET4,3,OPER004,P062|P059,mapped
TABLET-WO-01770-OP-01,TABLET-WO-01770,1,SET4,1,OPER004,P062|P059,mapped
TABLET-WO-01771-OP-01,TABLET-WO-01771,1,SET4,2,OPER004,P062|P059,mapped
TABLET-WO-01772-OP-01,TABLET-WO-01772,1,SET4,1,OPER004,P062|P059,mapped
TABLET-WO-01773-OP-01,TABLET-WO-01773,1,SET4,2,OPER004,P062|P059,mapped
TABLET-WO-01774-OP-01,TABLET-WO-01774,1,SET4,2,OPER004,P062|P059,mapped
TABLET-WO-01775-OP-01,TABLET-WO-01775,1,SET4,2,OPER004,P062|P059,mapped
TABLET-WO-01776-OP-01,TABLET-WO-01776,1,SET4,2,OPER004,P062|P059,mapped
TABLET-WO-01777-OP-01,TABLET-WO-01777,1,SET4,3,OPER004,P063|P059,mapped
TABLET-WO-01778-OP-01,TABLET-WO-01778,1,SET4,2,OPER004,P063|P059,mapped
TABLET-WO-01779-OP-01,TABLET-WO-01779,1,SET4,2,OPER004,P063|P059,mapped
TABLET-WO-01780-OP-01,TABLET-WO-01780,1,SET4,2,OPER004,P063|P059,mapped
TABLET-WO-01781-OP-01,TABLET-WO-01781,1,SET4,4,OPER004,P063|P059,mapped
TABLET-WO-01782-OP-01,TABLET-WO-01782,1,SET4,4,OPER004,P063|P059,mapped
TABLET-WO-01783-OP-01,TABLET-WO-01783,1,SET4,3,OPER004,P063|P059,mapped
TABLET-WO-01784-OP-01,TABLET-WO-01784,1,SET4,3,OPER004,P063|P059,mapped
TABLET-WO-01785-OP-01,TABLET-WO-01785,1,SET4,3,OPER004,P063|P059,mapped
TABLET-WO-01786-OP-01,TABLET-WO-01786,1,SET4,3,OPER004,P063|P059,mapped
TABLET-WO-01787-OP-01,TABLET-WO-01787,1,SET4,2,OPER004,P063|P059,mapped
TABLET-WO-01788-OP-01,TABLET-WO-01788,1,SET4,2,OPER004,P063|P059,mapped
TABLET-WO-01789-OP-01,TABLET-WO-01789,1,SET4,1,OPER004,P063|P059,mapped
TABLET-WO-01790-OP-01,TABLET-WO-01790,1,SET4,5,OPER004,P063|P059,mapped
TABLET-WO-01791-OP-01,TABLET-WO-01791,1,SET4,5,OPER004,P063|P059,mapped
TABLET-WO-01792-OP-01,TABLET-WO-01792,1,SET4,3,OPER004,P063|P059,mapped
TABLET-WO-01793-OP-01,TABLET-WO-01793,1,SET4,6,OPER004,P063|P059,mapped
TABLET-WO-01794-OP-01,TABLET-WO-01794,1,SET4,1,OPER004,P063|P059,mapped
TABLET-WO-01795-OP-01,TABLET-WO-01795,1,SET4,2,OPER004,P063|P059,mapped
TABLET-WO-01796-OP-01,TABLET-WO-01796,1,SET4,1,OPER004,P063|P059,mapped
TABLET-WO-01797-OP-01,TABLET-WO-01797,1,SET4,2,OPER004,P063|P059,mapped
TABLET-WO-01798-OP-01,TABLET-WO-01798,1,SET4,2,OPER004,P063|P059,mapped
TABLET-WO-01799-OP-01,TABLET-WO-01799,1,SET4,1,OPER004,P063|P059,mapped
TABLET-WO-01800-OP-01,TABLET-WO-01800,1,SET4,2,OPER004,P063|P059,mapped
TABLET-WO-01801-OP-01,TABLET-WO-01801,1,SET4,2,OPER004,P063|P059,mapped
TABLET-WO-01802-OP-01,TABLET-WO-01802,1,SET4,3,OPER004,P063|P059,mapped
TABLET-WO-01803-OP-01,TABLET-WO-01803,1,SET4,3,OPER004,P063|P059,mapped
TABLET-WO-01804-OP-01,TABLET-WO-01804,1,SET4,3,OPER004,P063|P059,mapped
TABLET-WO-01805-OP-01,TABLET-WO-01805,1,SET4,3,OPER004,P063|P059,mapped
TABLET-WO-01806-OP-01,TABLET-WO-01806,1,SET4,4,OPER004,P063|P059,mapped
TABLET-WO-01807-OP-01,TABLET-WO-01807,1,SET4,2,OPER004,P063|P059,mapped
TABLET-WO-01808-OP-01,TABLET-WO-01808,1,SET4,3,OPER004,P063|P059,mapped
TABLET-WO-01809-OP-01,TABLET-WO-01809,1,SET4,3,OPER004,P063|P059,mapped
TABLET-WO-01810-OP-01,TABLET-WO-01810,1,SET4,3,OPER004,P063|P059,mapped
TABLET-WO-01811-OP-01,TABLET-WO-01811,1,SET4,3,OPER004,P063|P059,mapped
TABLET-WO-01812-OP-01,TABLET-WO-01812,1,SET4,3,OPER004,P063|P059,mapped
TABLET-WO-01813-OP-01,TABLET-WO-01813,1,SET4,4,OPER004,P063|P059,mapped
TABLET-WO-01814-OP-01,TABLET-WO-01814,1,SET4,3,OPER004,P063|P059,mapped
TABLET-WO-01815-OP-01,TABLET-WO-01815,1,SET4,3,OPER004,P063|P059,mapped
TABLET-WO-01816-OP-01,TABLET-WO-01816,1,SET4,5,OPER004,P063|P059,mapped
TABLET-WO-01817-OP-01,TABLET-WO-01817,1,SET4,4,OPER004,P063|P059,mapped
TABLET-WO-01818-OP-01,TABLET-WO-01818,1,SET4,5,OPER004,P063|P059,mapped
TABLET-WO-01819-OP-01,TABLET-WO-01819,1,SET4,5,OPER004,P063|P059,mapped
TABLET-WO-01820-OP-01,TABLET-WO-01820,1,SET4,4,OPER004,P063|P059,mapped
TABLET-WO-01821-OP-01,TABLET-WO-01821,1,SET4,3,OPER004,P063|P059,mapped
TABLET-WO-01822-OP-01,TABLET-WO-01822,1,SET4,3,OPER004,P063|P059,mapped
TABLET-WO-01823-OP-01,TABLET-WO-01823,1,SET4,3,OPER004,P063|P059,mapped
TABLET-WO-01824-OP-01,TABLET-WO-01824,1,SET4,4,OPER004,P063|P059,mapped
TABLET-WO-01825-OP-01,TABLET-WO-01825,1,SET4,4,OPER004,P063|P059,mapped
TABLET-WO-01826-OP-01,TABLET-WO-01826,1,SET4,4,OPER004,P063|P059,mapped
TABLET-WO-01827-OP-01,TABLET-WO-01827,1,SET4,6,OPER004,P063|P059,mapped
TABLET-WO-01828-OP-01,TABLET-WO-01828,1,SET4,5,OPER004,P063|P059,mapped
TABLET-WO-01829-OP-01,TABLET-WO-01829,1,SET4,4,OPER004,P063|P059,mapped
TABLET-WO-01830-OP-01,TABLET-WO-01830,1,SET4,3,OPER004,P063|P059,mapped
TABLET-WO-01831-OP-01,TABLET-WO-01831,1,SET4,2,OPER004,P063|P059,mapped
TABLET-WO-01832-OP-01,TABLET-WO-01832,1,SET4,3,OPER004,P063|P059,mapped
TABLET-WO-01833-OP-01,TABLET-WO-01833,1,SET4,1,OPER004,P063|P059,mapped
TABLET-WO-01834-OP-01,TABLET-WO-01834,1,SET4,2,OPER004,P063|P059,mapped
TABLET-WO-01835-OP-01,TABLET-WO-01835,1,SET4,2,OPER004,P063|P059,mapped
TABLET-WO-01836-OP-01,TABLET-WO-01836,1,SET4,2,OPER004,P063|P059,mapped
TABLET-WO-01837-OP-01,TABLET-WO-01837,1,SET4,1,OPER004,P063|P059,mapped
TABLET-WO-01838-OP-01,TABLET-WO-01838,1,SET4,2,OPER004,P063|P059,mapped
TABLET-WO-01839-OP-01,TABLET-WO-01839,1,SET4,1,OPER004,P063|P059,mapped
TABLET-WO-01840-OP-01,TABLET-WO-01840,1,SET4,3,OPER004,P063|P059,mapped
TABLET-WO-01841-OP-01,TABLET-WO-01841,1,SET4,2,OPER004,P063|P059,mapped
TABLET-WO-01842-OP-01,TABLET-WO-01842,1,SET4,3,OPER004,P063|P059,mapped
TABLET-WO-01843-OP-01,TABLET-WO-01843,1,SET4,4,OPER004,P063|P059,mapped
TABLET-WO-01844-OP-01,TABLET-WO-01844,1,SET4,3,OPER004,P063|P059,mapped
TABLET-WO-01845-OP-01,TABLET-WO-01845,1,SET4,5,OPER004,P063|P059,mapped
TABLET-WO-01846-OP-01,TABLET-WO-01846,1,SET4,5,OPER004,P063|P059,mapped
TABLET-WO-01847-OP-01,TABLET-WO-01847,1,SET4,1,OPER004,P063|P059,mapped
TABLET-WO-01848-OP-01,TABLET-WO-01848,1,SET4,4,OPER004,P063|P059,mapped
TABLET-WO-01849-OP-01,TABLET-WO-01849,1,SET4,3,OPER004,P063|P059,mapped
TABLET-WO-01850-OP-01,TABLET-WO-01850,1,SET4,2,OPER004,P063|P059,mapped
TABLET-WO-01851-OP-01,TABLET-WO-01851,1,SET4,1,OPER004,P063|P059,mapped
TABLET-WO-01852-OP-01,TABLET-WO-01852,1,SET4,1,OPER004,P063|P059,mapped
TABLET-WO-01853-OP-01,TABLET-WO-01853,1,SET4,2,OPER004,P063|P059,mapped
TABLET-WO-01854-OP-01,TABLET-WO-01854,1,SET4,2,OPER004,P063|P059,mapped
TABLET-WO-01855-OP-01,TABLET-WO-01855,1,SET4,4,OPER004,P063|P059,mapped
TABLET-WO-01856-OP-01,TABLET-WO-01856,1,SET4,4,OPER004,P063|P059,mapped
TABLET-WO-01857-OP-01,TABLET-WO-01857,1,SET4,3,OPER004,P063|P059,mapped
TABLET-WO-01858-OP-01,TABLET-WO-01858,1,SET4,3,OPER004,P063|P059,mapped
TABLET-WO-01859-OP-01,TABLET-WO-01859,1,SET4,4,OPER004,P063|P059,mapped
TABLET-WO-01860-OP-01,TABLET-WO-01860,1,SET4,1,OPER004,P063|P059,mapped
TABLET-WO-01861-OP-01,TABLET-WO-01861,1,SET4,3,OPER004,P063|P059,mapped
TABLET-WO-01862-OP-01,TABLET-WO-01862,1,SET4,4,OPER004,P063|P059,mapped
TABLET-WO-01863-OP-01,TABLET-WO-01863,1,SET4,4,OPER004,P063|P059,mapped
TABLET-WO-01864-OP-01,TABLET-WO-01864,1,SET4,3,OPER004,P063|P059,mapped
TABLET-WO-01865-OP-01,TABLET-WO-01865,1,SET4,4,OPER004,P063|P059,mapped
TABLET-WO-01866-OP-01,TABLET-WO-01866,1,SET4,6,OPER004,P063|P059,mapped
TABLET-WO-01867-OP-01,TABLET-WO-01867,1,SET4,7,OPER004,P063|P059,mapped
TABLET-WO-01868-OP-01,TABLET-WO-01868,1,SET4,6,OPER004,P063|P059,mapped
TABLET-WO-01869-OP-01,TABLET-WO-01869,1,SET4,1,OPER004,P063|P059,mapped
TABLET-WO-01870-OP-01,TABLET-WO-01870,1,SET4,1,OPER004,P063|P059,mapped
TABLET-WO-01871-OP-01,TABLET-WO-01871,1,SET4,1,OPER004,P063|P059,mapped
TABLET-WO-01872-OP-01,TABLET-WO-01872,1,SET4,1,OPER004,P063|P059,mapped
TABLET-WO-01873-OP-01,TABLET-WO-01873,1,SET4,1,OPER004,P063|P059,mapped
TABLET-WO-01874-OP-01,TABLET-WO-01874,1,SET4,1,OPER004,P063|P059,mapped
TABLET-WO-01875-OP-01,TABLET-WO-01875,1,SET4,2,OPER004,P063|P059,mapped
TABLET-WO-01876-OP-01,TABLET-WO-01876,1,SET4,3,OPER004,P063|P059,mapped
TABLET-WO-01877-OP-01,TABLET-WO-01877,1,SET4,3,OPER004,P063|P059,mapped
TABLET-WO-01878-OP-01,TABLET-WO-01878,1,SET4,3,OPER004,P063|P059,mapped
TABLET-WO-01879-OP-01,TABLET-WO-01879,1,SET4,1,OPER004,P063|P059,mapped
TABLET-WO-01880-OP-01,TABLET-WO-01880,1,SET4,2,OPER004,P063|P059,mapped
TABLET-WO-01881-OP-01,TABLET-WO-01881,1,SET4,4,OPER004,P063|P059,mapped
TABLET-WO-01882-OP-01,TABLET-WO-01882,1,SET4,2,OPER004,P063|P059,mapped
TABLET-WO-01883-OP-01,TABLET-WO-01883,1,SET4,2,OPER004,P063|P059,mapped
TABLET-WO-01884-OP-01,TABLET-WO-01884,1,SET4,3,OPER004,P063|P059,mapped
TABLET-WO-01885-OP-01,TABLET-WO-01885,1,SET4,3,OPER004,P063|P059,mapped
TABLET-WO-01886-OP-01,TABLET-WO-01886,1,SET4,4,OPER004,P063|P059,mapped
TABLET-WO-01887-OP-01,TABLET-WO-01887,1,SET4,4,OPER004,P063|P059,mapped
TABLET-WO-01888-OP-01,TABLET-WO-01888,1,SET4,4,OPER004,P063|P059,mapped
TABLET-WO-01889-OP-01,TABLET-WO-01889,1,SET4,1,OPER004,P063|P059,mapped
TABLET-WO-01890-OP-01,TABLET-WO-01890,1,SET4,1,OPER004,P063|P059,mapped
TABLET-WO-01891-OP-01,TABLET-WO-01891,1,SET4,7,OPER004,P063|P059,mapped
TABLET-WO-01892-OP-01,TABLET-WO-01892,1,SET4,5,OPER004,P063|P059,mapped
TABLET-WO-01893-OP-01,TABLET-WO-01893,1,SET4,6,OPER004,P063|P059,mapped
TABLET-WO-01894-OP-01,TABLET-WO-01894,1,SET4,7,OPER004,P063|P059,mapped
TABLET-WO-01895-OP-01,TABLET-WO-01895,1,SET4,1,OPER004,P063|P059,mapped
TABLET-WO-01896-OP-01,TABLET-WO-01896,1,SET4,3,OPER004,P063|P059,mapped
TABLET-WO-01897-OP-01,TABLET-WO-01897,1,SET4,4,OPER004,P063|P059,mapped
TABLET-WO-01898-OP-01,TABLET-WO-01898,1,SET4,1,OPER004,P063|P059,mapped
TABLET-WO-01899-OP-01,TABLET-WO-01899,1,SET4,4,OPER004,P063|P059,mapped
TABLET-WO-01900-OP-01,TABLET-WO-01900,1,SET4,3,OPER004,P063|P059,mapped
TABLET-WO-01901-OP-01,TABLET-WO-01901,1,SET4,4,OPER004,P063|P059,mapped
TABLET-WO-01902-OP-01,TABLET-WO-01902,1,SET4,4,OPER004,P063|P059,mapped
TABLET-WO-01903-OP-01,TABLET-WO-01903,1,SET4,3,OPER004,P063|P059,mapped
TABLET-WO-01904-OP-01,TABLET-WO-01904,1,SET4,3,OPER004,P063|P059,mapped
TABLET-WO-01905-OP-01,TABLET-WO-01905,1,SET4,1,OPER004,P063|P059,mapped
TABLET-WO-01906-OP-01,TABLET-WO-01906,1,SET4,3,OPER004,P063|P059,mapped
TABLET-WO-01907-OP-01,TABLET-WO-01907,1,SET4,5,OPER004,P063|P059,mapped
TABLET-WO-01908-OP-01,TABLET-WO-01908,1,SET4,3,OPER004,P063|P059,mapped
TABLET-WO-01909-OP-01,TABLET-WO-01909,1,SET4,1,OPER004,P063|P059,mapped
TABLET-WO-01910-OP-01,TABLET-WO-01910,1,SET4,4,OPER004,P063|P059,mapped
TABLET-WO-01911-OP-01,TABLET-WO-01911,1,SET4,1,OPER004,P063|P059,mapped
TABLET-WO-01912-OP-01,TABLET-WO-01912,1,SET4,5,OPER004,P063|P059,mapped
TABLET-WO-01913-OP-01,TABLET-WO-01913,1,SET4,1,OPER004,P063|P059,mapped
TABLET-WO-01914-OP-01,TABLET-WO-01914,1,SET4,4,OPER004,P063|P059,mapped
TABLET-WO-01915-OP-01,TABLET-WO-01915,1,SET4,5,OPER004,P063|P059,mapped
TABLET-WO-01916-OP-01,TABLET-WO-01916,1,SET4,5,OPER004,P063|P059,mapped
TABLET-WO-01917-OP-01,TABLET-WO-01917,1,SET4,5,OPER004,P063|P059,mapped
TABLET-WO-01918-OP-01,TABLET-WO-01918,1,SET4,4,OPER004,P063|P059,mapped
TABLET-WO-01919-OP-01,TABLET-WO-01919,1,SET4,3,OPER004,P063|P059,mapped
TABLET-WO-01920-OP-01,TABLET-WO-01920,1,SET4,4,OPER004,P063|P059,mapped
TABLET-WO-01921-OP-01,TABLET-WO-01921,1,SET4,3,OPER004,P063|P059,mapped
TABLET-WO-01922-OP-01,TABLET-WO-01922,1,SET4,3,OPER004,P063|P059,mapped
TABLET-WO-01923-OP-01,TABLET-WO-01923,1,SET4,3,OPER004,P063|P059,mapped
TABLET-WO-01924-OP-01,TABLET-WO-01924,1,SET4,3,OPER004,P063|P059,mapped
TABLET-WO-01925-OP-01,TABLET-WO-01925,1,SET4,1,OPER004,P059|P064,mapped
TABLET-WO-01926-OP-01,TABLET-WO-01926,1,SET4,1,OPER004,P059|P064,mapped
TABLET-WO-01927-OP-01,TABLET-WO-01927,1,SET4,1,OPER004,P059|P064,mapped
TABLET-WO-01928-OP-01,TABLET-WO-01928,1,SET4,1,OPER004,P059|P064,mapped
TABLET-WO-01929-OP-01,TABLET-WO-01929,1,SET4,2,OPER004,P059|P064,mapped
TABLET-WO-01930-OP-01,TABLET-WO-01930,1,SET4,2,OPER004,P059|P064,mapped
TABLET-WO-01931-OP-01,TABLET-WO-01931,1,SET4,2,OPER004,P059|P064,mapped
TABLET-WO-01932-OP-01,TABLET-WO-01932,1,SET4,2,OPER004,P059|P064,mapped
TABLET-WO-01933-OP-01,TABLET-WO-01933,1,SET4,1,OPER004,P059|P064,mapped
TABLET-WO-01934-OP-01,TABLET-WO-01934,1,SET4,1,OPER004,P059|P064,mapped
TABLET-WO-01935-OP-01,TABLET-WO-01935,1,SET4,1,OPER004,P059|P064,mapped
TABLET-WO-01936-OP-01,TABLET-WO-01936,1,SET4,1,OPER004,P059|P064,mapped
TABLET-WO-01937-OP-01,TABLET-WO-01937,1,SET4,1,OPER004,P059|P064,mapped
TABLET-WO-01938-OP-01,TABLET-WO-01938,1,SET4,1,OPER004,P059|P064,mapped
TABLET-WO-01939-OP-01,TABLET-WO-01939,1,SET4,1,OPER004,P059|P064,mapped
TABLET-WO-01940-OP-01,TABLET-WO-01940,1,SET4,2,OPER004,P059|P064,mapped
TABLET-WO-01941-OP-01,TABLET-WO-01941,1,SET4,1,OPER004,P059|P064,mapped
TABLET-WO-01942-OP-01,TABLET-WO-01942,1,SET4,1,OPER004,P059|P064,mapped
TABLET-WO-01943-OP-01,TABLET-WO-01943,1,SET4,1,OPER004,P059|P064,mapped
TABLET-WO-01944-OP-01,TABLET-WO-01944,1,SET4,1,OPER004,P059|P064,mapped
TABLET-WO-01945-OP-01,TABLET-WO-01945,1,SET4,1,OPER004,P059|P064,mapped
TABLET-WO-01946-OP-01,TABLET-WO-01946,1,SET4,1,OPER004,P059|P064,mapped
TABLET-WO-01947-OP-01,TABLET-WO-01947,1,SET4,1,OPER004,P059|P064,mapped
TABLET-WO-01948-OP-01,TABLET-WO-01948,1,SET4,1,OPER004,P059|P064,mapped
TABLET-WO-01949-OP-01,TABLET-WO-01949,1,SET4,1,OPER004,P059|P064,mapped
TABLET-WO-01950-OP-01,TABLET-WO-01950,1,SET4,1,OPER004,P059|P064,mapped
TABLET-WO-01951-OP-01,TABLET-WO-01951,1,SET4,1,OPER004,P059|P064,mapped
TABLET-WO-01952-OP-01,TABLET-WO-01952,1,SET4,1,OPER004,P059|P064,mapped
TABLET-WO-01953-OP-01,TABLET-WO-01953,1,SET4,1,OPER004,P059|P064,mapped
TABLET-WO-01954-OP-01,TABLET-WO-01954,1,SET4,1,OPER004,P059|P064,mapped
TABLET-WO-01955-OP-01,TABLET-WO-01955,1,SET4,1,OPER004,P059|P064,mapped
TABLET-WO-01956-OP-01,TABLET-WO-01956,1,SET4,1,OPER004,P059|P064,mapped
TABLET-WO-01957-OP-01,TABLET-WO-01957,1,SET4,1,OPER004,P059|P064,mapped
TABLET-WO-01958-OP-01,TABLET-WO-01958,1,SET4,1,OPER004,P059|P064,mapped
TABLET-WO-01959-OP-01,TABLET-WO-01959,1,SET4,1,OPER004,P059|P064,mapped
TABLET-WO-01960-OP-01,TABLET-WO-01960,1,SET4,1,OPER004,P059|P064,mapped
TABLET-WO-01961-OP-01,TABLET-WO-01961,1,SET4,1,OPER004,P059|P064,mapped
TABLET-WO-01962-OP-01,TABLET-WO-01962,1,SET4,1,OPER004,P059|P064,mapped
TABLET-WO-01963-OP-01,TABLET-WO-01963,1,SET4,1,OPER004,P059|P064,mapped
TABLET-WO-01964-OP-01,TABLET-WO-01964,1,SET4,1,OPER004,P059|P064,mapped
TABLET-WO-01965-OP-01,TABLET-WO-01965,1,SET4,1,OPER004,P059|P064,mapped
TABLET-WO-01966-OP-01,TABLET-WO-01966,1,SET4,1,OPER004,P059|P064,mapped
TABLET-WO-01967-OP-01,TABLET-WO-01967,1,SET4,2,OPER004,P059|P064,mapped
TABLET-WO-01968-OP-01,TABLET-WO-01968,1,SET4,1,OPER004,P059|P064,mapped
TABLET-WO-01969-OP-01,TABLET-WO-01969,1,SET4,1,OPER004,P059|P064,mapped
TABLET-WO-01970-OP-01,TABLET-WO-01970,1,SET4,1,OPER004,P059|P064,mapped
TABLET-WO-01971-OP-01,TABLET-WO-01971,1,SET4,1,OPER004,P059|P064,mapped
TABLET-WO-01972-OP-01,TABLET-WO-01972,1,SET4,1,OPER004,P059|P064,mapped
TABLET-WO-01973-OP-01,TABLET-WO-01973,1,SET4,2,OPER004,P059|P064,mapped
TABLET-WO-01974-OP-01,TABLET-WO-01974,1,SET4,2,OPER004,P059|P064,mapped
TABLET-WO-01975-OP-01,TABLET-WO-01975,1,SET4,2,OPER004,P059|P064,mapped
TABLET-WO-01976-OP-01,TABLET-WO-01976,1,SET4,2,OPER004,P059|P064,mapped
TABLET-WO-01977-OP-01,TABLET-WO-01977,1,SET4,1,OPER004,P059|P064,mapped
TABLET-WO-01978-OP-01,TABLET-WO-01978,1,SET4,1,OPER004,P059|P064,mapped
TABLET-WO-01979-OP-01,TABLET-WO-01979,1,SET4,1,OPER004,P059|P064,mapped
TABLET-WO-01980-OP-01,TABLET-WO-01980,1,SET4,2,OPER004,P059|P064,mapped
TABLET-WO-01981-OP-01,TABLET-WO-01981,1,SET4,1,OPER004,P059|P064,mapped
TABLET-WO-01982-OP-01,TABLET-WO-01982,1,SET4,1,OPER004,P059|P064,mapped
TABLET-WO-01983-OP-01,TABLET-WO-01983,1,SET4,1,OPER004,P059|P064,mapped
TABLET-WO-01984-OP-01,TABLET-WO-01984,1,SET4,1,OPER004,P059|P064,mapped
TABLET-WO-01985-OP-01,TABLET-WO-01985,1,SET4,1,OPER004,P059|P064,mapped
TABLET-WO-01986-OP-01,TABLET-WO-01986,1,SET4,1,OPER004,P059|P064,mapped
TABLET-WO-01987-OP-01,TABLET-WO-01987,1,SET4,1,OPER004,P059|P064,mapped
TABLET-WO-01988-OP-01,TABLET-WO-01988,1,SET4,1,OPER004,P059|P064,mapped
TABLET-WO-01989-OP-01,TABLET-WO-01989,1,SET4,1,OPER004,P059|P064,mapped
TABLET-WO-01990-OP-01,TABLET-WO-01990,1,SET4,2,OPER004,P059|P064,mapped
TABLET-WO-01991-OP-01,TABLET-WO-01991,1,SET4,2,OPER004,P059|P064,mapped
TABLET-WO-01992-OP-01,TABLET-WO-01992,1,SET4,3,OPER004,P059|P064,mapped
TABLET-WO-01993-OP-01,TABLET-WO-01993,1,SET4,2,OPER004,P059|P064,mapped
TABLET-WO-01994-OP-01,TABLET-WO-01994,1,SET4,1,OPER004,P059|P064,mapped
TABLET-WO-01995-OP-01,TABLET-WO-01995,1,SET4,1,OPER004,P059|P064,mapped
TABLET-WO-01996-OP-01,TABLET-WO-01996,1,SET4,1,OPER004,P059|P064,mapped
TABLET-WO-01997-OP-01,TABLET-WO-01997,1,SET4,1,OPER004,P059|P064,mapped
TABLET-WO-01998-OP-01,TABLET-WO-01998,1,SET4,1,OPER004,P059|P064,mapped
TABLET-WO-01999-OP-01,TABLET-WO-01999,1,SET4,1,OPER004,P059|P064,mapped
TABLET-WO-02000-OP-01,TABLET-WO-02000,1,SET4,1,OPER004,P059|P064,mapped
TABLET-WO-02001-OP-01,TABLET-WO-02001,1,SET4,1,OPER004,P059|P064,mapped
TABLET-WO-02002-OP-01,TABLET-WO-02002,1,SET4,1,OPER004,P059|P064,mapped
TABLET-WO-02003-OP-01,TABLET-WO-02003,1,SET4,1,OPER004,P059|P064,mapped
TABLET-WO-02004-OP-01,TABLET-WO-02004,1,SET4,2,OPER004,P059|P064,mapped
TABLET-WO-02005-OP-01,TABLET-WO-02005,1,SET4,2,OPER004,P059|P064,mapped
TABLET-WO-02006-OP-01,TABLET-WO-02006,1,SET4,1,OPER004,P059|P064,mapped
TABLET-WO-02007-OP-01,TABLET-WO-02007,1,SET4,1,OPER004,P059|P064,mapped
TABLET-WO-02008-OP-01,TABLET-WO-02008,1,SET4,1,OPER004,P059|P064,mapped
TABLET-WO-02009-OP-01,TABLET-WO-02009,1,SET4,1,OPER004,P059|P064,mapped
TABLET-WO-02010-OP-01,TABLET-WO-02010,1,SET4,1,OPER004,P059|P064,mapped
TABLET-WO-02011-OP-01,TABLET-WO-02011,1,SET4,1,OPER004,P059|P064,mapped
TABLET-WO-02012-OP-01,TABLET-WO-02012,1,SET4,1,OPER004,P059|P064,mapped
TABLET-WO-02013-OP-01,TABLET-WO-02013,1,SET4,1,OPER004,P059|P064,mapped
TABLET-WO-02014-OP-01,TABLET-WO-02014,1,SET4,1,OPER004,P059|P064,mapped
TABLET-WO-02015-OP-01,TABLET-WO-02015,1,SET4,1,OPER004,P059|P064,mapped
TABLET-WO-02016-OP-01,TABLET-WO-02016,1,SET4,2,OPER004,P059|P064,mapped
TABLET-WO-02017-OP-01,TABLET-WO-02017,1,SET4,1,OPER004,P059|P064,mapped
TABLET-WO-02018-OP-01,TABLET-WO-02018,1,SET4,1,OPER004,P059|P064,mapped
TABLET-WO-02019-OP-01,TABLET-WO-02019,1,SET4,1,OPER004,P059|P064,mapped
TABLET-WO-02020-OP-01,TABLET-WO-02020,1,SET4,1,OPER004,P059|P064,mapped
TABLET-WO-02021-OP-01,TABLET-WO-02021,1,SET4,1,OPER004,P059|P064,mapped
TABLET-WO-02022-OP-01,TABLET-WO-02022,1,SET4,1,OPER004,P059|P064,mapped
TABLET-WO-02023-OP-01,TABLET-WO-02023,1,SET4,1,OPER004,P059|P064,mapped
TABLET-WO-02024-OP-01,TABLET-WO-02024,1,SET4,1,OPER004,P059|P064,mapped
TABLET-WO-02025-OP-01,TABLET-WO-02025,1,SET4,1,OPER004,P059|P064,mapped
TABLET-WO-02026-OP-01,TABLET-WO-02026,1,SET4,1,OPER004,P059|P064,mapped
TABLET-WO-02027-OP-01,TABLET-WO-02027,1,SET4,1,OPER004,P059|P064,mapped
TABLET-WO-02028-OP-01,TABLET-WO-02028,1,SET4,1,OPER004,P059|P064,mapped
TABLET-WO-02029-OP-01,TABLET-WO-02029,1,SET4,1,OPER004,P059|P064,mapped
TABLET-WO-02030-OP-01,TABLET-WO-02030,1,SET4,1,OPER004,P059|P064,mapped
TABLET-WO-02031-OP-01,TABLET-WO-02031,1,SET4,1,OPER004,P059|P064,mapped
TABLET-WO-02032-OP-01,TABLET-WO-02032,1,SET4,1,OPER004,P059|P064,mapped
TABLET-WO-02033-OP-01,TABLET-WO-02033,1,SET4,1,OPER004,P059|P064,mapped
TABLET-WO-02034-OP-01,TABLET-WO-02034,1,SET4,1,OPER004,P059|P064,mapped
TABLET-WO-02035-OP-01,TABLET-WO-02035,1,SET4,1,OPER004,P059|P064,mapped
TABLET-WO-02036-OP-01,TABLET-WO-02036,1,SET4,1,OPER004,P059|P064,mapped
TABLET-WO-02037-OP-01,TABLET-WO-02037,1,SET4,1,OPER004,P059|P064,mapped
TABLET-WO-02038-OP-01,TABLET-WO-02038,1,SET4,2,OPER004,P059|P064,mapped
TABLET-WO-02039-OP-01,TABLET-WO-02039,1,SET4,2,OPER004,P059|P064,mapped
TABLET-WO-02040-OP-01,TABLET-WO-02040,1,SET4,2,OPER004,P059|P064,mapped
TABLET-WO-02041-OP-01,TABLET-WO-02041,1,SET4,1,OPER004,P059|P064,mapped
TABLET-WO-02042-OP-01,TABLET-WO-02042,1,SET4,1,OPER004,P059|P064,mapped
TABLET-WO-02043-OP-01,TABLET-WO-02043,1,SET4,1,OPER004,P059|P064,mapped
TABLET-WO-02044-OP-01,TABLET-WO-02044,1,SET4,1,OPER004,P059|P064,mapped
TABLET-WO-02045-OP-01,TABLET-WO-02045,1,SET4,1,OPER004,P059|P064,mapped
TABLET-WO-02046-OP-01,TABLET-WO-02046,1,SET4,1,OPER004,P059|P064,mapped
TABLET-WO-02047-OP-01,TABLET-WO-02047,1,SET4,1,OPER004,P059|P064,mapped
TABLET-WO-02048-OP-01,TABLET-WO-02048,1,SET4,1,OPER004,P059|P064,mapped
TABLET-WO-02049-OP-01,TABLET-WO-02049,1,SET4,1,OPER004,P059|P064,mapped
TABLET-WO-02050-OP-01,TABLET-WO-02050,1,SET4,1,OPER004,P059|P064,mapped
TABLET-WO-02051-OP-01,TABLET-WO-02051,1,SET4,2,OPER004,P059|P064,mapped
TABLET-WO-02052-OP-01,TABLET-WO-02052,1,SET4,2,OPER004,P059|P064,mapped
TABLET-WO-02053-OP-01,TABLET-WO-02053,1,SET4,2,OPER004,P059|P064,mapped
TABLET-WO-02054-OP-01,TABLET-WO-02054,1,SET4,1,OPER004,P059|P064,mapped
TABLET-WO-02055-OP-01,TABLET-WO-02055,1,SET4,1,OPER004,P059|P064,mapped
TABLET-WO-02056-OP-01,TABLET-WO-02056,1,SET4,1,OPER004,P059|P064,mapped
TABLET-WO-02057-OP-01,TABLET-WO-02057,1,SET4,1,OPER004,P059|P064,mapped
TABLET-WO-02058-OP-01,TABLET-WO-02058,1,SET4,1,OPER004,P059|P064,mapped
TABLET-WO-02059-OP-01,TABLET-WO-02059,1,SET4,1,OPER004,P059|P064,mapped
TABLET-WO-02060-OP-01,TABLET-WO-02060,1,SET4,1,OPER004,P059|P064,mapped
TABLET-WO-02061-OP-01,TABLET-WO-02061,1,SET4,1,OPER004,P059|P064,mapped
TABLET-WO-02062-OP-01,TABLET-WO-02062,1,SET4,1,OPER004,P059|P064,mapped
TABLET-WO-02063-OP-01,TABLET-WO-02063,1,SET4,1,OPER004,P059|P064,mapped
TABLET-WO-02064-OP-01,TABLET-WO-02064,1,SET4,1,OPER004,P059|P064,mapped
TABLET-WO-02065-OP-01,TABLET-WO-02065,1,SET4,1,OPER004,P059|P064,mapped
TABLET-WO-02066-OP-01,TABLET-WO-02066,1,SET4,1,OPER004,P059|P064,mapped
TABLET-WO-02067-OP-01,TABLET-WO-02067,1,SET4,1,OPER004,P059|P064,mapped
TABLET-WO-02068-OP-01,TABLET-WO-02068,1,SET4,1,OPER004,P059|P064,mapped
TABLET-WO-02069-OP-01,TABLET-WO-02069,1,SET4,1,OPER004,P059|P064,mapped
TABLET-WO-02070-OP-01,TABLET-WO-02070,1,SET4,1,OPER004,P059|P064,mapped
TABLET-WO-02071-OP-01,TABLET-WO-02071,1,SET4,1,OPER004,P059|P064,mapped
TABLET-WO-02072-OP-01,TABLET-WO-02072,1,SET4,1,OPER004,P059|P064,mapped
TABLET-WO-02073-OP-01,TABLET-WO-02073,1,SET4,1,OPER004,P065,mapped
TABLET-WO-02074-OP-01,TABLET-WO-02074,1,SET4,2,OPER004,P065,mapped
TABLET-WO-02075-OP-01,TABLET-WO-02075,1,SET4,1,OPER004,P065,mapped
TABLET-WO-02076-OP-01,TABLET-WO-02076,1,SET4,2,OPER004,P065,mapped
TABLET-WO-02077-OP-01,TABLET-WO-02077,1,SET4,1,OPER004,P065,mapped
TABLET-WO-02078-OP-01,TABLET-WO-02078,1,SET4,1,OPER004,P065,mapped
TABLET-WO-02079-OP-01,TABLET-WO-02079,1,SET4,1,OPER004,P065,mapped
TABLET-WO-02080-OP-01,TABLET-WO-02080,1,SET4,1,OPER004,P065,mapped
TABLET-WO-02081-OP-01,TABLET-WO-02081,1,SET4,1,OPER004,P065,mapped
TABLET-WO-02082-OP-01,TABLET-WO-02082,1,SET4,1,OPER004,P065,mapped
TABLET-WO-02083-OP-01,TABLET-WO-02083,1,SET4,1,OPER004,P065,mapped
TABLET-WO-02084-OP-01,TABLET-WO-02084,1,SET4,1,OPER004,P065,mapped
TABLET-WO-02085-OP-01,TABLET-WO-02085,1,SET4,1,OPER004,P065,mapped
TABLET-WO-02086-OP-01,TABLET-WO-02086,1,SET4,1,OPER004,P065,mapped
TABLET-WO-02087-OP-01,TABLET-WO-02087,1,SET4,1,OPER004,P065,mapped
TABLET-WO-02088-OP-01,TABLET-WO-02088,1,SET4,1,OPER004,P065,mapped
TABLET-WO-02089-OP-01,TABLET-WO-02089,1,SET4,1,OPER004,P065,mapped
TABLET-WO-02090-OP-01,TABLET-WO-02090,1,SET4,1,OPER004,P065,mapped
TABLET-WO-02091-OP-01,TABLET-WO-02091,1,SET4,1,OPER004,P065,mapped
TABLET-WO-02092-OP-01,TABLET-WO-02092,1,SET4,1,OPER004,P065,mapped
TABLET-WO-02093-OP-01,TABLET-WO-02093,1,SET4,1,OPER004,P065,mapped
TABLET-WO-02094-OP-01,TABLET-WO-02094,1,SET4,1,OPER004,P065,mapped
TABLET-WO-02095-OP-01,TABLET-WO-02095,1,SET4,1,OPER004,P065,mapped
TABLET-WO-02096-OP-01,TABLET-WO-02096,1,SET4,1,OPER004,P065,mapped
TABLET-WO-02097-OP-01,TABLET-WO-02097,1,SET4,1,OPER004,P065,mapped
TABLET-WO-02098-OP-01,TABLET-WO-02098,1,SET4,1,OPER004,P065,mapped
TABLET-WO-02099-OP-01,TABLET-WO-02099,1,SET4,1,OPER004,P065,mapped
TABLET-WO-02100-OP-01,TABLET-WO-02100,1,SET4,1,OPER004,P065,mapped
TABLET-WO-02101-OP-01,TABLET-WO-02101,1,SET4,2,OPER004,P065,mapped
TABLET-WO-02102-OP-01,TABLET-WO-02102,1,SET4,2,OPER004,P065,mapped
TABLET-WO-02103-OP-01,TABLET-WO-02103,1,SET4,2,OPER004,P065,mapped
TABLET-WO-02104-OP-01,TABLET-WO-02104,1,SET4,1,OPER004,P065,mapped
TABLET-WO-02105-OP-01,TABLET-WO-02105,1,SET4,1,OPER004,P065,mapped
TABLET-WO-02106-OP-01,TABLET-WO-02106,1,SET4,1,OPER004,P065,mapped
TABLET-WO-02107-OP-01,TABLET-WO-02107,1,SET4,1,OPER004,P065,mapped
TABLET-WO-02108-OP-01,TABLET-WO-02108,1,SET4,1,OPER004,P065,mapped
TABLET-WO-02109-OP-01,TABLET-WO-02109,1,SET4,1,OPER004,P065,mapped
TABLET-WO-02110-OP-01,TABLET-WO-02110,1,SET4,1,OPER004,P065,mapped
TABLET-WO-02111-OP-01,TABLET-WO-02111,1,SET4,1,OPER004,P065,mapped
TABLET-WO-02112-OP-01,TABLET-WO-02112,1,SET4,2,OPER004,P065,mapped
TABLET-WO-02113-OP-01,TABLET-WO-02113,1,SET4,2,OPER004,P065,mapped
TABLET-WO-02114-OP-01,TABLET-WO-02114,1,SET4,1,OPER004,P065,mapped
TABLET-WO-02115-OP-01,TABLET-WO-02115,1,SET4,2,OPER004,P065,mapped
TABLET-WO-02116-OP-01,TABLET-WO-02116,1,SET4,1,OPER004,P065,mapped
TABLET-WO-02117-OP-01,TABLET-WO-02117,1,SET4,1,OPER004,P065,mapped
TABLET-WO-02118-OP-01,TABLET-WO-02118,1,SET4,1,OPER004,P065,mapped
TABLET-WO-02119-OP-01,TABLET-WO-02119,1,SET4,1,OPER004,P065,mapped
TABLET-WO-02120-OP-01,TABLET-WO-02120,1,SET4,1,OPER004,P065,mapped
TABLET-WO-02121-OP-01,TABLET-WO-02121,1,SET4,1,OPER004,P065,mapped
TABLET-WO-02122-OP-01,TABLET-WO-02122,1,SET4,1,OPER004,P065,mapped
TABLET-WO-02123-OP-01,TABLET-WO-02123,1,SET4,1,OPER004,P065,mapped
TABLET-WO-02124-OP-01,TABLET-WO-02124,1,SET4,1,OPER004,P065,mapped
TABLET-WO-02125-OP-01,TABLET-WO-02125,1,SET4,1,OPER004,P065,mapped
TABLET-WO-02126-OP-01,TABLET-WO-02126,1,SET4,2,OPER004,P065,mapped
TABLET-WO-02127-OP-01,TABLET-WO-02127,1,SET4,1,OPER004,P065,mapped
TABLET-WO-02128-OP-01,TABLET-WO-02128,1,SET4,4,OPER004,P065,mapped
TABLET-WO-02129-OP-01,TABLET-WO-02129,1,SET4,3,OPER004,P065,mapped
TABLET-WO-02130-OP-01,TABLET-WO-02130,1,SET4,1,OPER004,P065,mapped
TABLET-WO-02131-OP-01,TABLET-WO-02131,1,SET4,1,OPER004,P065,mapped
TABLET-WO-02132-OP-01,TABLET-WO-02132,1,SET4,1,OPER004,P065,mapped
TABLET-WO-02133-OP-01,TABLET-WO-02133,1,SET4,1,OPER004,P065,mapped
TABLET-WO-02134-OP-01,TABLET-WO-02134,1,SET4,1,OPER004,P065,mapped
TABLET-WO-02135-OP-01,TABLET-WO-02135,1,SET4,1,OPER004,P065,mapped
TABLET-WO-02136-OP-01,TABLET-WO-02136,1,SET4,1,OPER004,P065,mapped
TABLET-WO-02137-OP-01,TABLET-WO-02137,1,SET4,1,OPER004,P065,mapped
TABLET-WO-02138-OP-01,TABLET-WO-02138,1,SET4,2,OPER004,P065,mapped
TABLET-WO-02139-OP-01,TABLET-WO-02139,1,SET4,1,OPER004,P065,mapped
TABLET-WO-02140-OP-01,TABLET-WO-02140,1,SET4,2,OPER004,P065,mapped
TABLET-WO-02141-OP-01,TABLET-WO-02141,1,SET4,2,OPER004,P065,mapped
TABLET-WO-02142-OP-01,TABLET-WO-02142,1,SET4,2,OPER004,P065,mapped
TABLET-WO-02143-OP-01,TABLET-WO-02143,1,SET4,1,OPER004,P065,mapped
TABLET-WO-02144-OP-01,TABLET-WO-02144,1,SET4,1,OPER004,P065,mapped
TABLET-WO-02145-OP-01,TABLET-WO-02145,1,SET4,1,OPER004,P065,mapped
TABLET-WO-02146-OP-01,TABLET-WO-02146,1,SET4,1,OPER004,P065,mapped
TABLET-WO-02147-OP-01,TABLET-WO-02147,1,SET4,2,OPER004,P065,mapped
TABLET-WO-02148-OP-01,TABLET-WO-02148,1,SET4,2,OPER004,P065,mapped
TABLET-WO-02149-OP-01,TABLET-WO-02149,1,SET4,2,OPER004,P065,mapped
TABLET-WO-02150-OP-01,TABLET-WO-02150,1,SET4,2,OPER004,P065,mapped
TABLET-WO-02151-OP-01,TABLET-WO-02151,1,SET4,1,OPER004,P065,mapped
TABLET-WO-02152-OP-01,TABLET-WO-02152,1,SET4,2,OPER004,P065,mapped
TABLET-WO-02153-OP-01,TABLET-WO-02153,1,SET4,2,OPER004,P065,mapped
TABLET-WO-02154-OP-01,TABLET-WO-02154,1,SET4,2,OPER004,P065,mapped
TABLET-WO-02155-OP-01,TABLET-WO-02155,1,SET4,1,OPER004,P065,mapped
TABLET-WO-02156-OP-01,TABLET-WO-02156,1,SET4,1,OPER004,P065,mapped
TABLET-WO-02157-OP-01,TABLET-WO-02157,1,SET4,1,OPER004,P065,mapped
TABLET-WO-02158-OP-01,TABLET-WO-02158,1,SET4,1,OPER004,P065,mapped
TABLET-WO-02159-OP-01,TABLET-WO-02159,1,SET4,1,OPER004,P065,mapped
TABLET-WO-02160-OP-01,TABLET-WO-02160,1,SET4,2,OPER004,P065,mapped
TABLET-WO-02161-OP-01,TABLET-WO-02161,1,SET4,2,OPER004,P065,mapped
TABLET-WO-02162-OP-01,TABLET-WO-02162,1,SET4,1,OPER004,P065,mapped
TABLET-WO-02163-OP-01,TABLET-WO-02163,1,SET4,1,OPER004,P065,mapped
TABLET-WO-02164-OP-01,TABLET-WO-02164,1,SET4,2,OPER004,P065,mapped
TABLET-WO-02165-OP-01,TABLET-WO-02165,1,SET4,1,OPER004,P065,mapped
TABLET-WO-02166-OP-01,TABLET-WO-02166,1,SET4,1,OPER004,P065,mapped
TABLET-WO-02167-OP-01,TABLET-WO-02167,1,SET4,2,OPER004,P065,mapped
TABLET-WO-02168-OP-01,TABLET-WO-02168,1,SET4,2,OPER004,P065,mapped
TABLET-WO-02169-OP-01,TABLET-WO-02169,1,SET4,1,OPER004,P065,mapped
TABLET-WO-02170-OP-01,TABLET-WO-02170,1,SET4,1,OPER004,P065,mapped
TABLET-WO-02171-OP-01,TABLET-WO-02171,1,SET4,1,OPER004,P065,mapped
TABLET-WO-02172-OP-01,TABLET-WO-02172,1,SET4,1,OPER004,P065,mapped
TABLET-WO-02173-OP-01,TABLET-WO-02173,1,SET4,2,OPER004,P065,mapped
TABLET-WO-02174-OP-01,TABLET-WO-02174,1,SET4,2,OPER004,P065,mapped
TABLET-WO-02175-OP-01,TABLET-WO-02175,1,SET4,2,OPER004,P065,mapped
TABLET-WO-02176-OP-01,TABLET-WO-02176,1,SET4,1,OPER004,P065,mapped
TABLET-WO-02177-OP-01,TABLET-WO-02177,1,SET4,1,OPER004,P065,mapped
TABLET-WO-02178-OP-01,TABLET-WO-02178,1,SET4,1,OPER004,P065,mapped
TABLET-WO-02179-OP-01,TABLET-WO-02179,1,SET4,1,OPER004,P065,mapped
TABLET-WO-02180-OP-01,TABLET-WO-02180,1,SET4,1,OPER004,P065,mapped
TABLET-WO-02181-OP-01,TABLET-WO-02181,1,SET4,1,OPER004,P065,mapped
TABLET-WO-02182-OP-01,TABLET-WO-02182,1,SET4,1,OPER004,P065,mapped
TABLET-WO-02183-OP-01,TABLET-WO-02183,1,SET4,1,OPER004,P065,mapped
TABLET-WO-02184-OP-01,TABLET-WO-02184,1,SET4,1,OPER004,P065,mapped
TABLET-WO-02185-OP-01,TABLET-WO-02185,1,SET4,1,OPER004,P065,mapped
TABLET-WO-02186-OP-01,TABLET-WO-02186,1,SET4,1,OPER004,P065,mapped
TABLET-WO-02187-OP-01,TABLET-WO-02187,1,SET4,1,OPER004,P065,mapped
TABLET-WO-02188-OP-01,TABLET-WO-02188,1,SET4,1,OPER004,P065,mapped
TABLET-WO-02189-OP-01,TABLET-WO-02189,1,SET4,1,OPER004,P065,mapped
TABLET-WO-02190-OP-01,TABLET-WO-02190,1,SET4,1,OPER004,P065,mapped
TABLET-WO-02191-OP-01,TABLET-WO-02191,1,SET4,1,OPER004,P065,mapped
TABLET-WO-02192-OP-01,TABLET-WO-02192,1,SET4,1,OPER004,P065,mapped
TABLET-WO-02193-OP-01,TABLET-WO-02193,1,SET4,1,OPER004,P065,mapped
TABLET-WO-02194-OP-01,TABLET-WO-02194,1,SET4,1,OPER004,P065,mapped
TABLET-WO-02195-OP-01,TABLET-WO-02195,1,SET4,1,OPER004,P065,mapped
TABLET-WO-02196-OP-01,TABLET-WO-02196,1,SET4,1,OPER004,P065,mapped
TABLET-WO-02197-OP-01,TABLET-WO-02197,1,SET4,1,OPER004,P065,mapped
TABLET-WO-02198-OP-01,TABLET-WO-02198,1,SET4,1,OPER004,P065,mapped
TABLET-WO-02199-OP-01,TABLET-WO-02199,1,SET4,1,OPER004,P065,mapped
TABLET-WO-02200-OP-01,TABLET-WO-02200,1,SET4,1,OPER004,P065,mapped
TABLET-WO-02201-OP-01,TABLET-WO-02201,1,SET4,1,OPER004,P065,mapped
TABLET-WO-02202-OP-01,TABLET-WO-02202,1,SET4,1,OPER004,P065,mapped
TABLET-WO-02203-OP-01,TABLET-WO-02203,1,SET4,1,OPER004,P065,mapped
TABLET-WO-02204-OP-01,TABLET-WO-02204,1,SET4,1,OPER004,P065,mapped
TABLET-WO-02205-OP-01,TABLET-WO-02205,1,SET4,1,OPER004,P065,mapped
TABLET-WO-02206-OP-01,TABLET-WO-02206,1,SET4,1,OPER004,P065,mapped
TABLET-WO-02207-OP-01,TABLET-WO-02207,1,SET4,1,OPER004,P065,mapped
TABLET-WO-02208-OP-01,TABLET-WO-02208,1,SET4,1,OPER004,P065,mapped
TABLET-WO-02209-OP-01,TABLET-WO-02209,1,SET4,1,OPER004,P065,mapped
TABLET-WO-02210-OP-01,TABLET-WO-02210,1,SET4,1,OPER004,P065,mapped
TABLET-WO-02211-OP-01,TABLET-WO-02211,1,SET4,1,OPER004,P065,mapped
TABLET-WO-02212-OP-01,TABLET-WO-02212,1,SET4,1,OPER004,P065,mapped
TABLET-WO-02213-OP-01,TABLET-WO-02213,1,SET4,1,OPER004,P065,mapped
TABLET-WO-02214-OP-01,TABLET-WO-02214,1,SET4,1,OPER004,P065,mapped
TABLET-WO-02215-OP-01,TABLET-WO-02215,1,SET4,1,OPER004,P065,mapped
TABLET-WO-02216-OP-01,TABLET-WO-02216,1,SET4,1,OPER004,P065,mapped
TABLET-WO-02217-OP-01,TABLET-WO-02217,1,SET4,1,OPER004,P065,mapped
TABLET-WO-02218-OP-01,TABLET-WO-02218,1,SET4,1,OPER004,P065,mapped
TABLET-WO-02219-OP-01,TABLET-WO-02219,1,SET4,1,OPER004,P065,mapped
TABLET-WO-02220-OP-01,TABLET-WO-02220,1,SET4,1,OPER004,P065,mapped
TABLET-WO-02221-OP-01,TABLET-WO-02221,1,SET4,1,OPER004,P059|P066,mapped
TABLET-WO-02222-OP-01,TABLET-WO-02222,1,SET4,1,OPER004,P059|P066,mapped
TABLET-WO-02223-OP-01,TABLET-WO-02223,1,SET4,1,OPER004,P059|P066,mapped
TABLET-WO-02224-OP-01,TABLET-WO-02224,1,SET4,1,OPER004,P059|P066,mapped
TABLET-WO-02225-OP-01,TABLET-WO-02225,1,SET4,1,OPER004,P059|P066,mapped
TABLET-WO-02226-OP-01,TABLET-WO-02226,1,SET4,1,OPER004,P059|P066,mapped
TABLET-WO-02227-OP-01,TABLET-WO-02227,1,SET4,1,OPER004,P059|P066,mapped
TABLET-WO-02228-OP-01,TABLET-WO-02228,1,SET4,1,OPER004,P059|P066,mapped
TABLET-WO-02229-OP-01,TABLET-WO-02229,1,SET4,1,OPER004,P059|P066,mapped
TABLET-WO-02230-OP-01,TABLET-WO-02230,1,SET4,1,OPER004,P059|P066,mapped
TABLET-WO-02231-OP-01,TABLET-WO-02231,1,SET4,1,OPER004,P059|P066,mapped
TABLET-WO-02232-OP-01,TABLET-WO-02232,1,SET4,1,OPER004,P059|P066,mapped
TABLET-WO-02233-OP-01,TABLET-WO-02233,1,SET4,1,OPER004,P059|P066,mapped
TABLET-WO-02234-OP-01,TABLET-WO-02234,1,SET4,1,OPER004,P059|P066,mapped
TABLET-WO-02235-OP-01,TABLET-WO-02235,1,SET4,2,OPER004,P059|P066,mapped
TABLET-WO-02236-OP-01,TABLET-WO-02236,1,SET4,1,OPER004,P059|P066,mapped
TABLET-WO-02237-OP-01,TABLET-WO-02237,1,SET4,1,OPER004,P059|P066,mapped
TABLET-WO-02238-OP-01,TABLET-WO-02238,1,SET4,2,OPER004,P059|P066,mapped
TABLET-WO-02239-OP-01,TABLET-WO-02239,1,SET4,1,OPER004,P059|P066,mapped
TABLET-WO-02240-OP-01,TABLET-WO-02240,1,SET4,1,OPER004,P059|P066,mapped
TABLET-WO-02241-OP-01,TABLET-WO-02241,1,SET4,1,OPER004,P059|P066,mapped
TABLET-WO-02242-OP-01,TABLET-WO-02242,1,SET4,1,OPER004,P059|P066,mapped
TABLET-WO-02243-OP-01,TABLET-WO-02243,1,SET4,1,OPER004,P059|P066,mapped
TABLET-WO-02244-OP-01,TABLET-WO-02244,1,SET4,1,OPER004,P059|P066,mapped
TABLET-WO-02245-OP-01,TABLET-WO-02245,1,SET4,1,OPER004,P059|P066,mapped
TABLET-WO-02246-OP-01,TABLET-WO-02246,1,SET4,1,OPER004,P059|P066,mapped
TABLET-WO-02247-OP-01,TABLET-WO-02247,1,SET4,2,OPER004,P059|P066,mapped
TABLET-WO-02248-OP-01,TABLET-WO-02248,1,SET4,1,OPER004,P059|P066,mapped
TABLET-WO-02249-OP-01,TABLET-WO-02249,1,SET4,2,OPER004,P059|P066,mapped
TABLET-WO-02250-OP-01,TABLET-WO-02250,1,SET4,1,OPER004,P059|P066,mapped
TABLET-WO-02251-OP-01,TABLET-WO-02251,1,SET4,1,OPER004,P059|P066,mapped
TABLET-WO-02252-OP-01,TABLET-WO-02252,1,SET4,1,OPER004,P059|P066,mapped
TABLET-WO-02253-OP-01,TABLET-WO-02253,1,SET4,1,OPER004,P059|P066,mapped
TABLET-WO-02254-OP-01,TABLET-WO-02254,1,SET4,1,OPER004,P059|P066,mapped
TABLET-WO-02255-OP-01,TABLET-WO-02255,1,SET4,1,OPER004,P059|P066,mapped
TABLET-WO-02256-OP-01,TABLET-WO-02256,1,SET4,1,OPER004,P059|P066,mapped
TABLET-WO-02257-OP-01,TABLET-WO-02257,1,SET4,1,OPER004,P059|P066,mapped
TABLET-WO-02258-OP-01,TABLET-WO-02258,1,SET4,1,OPER004,P059|P066,mapped
TABLET-WO-02259-OP-01,TABLET-WO-02259,1,SET4,1,OPER004,P059|P066,mapped
TABLET-WO-02260-OP-01,TABLET-WO-02260,1,SET4,1,OPER004,P059|P066,mapped
TABLET-WO-02261-OP-01,TABLET-WO-02261,1,SET4,2,OPER004,P059|P066,mapped
TABLET-WO-02262-OP-01,TABLET-WO-02262,1,SET4,1,OPER004,P059|P066,mapped
TABLET-WO-02263-OP-01,TABLET-WO-02263,1,SET4,2,OPER004,P059|P066,mapped
TABLET-WO-02264-OP-01,TABLET-WO-02264,1,SET4,1,OPER004,P059|P066,mapped
TABLET-WO-02265-OP-01,TABLET-WO-02265,1,SET4,1,OPER004,P059|P066,mapped
TABLET-WO-02266-OP-01,TABLET-WO-02266,1,SET4,1,OPER004,P059|P066,mapped
TABLET-WO-02267-OP-01,TABLET-WO-02267,1,SET4,1,OPER004,P059|P066,mapped
TABLET-WO-02268-OP-01,TABLET-WO-02268,1,SET4,1,OPER004,P059|P066,mapped
TABLET-WO-02269-OP-01,TABLET-WO-02269,1,SET4,1,OPER004,P059|P066,mapped
TABLET-WO-02270-OP-01,TABLET-WO-02270,1,SET4,1,OPER004,P059|P066,mapped
TABLET-WO-02271-OP-01,TABLET-WO-02271,1,SET4,1,OPER004,P059|P066,mapped
TABLET-WO-02272-OP-01,TABLET-WO-02272,1,SET4,1,OPER004,P059|P066,mapped
TABLET-WO-02273-OP-01,TABLET-WO-02273,1,SET4,1,OPER004,P059|P066,mapped
TABLET-WO-02274-OP-01,TABLET-WO-02274,1,SET4,1,OPER004,P059|P066,mapped
TABLET-WO-02275-OP-01,TABLET-WO-02275,1,SET4,1,OPER004,P059|P066,mapped
TABLET-WO-02276-OP-01,TABLET-WO-02276,1,SET4,1,OPER004,P059|P066,mapped
TABLET-WO-02277-OP-01,TABLET-WO-02277,1,SET4,1,OPER004,P059|P066,mapped
TABLET-WO-02278-OP-01,TABLET-WO-02278,1,SET4,1,OPER004,P059|P066,mapped
TABLET-WO-02279-OP-01,TABLET-WO-02279,1,SET4,1,OPER004,P059|P066,mapped
TABLET-WO-02280-OP-01,TABLET-WO-02280,1,SET4,1,OPER004,P059|P066,mapped
TABLET-WO-02281-OP-01,TABLET-WO-02281,1,SET4,1,OPER004,P059|P066,mapped
TABLET-WO-02282-OP-01,TABLET-WO-02282,1,SET4,1,OPER004,P059|P066,mapped
TABLET-WO-02283-OP-01,TABLET-WO-02283,1,SET4,1,OPER004,P059|P066,mapped
TABLET-WO-02284-OP-01,TABLET-WO-02284,1,SET4,1,OPER004,P059|P066,mapped
TABLET-WO-02285-OP-01,TABLET-WO-02285,1,SET4,1,OPER004,P059|P066,mapped
TABLET-WO-02286-OP-01,TABLET-WO-02286,1,SET4,1,OPER004,P059|P066,mapped
TABLET-WO-02287-OP-01,TABLET-WO-02287,1,SET4,2,OPER004,P059|P066,mapped
TABLET-WO-02288-OP-01,TABLET-WO-02288,1,SET4,2,OPER004,P059|P066,mapped
TABLET-WO-02289-OP-01,TABLET-WO-02289,1,SET4,2,OPER004,P059|P066,mapped
TABLET-WO-02290-OP-01,TABLET-WO-02290,1,SET4,1,OPER004,P059|P066,mapped
TABLET-WO-02291-OP-01,TABLET-WO-02291,1,SET4,1,OPER004,P059|P066,mapped
TABLET-WO-02292-OP-01,TABLET-WO-02292,1,SET4,1,OPER004,P059|P066,mapped
TABLET-WO-02293-OP-01,TABLET-WO-02293,1,SET4,1,OPER004,P059|P066,mapped
TABLET-WO-02294-OP-01,TABLET-WO-02294,1,SET4,1,OPER004,P059|P066,mapped
TABLET-WO-02295-OP-01,TABLET-WO-02295,1,SET4,1,OPER004,P059|P066,mapped
TABLET-WO-02296-OP-01,TABLET-WO-02296,1,SET4,1,OPER004,P059|P066,mapped
TABLET-WO-02297-OP-01,TABLET-WO-02297,1,SET4,1,OPER004,P059|P066,mapped
TABLET-WO-02298-OP-01,TABLET-WO-02298,1,SET4,1,OPER004,P059|P066,mapped
TABLET-WO-02299-OP-01,TABLET-WO-02299,1,SET4,1,OPER004,P059|P066,mapped
TABLET-WO-02300-OP-01,TABLET-WO-02300,1,SET4,1,OPER004,P059|P066,mapped
TABLET-WO-02301-OP-01,TABLET-WO-02301,1,SET4,1,OPER004,P059|P066,mapped
TABLET-WO-02302-OP-01,TABLET-WO-02302,1,SET4,1,OPER004,P059|P066,mapped
TABLET-WO-02303-OP-01,TABLET-WO-02303,1,SET4,2,OPER004,P059|P066,mapped
TABLET-WO-02304-OP-01,TABLET-WO-02304,1,SET4,1,OPER004,P059|P066,mapped
TABLET-WO-02305-OP-01,TABLET-WO-02305,1,SET4,1,OPER004,P059|P066,mapped
TABLET-WO-02306-OP-01,TABLET-WO-02306,1,SET4,1,OPER004,P059|P066,mapped
TABLET-WO-02307-OP-01,TABLET-WO-02307,1,SET4,1,OPER004,P059|P066,mapped
TABLET-WO-02308-OP-01,TABLET-WO-02308,1,SET4,2,OPER004,P059|P066,mapped
TABLET-WO-02309-OP-01,TABLET-WO-02309,1,SET4,1,OPER004,P059|P066,mapped
TABLET-WO-02310-OP-01,TABLET-WO-02310,1,SET4,2,OPER004,P059|P066,mapped
TABLET-WO-02311-OP-01,TABLET-WO-02311,1,SET4,1,OPER004,P059|P066,mapped
TABLET-WO-02312-OP-01,TABLET-WO-02312,1,SET4,1,OPER004,P059|P066,mapped
TABLET-WO-02313-OP-01,TABLET-WO-02313,1,SET4,1,OPER004,P059|P066,mapped
TABLET-WO-02314-OP-01,TABLET-WO-02314,1,SET4,1,OPER004,P059|P066,mapped
TABLET-WO-02315-OP-01,TABLET-WO-02315,1,SET4,1,OPER004,P059|P066,mapped
TABLET-WO-02316-OP-01,TABLET-WO-02316,1,SET4,1,OPER004,P059|P066,mapped
TABLET-WO-02317-OP-01,TABLET-WO-02317,1,SET4,1,OPER004,P059|P066,mapped
TABLET-WO-02318-OP-01,TABLET-WO-02318,1,SET4,1,OPER004,P059|P066,mapped
TABLET-WO-02319-OP-01,TABLET-WO-02319,1,SET4,1,OPER004,P059|P066,mapped
TABLET-WO-02320-OP-01,TABLET-WO-02320,1,SET4,1,OPER004,P059|P066,mapped
TABLET-WO-02321-OP-01,TABLET-WO-02321,1,SET4,1,OPER004,P059|P066,mapped
TABLET-WO-02322-OP-01,TABLET-WO-02322,1,SET4,1,OPER004,P059|P066,mapped
TABLET-WO-02323-OP-01,TABLET-WO-02323,1,SET4,1,OPER004,P059|P066,mapped
TABLET-WO-02324-OP-01,TABLET-WO-02324,1,SET4,1,OPER004,P059|P066,mapped
TABLET-WO-02325-OP-01,TABLET-WO-02325,1,SET4,1,OPER004,P059|P066,mapped
TABLET-WO-02326-OP-01,TABLET-WO-02326,1,SET4,1,OPER004,P059|P066,mapped
TABLET-WO-02327-OP-01,TABLET-WO-02327,1,SET4,1,OPER004,P059|P066,mapped
TABLET-WO-02328-OP-01,TABLET-WO-02328,1,SET4,1,OPER004,P059|P066,mapped
TABLET-WO-02329-OP-01,TABLET-WO-02329,1,SET4,1,OPER004,P059|P066,mapped
TABLET-WO-02330-OP-01,TABLET-WO-02330,1,SET4,1,OPER004,P059|P066,mapped
TABLET-WO-02331-OP-01,TABLET-WO-02331,1,SET4,1,OPER004,P059|P066,mapped
TABLET-WO-02332-OP-01,TABLET-WO-02332,1,SET4,1,OPER004,P059|P066,mapped
TABLET-WO-02333-OP-01,TABLET-WO-02333,1,SET4,1,OPER004,P059|P066,mapped
TABLET-WO-02334-OP-01,TABLET-WO-02334,1,SET4,2,OPER004,P059|P066,mapped
TABLET-WO-02335-OP-01,TABLET-WO-02335,1,SET4,1,OPER004,P059|P066,mapped
TABLET-WO-02336-OP-01,TABLET-WO-02336,1,SET4,1,OPER004,P059|P066,mapped
TABLET-WO-02337-OP-01,TABLET-WO-02337,1,SET4,1,OPER004,P059|P066,mapped
TABLET-WO-02338-OP-01,TABLET-WO-02338,1,SET4,2,OPER004,P059|P066,mapped
TABLET-WO-02339-OP-01,TABLET-WO-02339,1,SET4,1,OPER004,P059|P066,mapped
TABLET-WO-02340-OP-01,TABLET-WO-02340,1,SET4,1,OPER004,P059|P066,mapped
TABLET-WO-02341-OP-01,TABLET-WO-02341,1,SET4,1,OPER004,P059|P066,mapped
TABLET-WO-02342-OP-01,TABLET-WO-02342,1,SET4,1,OPER004,P059|P066,mapped
TABLET-WO-02343-OP-01,TABLET-WO-02343,1,SET4,1,OPER004,P059|P066,mapped
TABLET-WO-02344-OP-01,TABLET-WO-02344,1,SET4,1,OPER004,P059|P066,mapped
TABLET-WO-02345-OP-01,TABLET-WO-02345,1,SET4,1,OPER004,P059|P066,mapped
TABLET-WO-02346-OP-01,TABLET-WO-02346,1,SET4,1,OPER004,P059|P066,mapped
TABLET-WO-02347-OP-01,TABLET-WO-02347,1,SET4,1,OPER004,P059|P066,mapped
TABLET-WO-02348-OP-01,TABLET-WO-02348,1,SET4,1,OPER004,P059|P066,mapped
TABLET-WO-02349-OP-01,TABLET-WO-02349,1,SET4,1,OPER004,P059|P066,mapped
TABLET-WO-02350-OP-01,TABLET-WO-02350,1,SET4,1,OPER004,P059|P066,mapped
TABLET-WO-02351-OP-01,TABLET-WO-02351,1,SET4,1,OPER004,P059|P066,mapped
TABLET-WO-02352-OP-01,TABLET-WO-02352,1,SET4,1,OPER004,P059|P066,mapped
TABLET-WO-02353-OP-01,TABLET-WO-02353,1,SET4,1,OPER004,P059|P066,mapped
TABLET-WO-02354-OP-01,TABLET-WO-02354,1,SET4,1,OPER004,P059|P066,mapped
TABLET-WO-02355-OP-01,TABLET-WO-02355,1,SET4,1,OPER004,P059|P066,mapped
TABLET-WO-02356-OP-01,TABLET-WO-02356,1,SET4,1,OPER004,P059|P066,mapped
TABLET-WO-02357-OP-01,TABLET-WO-02357,1,SET4,1,OPER004,P059|P066,mapped
TABLET-WO-02358-OP-01,TABLET-WO-02358,1,SET4,1,OPER004,P059|P066,mapped
TABLET-WO-02359-OP-01,TABLET-WO-02359,1,SET4,1,OPER004,P059|P066,mapped
TABLET-WO-02360-OP-01,TABLET-WO-02360,1,SET4,1,OPER004,P059|P066,mapped
TABLET-WO-02361-OP-01,TABLET-WO-02361,1,SET4,2,OPER004,P059|P066,mapped
TABLET-WO-02362-OP-01,TABLET-WO-02362,1,SET4,1,OPER004,P059|P066,mapped
TABLET-WO-02363-OP-01,TABLET-WO-02363,1,SET4,1,OPER004,P059|P066,mapped
TABLET-WO-02364-OP-01,TABLET-WO-02364,1,SET4,1,OPER004,P059|P066,mapped
TABLET-WO-02365-OP-01,TABLET-WO-02365,1,SET4,1,OPER004,P059|P066,mapped
TABLET-WO-02366-OP-01,TABLET-WO-02366,1,SET4,1,OPER004,P059|P066,mapped
TABLET-WO-02367-OP-01,TABLET-WO-02367,1,SET4,1,OPER004,P059|P066,mapped
TABLET-WO-02368-OP-01,TABLET-WO-02368,1,SET4,1,OPER004,P059|P066,mapped
TABLET-WO-02369-OP-01,TABLET-WO-02369,1,SET4,1,OPER004,P059|P067,mapped
TABLET-WO-02370-OP-01,TABLET-WO-02370,1,SET4,1,OPER004,P059|P067,mapped
TABLET-WO-02371-OP-01,TABLET-WO-02371,1,SET4,1,OPER004,P059|P067,mapped
TABLET-WO-02372-OP-01,TABLET-WO-02372,1,SET4,1,OPER004,P059|P067,mapped
TABLET-WO-02373-OP-01,TABLET-WO-02373,1,SET4,2,OPER004,P059|P067,mapped
TABLET-WO-02374-OP-01,TABLET-WO-02374,1,SET4,3,OPER004,P059|P067,mapped
TABLET-WO-02375-OP-01,TABLET-WO-02375,1,SET4,2,OPER004,P059|P067,mapped
TABLET-WO-02376-OP-01,TABLET-WO-02376,1,SET4,2,OPER004,P059|P067,mapped
TABLET-WO-02377-OP-01,TABLET-WO-02377,1,SET4,1,OPER004,P059|P067,mapped
TABLET-WO-02378-OP-01,TABLET-WO-02378,1,SET4,1,OPER004,P059|P067,mapped
TABLET-WO-02379-OP-01,TABLET-WO-02379,1,SET4,1,OPER004,P059|P067,mapped
TABLET-WO-02380-OP-01,TABLET-WO-02380,1,SET4,1,OPER004,P059|P067,mapped
TABLET-WO-02381-OP-01,TABLET-WO-02381,1,SET4,1,OPER004,P059|P067,mapped
TABLET-WO-02382-OP-01,TABLET-WO-02382,1,SET4,1,OPER004,P059|P067,mapped
TABLET-WO-02383-OP-01,TABLET-WO-02383,1,SET4,1,OPER004,P059|P067,mapped
TABLET-WO-02384-OP-01,TABLET-WO-02384,1,SET4,2,OPER004,P059|P067,mapped
TABLET-WO-02385-OP-01,TABLET-WO-02385,1,SET4,1,OPER004,P059|P067,mapped
TABLET-WO-02386-OP-01,TABLET-WO-02386,1,SET4,2,OPER004,P059|P067,mapped
TABLET-WO-02387-OP-01,TABLET-WO-02387,1,SET4,2,OPER004,P059|P067,mapped
TABLET-WO-02388-OP-01,TABLET-WO-02388,1,SET4,2,OPER004,P059|P067,mapped
TABLET-WO-02389-OP-01,TABLET-WO-02389,1,SET4,2,OPER004,P059|P067,mapped
TABLET-WO-02390-OP-01,TABLET-WO-02390,1,SET4,2,OPER004,P059|P067,mapped
TABLET-WO-02391-OP-01,TABLET-WO-02391,1,SET4,1,OPER004,P059|P067,mapped
TABLET-WO-02392-OP-01,TABLET-WO-02392,1,SET4,1,OPER004,P059|P067,mapped
TABLET-WO-02393-OP-01,TABLET-WO-02393,1,SET4,1,OPER004,P059|P067,mapped
TABLET-WO-02394-OP-01,TABLET-WO-02394,1,SET4,1,OPER004,P059|P067,mapped
TABLET-WO-02395-OP-01,TABLET-WO-02395,1,SET4,1,OPER004,P059|P067,mapped
TABLET-WO-02396-OP-01,TABLET-WO-02396,1,SET4,1,OPER004,P059|P067,mapped
TABLET-WO-02397-OP-01,TABLET-WO-02397,1,SET4,1,OPER004,P059|P067,mapped
TABLET-WO-02398-OP-01,TABLET-WO-02398,1,SET4,1,OPER004,P059|P067,mapped
TABLET-WO-02399-OP-01,TABLET-WO-02399,1,SET4,1,OPER004,P059|P067,mapped
TABLET-WO-02400-OP-01,TABLET-WO-02400,1,SET4,1,OPER004,P059|P067,mapped
TABLET-WO-02401-OP-01,TABLET-WO-02401,1,SET4,1,OPER004,P059|P067,mapped
TABLET-WO-02402-OP-01,TABLET-WO-02402,1,SET4,1,OPER004,P059|P067,mapped
TABLET-WO-02403-OP-01,TABLET-WO-02403,1,SET4,1,OPER004,P059|P067,mapped
TABLET-WO-02404-OP-01,TABLET-WO-02404,1,SET4,2,OPER004,P059|P067,mapped
TABLET-WO-02405-OP-01,TABLET-WO-02405,1,SET4,3,OPER004,P059|P067,mapped
TABLET-WO-02406-OP-01,TABLET-WO-02406,1,SET4,2,OPER004,P059|P067,mapped
TABLET-WO-02407-OP-01,TABLET-WO-02407,1,SET4,1,OPER004,P059|P067,mapped
TABLET-WO-02408-OP-01,TABLET-WO-02408,1,SET4,1,OPER004,P059|P067,mapped
TABLET-WO-02409-OP-01,TABLET-WO-02409,1,SET4,1,OPER004,P059|P067,mapped
TABLET-WO-02410-OP-01,TABLET-WO-02410,1,SET4,1,OPER004,P059|P067,mapped
TABLET-WO-02411-OP-01,TABLET-WO-02411,1,SET4,1,OPER004,P059|P067,mapped
TABLET-WO-02412-OP-01,TABLET-WO-02412,1,SET4,1,OPER004,P059|P067,mapped
TABLET-WO-02413-OP-01,TABLET-WO-02413,1,SET4,1,OPER004,P059|P067,mapped
TABLET-WO-02414-OP-01,TABLET-WO-02414,1,SET4,1,OPER004,P059|P067,mapped
TABLET-WO-02415-OP-01,TABLET-WO-02415,1,SET4,1,OPER004,P059|P067,mapped
TABLET-WO-02416-OP-01,TABLET-WO-02416,1,SET4,1,OPER004,P059|P067,mapped
TABLET-WO-02417-OP-01,TABLET-WO-02417,1,SET4,1,OPER004,P059|P067,mapped
TABLET-WO-02418-OP-01,TABLET-WO-02418,1,SET4,1,OPER004,P059|P067,mapped
TABLET-WO-02419-OP-01,TABLET-WO-02419,1,SET4,1,OPER004,P059|P067,mapped
TABLET-WO-02420-OP-01,TABLET-WO-02420,1,SET4,1,OPER004,P059|P067,mapped
TABLET-WO-02421-OP-01,TABLET-WO-02421,1,SET4,1,OPER004,P059|P067,mapped
TABLET-WO-02422-OP-01,TABLET-WO-02422,1,SET4,1,OPER004,P059|P067,mapped
TABLET-WO-02423-OP-01,TABLET-WO-02423,1,SET4,1,OPER004,P059|P067,mapped
TABLET-WO-02424-OP-01,TABLET-WO-02424,1,SET4,1,OPER004,P059|P067,mapped
TABLET-WO-02425-OP-01,TABLET-WO-02425,1,SET4,1,OPER004,P059|P067,mapped
TABLET-WO-02426-OP-01,TABLET-WO-02426,1,SET4,1,OPER004,P059|P067,mapped
TABLET-WO-02427-OP-01,TABLET-WO-02427,1,SET4,1,OPER004,P059|P067,mapped
TABLET-WO-02428-OP-01,TABLET-WO-02428,1,SET4,1,OPER004,P059|P067,mapped
TABLET-WO-02429-OP-01,TABLET-WO-02429,1,SET4,1,OPER004,P059|P067,mapped
TABLET-WO-02430-OP-01,TABLET-WO-02430,1,SET4,2,OPER004,P059|P067,mapped
TABLET-WO-02431-OP-01,TABLET-WO-02431,1,SET4,1,OPER004,P059|P067,mapped
TABLET-WO-02432-OP-01,TABLET-WO-02432,1,SET4,1,OPER004,P059|P067,mapped
TABLET-WO-02433-OP-01,TABLET-WO-02433,1,SET4,1,OPER004,P059|P067,mapped
TABLET-WO-02434-OP-01,TABLET-WO-02434,1,SET4,1,OPER004,P059|P067,mapped
TABLET-WO-02435-OP-01,TABLET-WO-02435,1,SET4,1,OPER004,P059|P067,mapped
TABLET-WO-02436-OP-01,TABLET-WO-02436,1,SET4,1,OPER004,P059|P067,mapped
TABLET-WO-02437-OP-01,TABLET-WO-02437,1,SET4,1,OPER004,P059|P067,mapped
TABLET-WO-02438-OP-01,TABLET-WO-02438,1,SET4,1,OPER004,P059|P067,mapped
TABLET-WO-02439-OP-01,TABLET-WO-02439,1,SET4,1,OPER004,P059|P067,mapped
TABLET-WO-02440-OP-01,TABLET-WO-02440,1,SET4,1,OPER004,P059|P067,mapped
TABLET-WO-02441-OP-01,TABLET-WO-02441,1,SET4,1,OPER004,P059|P067,mapped
TABLET-WO-02442-OP-01,TABLET-WO-02442,1,SET4,1,OPER004,P059|P067,mapped
TABLET-WO-02443-OP-01,TABLET-WO-02443,1,SET4,1,OPER004,P059|P067,mapped
TABLET-WO-02444-OP-01,TABLET-WO-02444,1,SET4,1,OPER004,P059|P067,mapped
TABLET-WO-02445-OP-01,TABLET-WO-02445,1,SET4,1,OPER004,P059|P067,mapped
TABLET-WO-02446-OP-01,TABLET-WO-02446,1,SET4,1,OPER004,P059|P067,mapped
TABLET-WO-02447-OP-01,TABLET-WO-02447,1,SET4,4,OPER004,P059|P067,mapped
TABLET-WO-02448-OP-01,TABLET-WO-02448,1,SET4,2,OPER004,P059|P067,mapped
TABLET-WO-02449-OP-01,TABLET-WO-02449,1,SET4,2,OPER004,P059|P067,mapped
TABLET-WO-02450-OP-01,TABLET-WO-02450,1,SET4,2,OPER004,P059|P067,mapped
TABLET-WO-02451-OP-01,TABLET-WO-02451,1,SET4,1,OPER004,P059|P067,mapped
TABLET-WO-02452-OP-01,TABLET-WO-02452,1,SET4,1,OPER004,P059|P067,mapped
TABLET-WO-02453-OP-01,TABLET-WO-02453,1,SET4,1,OPER004,P059|P067,mapped
TABLET-WO-02454-OP-01,TABLET-WO-02454,1,SET4,1,OPER004,P059|P067,mapped
TABLET-WO-02455-OP-01,TABLET-WO-02455,1,SET4,1,OPER004,P059|P067,mapped
TABLET-WO-02456-OP-01,TABLET-WO-02456,1,SET4,1,OPER004,P059|P067,mapped
TABLET-WO-02457-OP-01,TABLET-WO-02457,1,SET4,1,OPER004,P059|P067,mapped
TABLET-WO-02458-OP-01,TABLET-WO-02458,1,SET4,1,OPER004,P059|P067,mapped
TABLET-WO-02459-OP-01,TABLET-WO-02459,1,SET4,1,OPER004,P059|P067,mapped
TABLET-WO-02460-OP-01,TABLET-WO-02460,1,SET4,1,OPER004,P059|P067,mapped
TABLET-WO-02461-OP-01,TABLET-WO-02461,1,SET4,1,OPER004,P059|P067,mapped
TABLET-WO-02462-OP-01,TABLET-WO-02462,1,SET4,1,OPER004,P059|P067,mapped
TABLET-WO-02463-OP-01,TABLET-WO-02463,1,SET4,1,OPER004,P059|P067,mapped
TABLET-WO-02464-OP-01,TABLET-WO-02464,1,SET4,1,OPER004,P059|P067,mapped
TABLET-WO-02465-OP-01,TABLET-WO-02465,1,SET4,1,OPER004,P059|P067,mapped
TABLET-WO-02466-OP-01,TABLET-WO-02466,1,SET4,1,OPER004,P059|P067,mapped
TABLET-WO-02467-OP-01,TABLET-WO-02467,1,SET4,1,OPER004,P059|P067,mapped
TABLET-WO-02468-OP-01,TABLET-WO-02468,1,SET4,1,OPER004,P059|P067,mapped
TABLET-WO-02469-OP-01,TABLET-WO-02469,1,SET4,2,OPER004,P059|P067,mapped
TABLET-WO-02470-OP-01,TABLET-WO-02470,1,SET4,2,OPER004,P059|P067,mapped
TABLET-WO-02471-OP-01,TABLET-WO-02471,1,SET4,2,OPER004,P059|P067,mapped
TABLET-WO-02472-OP-01,TABLET-WO-02472,1,SET4,2,OPER004,P059|P067,mapped
TABLET-WO-02473-OP-01,TABLET-WO-02473,1,SET4,2,OPER004,P059|P067,mapped
TABLET-WO-02474-OP-01,TABLET-WO-02474,1,SET4,1,OPER004,P059|P067,mapped
TABLET-WO-02475-OP-01,TABLET-WO-02475,1,SET4,1,OPER004,P059|P067,mapped
TABLET-WO-02476-OP-01,TABLET-WO-02476,1,SET4,1,OPER004,P059|P067,mapped
TABLET-WO-02477-OP-01,TABLET-WO-02477,1,SET4,1,OPER004,P059|P067,mapped
TABLET-WO-02478-OP-01,TABLET-WO-02478,1,SET4,1,OPER004,P059|P067,mapped
TABLET-WO-02479-OP-01,TABLET-WO-02479,1,SET4,1,OPER004,P059|P067,mapped
TABLET-WO-02480-OP-01,TABLET-WO-02480,1,SET4,1,OPER004,P059|P067,mapped
TABLET-WO-02481-OP-01,TABLET-WO-02481,1,SET4,1,OPER004,P059|P067,mapped
TABLET-WO-02482-OP-01,TABLET-WO-02482,1,SET4,3,OPER004,P059|P067,mapped
TABLET-WO-02483-OP-01,TABLET-WO-02483,1,SET4,3,OPER004,P059|P067,mapped
TABLET-WO-02484-OP-01,TABLET-WO-02484,1,SET4,3,OPER004,P059|P067,mapped
TABLET-WO-02485-OP-01,TABLET-WO-02485,1,SET4,3,OPER004,P059|P067,mapped
TABLET-WO-02486-OP-01,TABLET-WO-02486,1,SET4,1,OPER004,P059|P067,mapped
TABLET-WO-02487-OP-01,TABLET-WO-02487,1,SET4,1,OPER004,P059|P067,mapped
TABLET-WO-02488-OP-01,TABLET-WO-02488,1,SET4,1,OPER004,P059|P067,mapped
TABLET-WO-02489-OP-01,TABLET-WO-02489,1,SET4,1,OPER004,P059|P067,mapped
TABLET-WO-02490-OP-01,TABLET-WO-02490,1,SET4,1,OPER004,P059|P067,mapped
TABLET-WO-02491-OP-01,TABLET-WO-02491,1,SET4,1,OPER004,P059|P067,mapped
TABLET-WO-02492-OP-01,TABLET-WO-02492,1,SET4,1,OPER004,P059|P067,mapped
TABLET-WO-02493-OP-01,TABLET-WO-02493,1,SET4,1,OPER004,P059|P067,mapped
TABLET-WO-02494-OP-01,TABLET-WO-02494,1,SET4,1,OPER004,P059|P067,mapped
TABLET-WO-02495-OP-01,TABLET-WO-02495,1,SET4,1,OPER004,P059|P067,mapped
TABLET-WO-02496-OP-01,TABLET-WO-02496,1,SET4,2,OPER004,P059|P067,mapped
TABLET-WO-02497-OP-01,TABLET-WO-02497,1,SET4,2,OPER004,P059|P067,mapped
TABLET-WO-02498-OP-01,TABLET-WO-02498,1,SET4,1,OPER004,P059|P067,mapped
TABLET-WO-02499-OP-01,TABLET-WO-02499,1,SET4,1,OPER004,P059|P067,mapped
TABLET-WO-02500-OP-01,TABLET-WO-02500,1,SET4,1,OPER004,P059|P067,mapped
TABLET-WO-02501-OP-01,TABLET-WO-02501,1,SET4,1,OPER004,P059|P067,mapped
TABLET-WO-02502-OP-01,TABLET-WO-02502,1,SET4,1,OPER004,P059|P067,mapped
TABLET-WO-02503-OP-01,TABLET-WO-02503,1,SET4,1,OPER004,P059|P067,mapped
TABLET-WO-02504-OP-01,TABLET-WO-02504,1,SET4,1,OPER004,P059|P067,mapped
TABLET-WO-02505-OP-01,TABLET-WO-02505,1,SET4,1,OPER004,P059|P067,mapped
TABLET-WO-02506-OP-01,TABLET-WO-02506,1,SET4,1,OPER004,P059|P067,mapped
TABLET-WO-02507-OP-01,TABLET-WO-02507,1,SET4,1,OPER004,P059|P067,mapped
TABLET-WO-02508-OP-01,TABLET-WO-02508,1,SET4,2,OPER004,P059|P067,mapped
TABLET-WO-02509-OP-01,TABLET-WO-02509,1,SET4,2,OPER004,P059|P067,mapped
TABLET-WO-02510-OP-01,TABLET-WO-02510,1,SET4,2,OPER004,P059|P067,mapped
TABLET-WO-02511-OP-01,TABLET-WO-02511,1,SET4,3,OPER004,P059|P067,mapped
TABLET-WO-02512-OP-01,TABLET-WO-02512,1,SET4,3,OPER004,P059|P067,mapped
TABLET-WO-02513-OP-01,TABLET-WO-02513,1,SET4,1,OPER004,P059|P067,mapped
TABLET-WO-02514-OP-01,TABLET-WO-02514,1,SET4,1,OPER004,P059|P067,mapped
TABLET-WO-02515-OP-01,TABLET-WO-02515,1,SET4,1,OPER004,P059|P067,mapped
TABLET-WO-02516-OP-01,TABLET-WO-02516,1,SET4,1,OPER004,P059|P067,mapped
TABLET-WO-02517-OP-01,TABLET-WO-02517,1,SET4,1,OPER004,P059|P068,mapped
TABLET-WO-02518-OP-01,TABLET-WO-02518,1,SET4,1,OPER004,P059|P068,mapped
TABLET-WO-02519-OP-01,TABLET-WO-02519,1,SET4,1,OPER004,P059|P068,mapped
TABLET-WO-02520-OP-01,TABLET-WO-02520,1,SET4,1,OPER004,P059|P068,mapped
TABLET-WO-02521-OP-01,TABLET-WO-02521,1,SET4,1,OPER004,P059|P068,mapped
TABLET-WO-02522-OP-01,TABLET-WO-02522,1,SET4,1,OPER004,P059|P068,mapped
TABLET-WO-02523-OP-01,TABLET-WO-02523,1,SET4,1,OPER004,P059|P068,mapped
TABLET-WO-02524-OP-01,TABLET-WO-02524,1,SET4,1,OPER004,P059|P068,mapped
TABLET-WO-02525-OP-01,TABLET-WO-02525,1,SET4,1,OPER004,P059|P068,mapped
TABLET-WO-02526-OP-01,TABLET-WO-02526,1,SET4,1,OPER004,P059|P068,mapped
TABLET-WO-02527-OP-01,TABLET-WO-02527,1,SET4,1,OPER004,P059|P068,mapped
TABLET-WO-02528-OP-01,TABLET-WO-02528,1,SET4,1,OPER004,P059|P068,mapped
TABLET-WO-02529-OP-01,TABLET-WO-02529,1,SET4,1,OPER004,P059|P068,mapped
TABLET-WO-02530-OP-01,TABLET-WO-02530,1,SET4,1,OPER004,P059|P068,mapped
TABLET-WO-02531-OP-01,TABLET-WO-02531,1,SET4,1,OPER004,P059|P068,mapped
TABLET-WO-02532-OP-01,TABLET-WO-02532,1,SET4,1,OPER004,P059|P068,mapped
TABLET-WO-02533-OP-01,TABLET-WO-02533,1,SET4,1,OPER004,P059|P068,mapped
TABLET-WO-02534-OP-01,TABLET-WO-02534,1,SET4,1,OPER004,P059|P068,mapped
TABLET-WO-02535-OP-01,TABLET-WO-02535,1,SET4,1,OPER004,P059|P068,mapped
TABLET-WO-02536-OP-01,TABLET-WO-02536,1,SET4,1,OPER004,P059|P068,mapped
TABLET-WO-02537-OP-01,TABLET-WO-02537,1,SET4,1,OPER004,P059|P068,mapped
TABLET-WO-02538-OP-01,TABLET-WO-02538,1,SET4,1,OPER004,P059|P068,mapped
TABLET-WO-02539-OP-01,TABLET-WO-02539,1,SET4,1,OPER004,P059|P068,mapped
TABLET-WO-02540-OP-01,TABLET-WO-02540,1,SET4,1,OPER004,P059|P068,mapped
TABLET-WO-02541-OP-01,TABLET-WO-02541,1,SET4,1,OPER004,P059|P068,mapped
TABLET-WO-02542-OP-01,TABLET-WO-02542,1,SET4,1,OPER004,P059|P068,mapped
TABLET-WO-02543-OP-01,TABLET-WO-02543,1,SET4,1,OPER004,P059|P068,mapped
TABLET-WO-02544-OP-01,TABLET-WO-02544,1,SET4,1,OPER004,P059|P068,mapped
TABLET-WO-02545-OP-01,TABLET-WO-02545,1,SET4,1,OPER004,P059|P068,mapped
TABLET-WO-02546-OP-01,TABLET-WO-02546,1,SET4,1,OPER004,P059|P068,mapped
TABLET-WO-02547-OP-01,TABLET-WO-02547,1,SET4,1,OPER004,P059|P068,mapped
TABLET-WO-02548-OP-01,TABLET-WO-02548,1,SET4,1,OPER004,P059|P068,mapped
TABLET-WO-02549-OP-01,TABLET-WO-02549,1,SET4,1,OPER004,P059|P068,mapped
TABLET-WO-02550-OP-01,TABLET-WO-02550,1,SET4,1,OPER004,P059|P068,mapped
TABLET-WO-02551-OP-01,TABLET-WO-02551,1,SET4,1,OPER004,P059|P068,mapped
TABLET-WO-02552-OP-01,TABLET-WO-02552,1,SET4,1,OPER004,P059|P068,mapped
TABLET-WO-02553-OP-01,TABLET-WO-02553,1,SET4,1,OPER004,P059|P068,mapped
TABLET-WO-02554-OP-01,TABLET-WO-02554,1,SET4,1,OPER004,P059|P068,mapped
TABLET-WO-02555-OP-01,TABLET-WO-02555,1,SET4,1,OPER004,P059|P068,mapped
TABLET-WO-02556-OP-01,TABLET-WO-02556,1,SET4,1,OPER004,P059|P068,mapped
TABLET-WO-02557-OP-01,TABLET-WO-02557,1,SET4,1,OPER004,P059|P068,mapped
TABLET-WO-02558-OP-01,TABLET-WO-02558,1,SET4,1,OPER004,P059|P068,mapped
TABLET-WO-02559-OP-01,TABLET-WO-02559,1,SET4,1,OPER004,P059|P068,mapped
TABLET-WO-02560-OP-01,TABLET-WO-02560,1,SET4,1,OPER004,P059|P068,mapped
TABLET-WO-02561-OP-01,TABLET-WO-02561,1,SET4,1,OPER004,P059|P068,mapped
TABLET-WO-02562-OP-01,TABLET-WO-02562,1,SET4,1,OPER004,P059|P068,mapped
TABLET-WO-02563-OP-01,TABLET-WO-02563,1,SET4,1,OPER004,P059|P068,mapped
TABLET-WO-02564-OP-01,TABLET-WO-02564,1,SET4,1,OPER004,P059|P068,mapped
TABLET-WO-02565-OP-01,TABLET-WO-02565,1,SET4,1,OPER004,P059|P068,mapped
TABLET-WO-02566-OP-01,TABLET-WO-02566,1,SET4,1,OPER004,P059|P068,mapped
TABLET-WO-02567-OP-01,TABLET-WO-02567,1,SET4,1,OPER004,P059|P068,mapped
TABLET-WO-02568-OP-01,TABLET-WO-02568,1,SET4,1,OPER004,P059|P068,mapped
TABLET-WO-02569-OP-01,TABLET-WO-02569,1,SET4,1,OPER004,P059|P068,mapped
TABLET-WO-02570-OP-01,TABLET-WO-02570,1,SET4,1,OPER004,P059|P068,mapped
TABLET-WO-02571-OP-01,TABLET-WO-02571,1,SET4,1,OPER004,P059|P068,mapped
TABLET-WO-02572-OP-01,TABLET-WO-02572,1,SET4,1,OPER004,P059|P068,mapped
TABLET-WO-02573-OP-01,TABLET-WO-02573,1,SET4,1,OPER004,P059|P068,mapped
TABLET-WO-02574-OP-01,TABLET-WO-02574,1,SET4,1,OPER004,P059|P068,mapped
TABLET-WO-02575-OP-01,TABLET-WO-02575,1,SET4,1,OPER004,P059|P068,mapped
TABLET-WO-02576-OP-01,TABLET-WO-02576,1,SET4,1,OPER004,P059|P068,mapped
TABLET-WO-02577-OP-01,TABLET-WO-02577,1,SET4,1,OPER004,P059|P068,mapped
TABLET-WO-02578-OP-01,TABLET-WO-02578,1,SET4,1,OPER004,P059|P068,mapped
TABLET-WO-02579-OP-01,TABLET-WO-02579,1,SET4,1,OPER004,P059|P068,mapped
TABLET-WO-02580-OP-01,TABLET-WO-02580,1,SET4,1,OPER004,P059|P068,mapped
TABLET-WO-02581-OP-01,TABLET-WO-02581,1,SET4,1,OPER004,P059|P068,mapped
TABLET-WO-02582-OP-01,TABLET-WO-02582,1,SET4,1,OPER004,P059|P068,mapped
TABLET-WO-02583-OP-01,TABLET-WO-02583,1,SET4,1,OPER004,P059|P068,mapped
TABLET-WO-02584-OP-01,TABLET-WO-02584,1,SET4,1,OPER004,P059|P068,mapped
TABLET-WO-02585-OP-01,TABLET-WO-02585,1,SET4,1,OPER004,P059|P068,mapped
TABLET-WO-02586-OP-01,TABLET-WO-02586,1,SET4,1,OPER004,P059|P068,mapped
TABLET-WO-02587-OP-01,TABLET-WO-02587,1,SET4,1,OPER004,P059|P068,mapped
TABLET-WO-02588-OP-01,TABLET-WO-02588,1,SET4,1,OPER004,P059|P068,mapped
TABLET-WO-02589-OP-01,TABLET-WO-02589,1,SET4,1,OPER004,P059|P068,mapped
TABLET-WO-02590-OP-01,TABLET-WO-02590,1,SET4,1,OPER004,P059|P068,mapped
TABLET-WO-02591-OP-01,TABLET-WO-02591,1,SET4,1,OPER004,P059|P068,mapped
TABLET-WO-02592-OP-01,TABLET-WO-02592,1,SET4,1,OPER004,P059|P068,mapped
TABLET-WO-02593-OP-01,TABLET-WO-02593,1,SET4,1,OPER004,P059|P068,mapped
TABLET-WO-02594-OP-01,TABLET-WO-02594,1,SET4,1,OPER004,P059|P068,mapped
TABLET-WO-02595-OP-01,TABLET-WO-02595,1,SET4,1,OPER004,P059|P068,mapped
TABLET-WO-02596-OP-01,TABLET-WO-02596,1,SET4,1,OPER004,P059|P068,mapped
TABLET-WO-02597-OP-01,TABLET-WO-02597,1,SET4,1,OPER004,P059|P068,mapped
TABLET-WO-02598-OP-01,TABLET-WO-02598,1,SET4,1,OPER004,P059|P068,mapped
TABLET-WO-02599-OP-01,TABLET-WO-02599,1,SET4,1,OPER004,P059|P068,mapped
TABLET-WO-02600-OP-01,TABLET-WO-02600,1,SET4,1,OPER004,P059|P068,mapped
TABLET-WO-02601-OP-01,TABLET-WO-02601,1,SET4,1,OPER004,P059|P068,mapped
TABLET-WO-02602-OP-01,TABLET-WO-02602,1,SET4,1,OPER004,P059|P068,mapped
TABLET-WO-02603-OP-01,TABLET-WO-02603,1,SET4,1,OPER004,P059|P068,mapped
TABLET-WO-02604-OP-01,TABLET-WO-02604,1,SET4,1,OPER004,P059|P068,mapped
TABLET-WO-02605-OP-01,TABLET-WO-02605,1,SET4,1,OPER004,P059|P068,mapped
TABLET-WO-02606-OP-01,TABLET-WO-02606,1,SET4,1,OPER004,P059|P068,mapped
TABLET-WO-02607-OP-01,TABLET-WO-02607,1,SET4,1,OPER004,P059|P068,mapped
TABLET-WO-02608-OP-01,TABLET-WO-02608,1,SET4,1,OPER004,P059|P068,mapped
TABLET-WO-02609-OP-01,TABLET-WO-02609,1,SET4,1,OPER004,P059|P068,mapped
TABLET-WO-02610-OP-01,TABLET-WO-02610,1,SET4,1,OPER004,P059|P068,mapped
TABLET-WO-02611-OP-01,TABLET-WO-02611,1,SET4,1,OPER004,P059|P068,mapped
TABLET-WO-02612-OP-01,TABLET-WO-02612,1,SET4,1,OPER004,P059|P068,mapped
TABLET-WO-02613-OP-01,TABLET-WO-02613,1,SET4,1,OPER004,P059|P068,mapped
TABLET-WO-02614-OP-01,TABLET-WO-02614,1,SET4,1,OPER004,P059|P068,mapped
TABLET-WO-02615-OP-01,TABLET-WO-02615,1,SET4,1,OPER004,P059|P068,mapped
TABLET-WO-02616-OP-01,TABLET-WO-02616,1,SET4,1,OPER004,P059|P068,mapped
TABLET-WO-02617-OP-01,TABLET-WO-02617,1,SET4,1,OPER004,P059|P068,mapped
TABLET-WO-02618-OP-01,TABLET-WO-02618,1,SET4,1,OPER004,P059|P068,mapped
TABLET-WO-02619-OP-01,TABLET-WO-02619,1,SET4,1,OPER004,P059|P068,mapped
TABLET-WO-02620-OP-01,TABLET-WO-02620,1,SET4,1,OPER004,P059|P068,mapped
TABLET-WO-02621-OP-01,TABLET-WO-02621,1,SET4,1,OPER004,P059|P068,mapped
TABLET-WO-02622-OP-01,TABLET-WO-02622,1,SET4,1,OPER004,P059|P068,mapped
TABLET-WO-02623-OP-01,TABLET-WO-02623,1,SET4,1,OPER004,P059|P068,mapped
TABLET-WO-02624-OP-01,TABLET-WO-02624,1,SET4,1,OPER004,P059|P068,mapped
TABLET-WO-02625-OP-01,TABLET-WO-02625,1,SET4,1,OPER004,P059|P068,mapped
TABLET-WO-02626-OP-01,TABLET-WO-02626,1,SET4,1,OPER004,P059|P068,mapped
TABLET-WO-02627-OP-01,TABLET-WO-02627,1,SET4,1,OPER004,P059|P068,mapped
TABLET-WO-02628-OP-01,TABLET-WO-02628,1,SET4,1,OPER004,P059|P068,mapped
TABLET-WO-02629-OP-01,TABLET-WO-02629,1,SET4,1,OPER004,P059|P068,mapped
TABLET-WO-02630-OP-01,TABLET-WO-02630,1,SET4,1,OPER004,P059|P068,mapped
TABLET-WO-02631-OP-01,TABLET-WO-02631,1,SET4,1,OPER004,P059|P068,mapped
TABLET-WO-02632-OP-01,TABLET-WO-02632,1,SET4,1,OPER004,P059|P068,mapped
TABLET-WO-02633-OP-01,TABLET-WO-02633,1,SET4,1,OPER004,P059|P068,mapped
TABLET-WO-02634-OP-01,TABLET-WO-02634,1,SET4,1,OPER004,P059|P068,mapped
TABLET-WO-02635-OP-01,TABLET-WO-02635,1,SET4,1,OPER004,P059|P068,mapped
TABLET-WO-02636-OP-01,TABLET-WO-02636,1,SET4,1,OPER004,P059|P068,mapped
TABLET-WO-02637-OP-01,TABLET-WO-02637,1,SET4,1,OPER004,P059|P068,mapped
TABLET-WO-02638-OP-01,TABLET-WO-02638,1,SET4,1,OPER004,P059|P068,mapped
TABLET-WO-02639-OP-01,TABLET-WO-02639,1,SET4,1,OPER004,P059|P068,mapped
TABLET-WO-02640-OP-01,TABLET-WO-02640,1,SET4,1,OPER004,P059|P068,mapped
TABLET-WO-02641-OP-01,TABLET-WO-02641,1,SET4,1,OPER004,P059|P068,mapped
TABLET-WO-02642-OP-01,TABLET-WO-02642,1,SET4,1,OPER004,P059|P068,mapped
TABLET-WO-02643-OP-01,TABLET-WO-02643,1,SET4,1,OPER004,P059|P068,mapped
TABLET-WO-02644-OP-01,TABLET-WO-02644,1,SET4,1,OPER004,P059|P068,mapped
TABLET-WO-02645-OP-01,TABLET-WO-02645,1,SET4,1,OPER004,P059|P068,mapped
TABLET-WO-02646-OP-01,TABLET-WO-02646,1,SET4,1,OPER004,P059|P068,mapped
TABLET-WO-02647-OP-01,TABLET-WO-02647,1,SET4,1,OPER004,P059|P068,mapped
TABLET-WO-02648-OP-01,TABLET-WO-02648,1,SET4,1,OPER004,P059|P068,mapped
TABLET-WO-02649-OP-01,TABLET-WO-02649,1,SET4,1,OPER004,P059|P068,mapped
TABLET-WO-02650-OP-01,TABLET-WO-02650,1,SET4,1,OPER004,P059|P068,mapped
TABLET-WO-02651-OP-01,TABLET-WO-02651,1,SET4,1,OPER004,P059|P068,mapped
TABLET-WO-02652-OP-01,TABLET-WO-02652,1,SET4,1,OPER004,P059|P068,mapped
TABLET-WO-02653-OP-01,TABLET-WO-02653,1,SET4,1,OPER004,P059|P068,mapped
TABLET-WO-02654-OP-01,TABLET-WO-02654,1,SET4,1,OPER004,P059|P068,mapped
TABLET-WO-02655-OP-01,TABLET-WO-02655,1,SET4,1,OPER004,P059|P068,mapped
TABLET-WO-02656-OP-01,TABLET-WO-02656,1,SET4,1,OPER004,P059|P068,mapped
TABLET-WO-02657-OP-01,TABLET-WO-02657,1,SET4,1,OPER004,P059|P068,mapped
TABLET-WO-02658-OP-01,TABLET-WO-02658,1,SET4,1,OPER004,P059|P068,mapped
TABLET-WO-02659-OP-01,TABLET-WO-02659,1,SET4,1,OPER004,P059|P068,mapped
TABLET-WO-02660-OP-01,TABLET-WO-02660,1,SET4,1,OPER004,P059|P068,mapped
TABLET-WO-02661-OP-01,TABLET-WO-02661,1,SET4,1,OPER004,P059|P068,mapped
TABLET-WO-02662-OP-01,TABLET-WO-02662,1,SET4,1,OPER004,P059|P068,mapped
TABLET-WO-02663-OP-01,TABLET-WO-02663,1,SET4,1,OPER004,P059|P068,mapped
TABLET-WO-02664-OP-01,TABLET-WO-02664,1,SET4,1,OPER004,P059|P068,mapped
TABLET-WO-02665-OP-01,TABLET-WO-02665,1,SET4,1,OPER004,P069,mapped
TABLET-WO-02666-OP-01,TABLET-WO-02666,1,SET4,1,OPER004,P069,mapped
TABLET-WO-02667-OP-01,TABLET-WO-02667,1,SET4,1,OPER004,P069,mapped
TABLET-WO-02668-OP-01,TABLET-WO-02668,1,SET4,1,OPER004,P069,mapped
TABLET-WO-02669-OP-01,TABLET-WO-02669,1,SET4,1,OPER004,P069,mapped
TABLET-WO-02670-OP-01,TABLET-WO-02670,1,SET4,1,OPER004,P069,mapped
TABLET-WO-02671-OP-01,TABLET-WO-02671,1,SET4,1,OPER004,P069,mapped
TABLET-WO-02672-OP-01,TABLET-WO-02672,1,SET4,1,OPER004,P069,mapped
TABLET-WO-02673-OP-01,TABLET-WO-02673,1,SET4,1,OPER004,P069,mapped
TABLET-WO-02674-OP-01,TABLET-WO-02674,1,SET4,1,OPER004,P069,mapped
TABLET-WO-02675-OP-01,TABLET-WO-02675,1,SET4,1,OPER004,P069,mapped
TABLET-WO-02676-OP-01,TABLET-WO-02676,1,SET4,1,OPER004,P069,mapped
TABLET-WO-02677-OP-01,TABLET-WO-02677,1,SET4,1,OPER004,P069,mapped
TABLET-WO-02678-OP-01,TABLET-WO-02678,1,SET4,1,OPER004,P069,mapped
TABLET-WO-02679-OP-01,TABLET-WO-02679,1,SET4,1,OPER004,P069,mapped
TABLET-WO-02680-OP-01,TABLET-WO-02680,1,SET4,1,OPER004,P069,mapped
TABLET-WO-02681-OP-01,TABLET-WO-02681,1,SET4,1,OPER004,P069,mapped
TABLET-WO-02682-OP-01,TABLET-WO-02682,1,SET4,1,OPER004,P069,mapped
TABLET-WO-02683-OP-01,TABLET-WO-02683,1,SET4,1,OPER004,P069,mapped
TABLET-WO-02684-OP-01,TABLET-WO-02684,1,SET4,1,OPER004,P069,mapped
TABLET-WO-02685-OP-01,TABLET-WO-02685,1,SET4,1,OPER004,P069,mapped
TABLET-WO-02686-OP-01,TABLET-WO-02686,1,SET4,1,OPER004,P069,mapped
TABLET-WO-02687-OP-01,TABLET-WO-02687,1,SET4,1,OPER004,P069,mapped
TABLET-WO-02688-OP-01,TABLET-WO-02688,1,SET4,1,OPER004,P069,mapped
TABLET-WO-02689-OP-01,TABLET-WO-02689,1,SET4,1,OPER004,P069,mapped
TABLET-WO-02690-OP-01,TABLET-WO-02690,1,SET4,1,OPER004,P069,mapped
TABLET-WO-02691-OP-01,TABLET-WO-02691,1,SET4,1,OPER004,P069,mapped
TABLET-WO-02692-OP-01,TABLET-WO-02692,1,SET4,1,OPER004,P069,mapped
TABLET-WO-02693-OP-01,TABLET-WO-02693,1,SET4,1,OPER004,P069,mapped
TABLET-WO-02694-OP-01,TABLET-WO-02694,1,SET4,1,OPER004,P069,mapped
TABLET-WO-02695-OP-01,TABLET-WO-02695,1,SET4,1,OPER004,P069,mapped
TABLET-WO-02696-OP-01,TABLET-WO-02696,1,SET4,1,OPER004,P069,mapped
TABLET-WO-02697-OP-01,TABLET-WO-02697,1,SET4,1,OPER004,P069,mapped
TABLET-WO-02698-OP-01,TABLET-WO-02698,1,SET4,1,OPER004,P069,mapped
TABLET-WO-02699-OP-01,TABLET-WO-02699,1,SET4,1,OPER004,P069,mapped
TABLET-WO-02700-OP-01,TABLET-WO-02700,1,SET4,1,OPER004,P069,mapped
TABLET-WO-02701-OP-01,TABLET-WO-02701,1,SET4,1,OPER004,P069,mapped
TABLET-WO-02702-OP-01,TABLET-WO-02702,1,SET4,1,OPER004,P069,mapped
TABLET-WO-02703-OP-01,TABLET-WO-02703,1,SET4,1,OPER004,P069,mapped
TABLET-WO-02704-OP-01,TABLET-WO-02704,1,SET4,2,OPER004,P069,mapped
TABLET-WO-02705-OP-01,TABLET-WO-02705,1,SET4,1,OPER004,P069,mapped
TABLET-WO-02706-OP-01,TABLET-WO-02706,1,SET4,2,OPER004,P069,mapped
TABLET-WO-02707-OP-01,TABLET-WO-02707,1,SET4,2,OPER004,P069,mapped
TABLET-WO-02708-OP-01,TABLET-WO-02708,1,SET4,1,OPER004,P069,mapped
TABLET-WO-02709-OP-01,TABLET-WO-02709,1,SET4,1,OPER004,P069,mapped
TABLET-WO-02710-OP-01,TABLET-WO-02710,1,SET4,1,OPER004,P069,mapped
TABLET-WO-02711-OP-01,TABLET-WO-02711,1,SET4,1,OPER004,P069,mapped
TABLET-WO-02712-OP-01,TABLET-WO-02712,1,SET4,1,OPER004,P069,mapped
TABLET-WO-02713-OP-01,TABLET-WO-02713,1,SET4,1,OPER004,P069,mapped
TABLET-WO-02714-OP-01,TABLET-WO-02714,1,SET4,1,OPER004,P069,mapped
TABLET-WO-02715-OP-01,TABLET-WO-02715,1,SET4,1,OPER004,P069,mapped
TABLET-WO-02716-OP-01,TABLET-WO-02716,1,SET4,1,OPER004,P069,mapped
TABLET-WO-02717-OP-01,TABLET-WO-02717,1,SET4,1,OPER004,P069,mapped
TABLET-WO-02718-OP-01,TABLET-WO-02718,1,SET4,1,OPER004,P069,mapped
TABLET-WO-02719-OP-01,TABLET-WO-02719,1,SET4,1,OPER004,P069,mapped
TABLET-WO-02720-OP-01,TABLET-WO-02720,1,SET4,1,OPER004,P069,mapped
TABLET-WO-02721-OP-01,TABLET-WO-02721,1,SET4,1,OPER004,P069,mapped
TABLET-WO-02722-OP-01,TABLET-WO-02722,1,SET4,1,OPER004,P069,mapped
TABLET-WO-02723-OP-01,TABLET-WO-02723,1,SET4,1,OPER004,P069,mapped
TABLET-WO-02724-OP-01,TABLET-WO-02724,1,SET4,1,OPER004,P069,mapped
TABLET-WO-02725-OP-01,TABLET-WO-02725,1,SET4,1,OPER004,P069,mapped
TABLET-WO-02726-OP-01,TABLET-WO-02726,1,SET4,1,OPER004,P069,mapped
TABLET-WO-02727-OP-01,TABLET-WO-02727,1,SET4,1,OPER004,P069,mapped
TABLET-WO-02728-OP-01,TABLET-WO-02728,1,SET4,1,OPER004,P069,mapped
TABLET-WO-02729-OP-01,TABLET-WO-02729,1,SET4,1,OPER004,P069,mapped
TABLET-WO-02730-OP-01,TABLET-WO-02730,1,SET4,1,OPER004,P069,mapped
TABLET-WO-02731-OP-01,TABLET-WO-02731,1,SET4,1,OPER004,P069,mapped
TABLET-WO-02732-OP-01,TABLET-WO-02732,1,SET4,1,OPER004,P069,mapped
TABLET-WO-02733-OP-01,TABLET-WO-02733,1,SET4,1,OPER004,P069,mapped
TABLET-WO-02734-OP-01,TABLET-WO-02734,1,SET4,1,OPER004,P069,mapped
TABLET-WO-02735-OP-01,TABLET-WO-02735,1,SET4,1,OPER004,P069,mapped
TABLET-WO-02736-OP-01,TABLET-WO-02736,1,SET4,1,OPER004,P069,mapped
TABLET-WO-02737-OP-01,TABLET-WO-02737,1,SET4,1,OPER004,P069,mapped
TABLET-WO-02738-OP-01,TABLET-WO-02738,1,SET4,1,OPER004,P069,mapped
TABLET-WO-02739-OP-01,TABLET-WO-02739,1,SET4,1,OPER004,P069,mapped
TABLET-WO-02740-OP-01,TABLET-WO-02740,1,SET4,1,OPER004,P069,mapped
TABLET-WO-02741-OP-01,TABLET-WO-02741,1,SET4,1,OPER004,P069,mapped
TABLET-WO-02742-OP-01,TABLET-WO-02742,1,SET4,1,OPER004,P069,mapped
TABLET-WO-02743-OP-01,TABLET-WO-02743,1,SET4,1,OPER004,P069,mapped
TABLET-WO-02744-OP-01,TABLET-WO-02744,1,SET4,1,OPER004,P069,mapped
TABLET-WO-02745-OP-01,TABLET-WO-02745,1,SET4,1,OPER004,P069,mapped
TABLET-WO-02746-OP-01,TABLET-WO-02746,1,SET4,1,OPER004,P069,mapped
TABLET-WO-02747-OP-01,TABLET-WO-02747,1,SET4,1,OPER004,P069,mapped
TABLET-WO-02748-OP-01,TABLET-WO-02748,1,SET4,1,OPER004,P069,mapped
TABLET-WO-02749-OP-01,TABLET-WO-02749,1,SET4,1,OPER004,P069,mapped
TABLET-WO-02750-OP-01,TABLET-WO-02750,1,SET4,1,OPER004,P069,mapped
TABLET-WO-02751-OP-01,TABLET-WO-02751,1,SET4,1,OPER004,P069,mapped
TABLET-WO-02752-OP-01,TABLET-WO-02752,1,SET4,1,OPER004,P069,mapped
TABLET-WO-02753-OP-01,TABLET-WO-02753,1,SET4,1,OPER004,P069,mapped
TABLET-WO-02754-OP-01,TABLET-WO-02754,1,SET4,1,OPER004,P069,mapped
TABLET-WO-02755-OP-01,TABLET-WO-02755,1,SET4,1,OPER004,P069,mapped
TABLET-WO-02756-OP-01,TABLET-WO-02756,1,SET4,1,OPER004,P069,mapped
TABLET-WO-02757-OP-01,TABLET-WO-02757,1,SET4,1,OPER004,P069,mapped
TABLET-WO-02758-OP-01,TABLET-WO-02758,1,SET4,1,OPER004,P069,mapped
TABLET-WO-02759-OP-01,TABLET-WO-02759,1,SET4,1,OPER004,P069,mapped
TABLET-WO-02760-OP-01,TABLET-WO-02760,1,SET4,1,OPER004,P069,mapped
TABLET-WO-02761-OP-01,TABLET-WO-02761,1,SET4,1,OPER004,P069,mapped
TABLET-WO-02762-OP-01,TABLET-WO-02762,1,SET4,1,OPER004,P069,mapped
TABLET-WO-02763-OP-01,TABLET-WO-02763,1,SET4,1,OPER004,P069,mapped
TABLET-WO-02764-OP-01,TABLET-WO-02764,1,SET4,1,OPER004,P069,mapped
TABLET-WO-02765-OP-01,TABLET-WO-02765,1,SET4,1,OPER004,P069,mapped
TABLET-WO-02766-OP-01,TABLET-WO-02766,1,SET4,1,OPER004,P069,mapped
TABLET-WO-02767-OP-01,TABLET-WO-02767,1,SET4,1,OPER004,P069,mapped
TABLET-WO-02768-OP-01,TABLET-WO-02768,1,SET4,1,OPER004,P069,mapped
TABLET-WO-02769-OP-01,TABLET-WO-02769,1,SET4,1,OPER004,P069,mapped
TABLET-WO-02770-OP-01,TABLET-WO-02770,1,SET4,1,OPER004,P069,mapped
TABLET-WO-02771-OP-01,TABLET-WO-02771,1,SET4,1,OPER004,P069,mapped
TABLET-WO-02772-OP-01,TABLET-WO-02772,1,SET4,1,OPER004,P069,mapped
TABLET-WO-02773-OP-01,TABLET-WO-02773,1,SET4,1,OPER004,P069,mapped
TABLET-WO-02774-OP-01,TABLET-WO-02774,1,SET4,1,OPER004,P069,mapped
TABLET-WO-02775-OP-01,TABLET-WO-02775,1,SET4,1,OPER004,P069,mapped
TABLET-WO-02776-OP-01,TABLET-WO-02776,1,SET4,1,OPER004,P069,mapped
TABLET-WO-02777-OP-01,TABLET-WO-02777,1,SET4,1,OPER004,P069,mapped
TABLET-WO-02778-OP-01,TABLET-WO-02778,1,SET4,1,OPER004,P069,mapped
TABLET-WO-02779-OP-01,TABLET-WO-02779,1,SET4,1,OPER004,P069,mapped
TABLET-WO-02780-OP-01,TABLET-WO-02780,1,SET4,1,OPER004,P069,mapped
TABLET-WO-02781-OP-01,TABLET-WO-02781,1,SET4,1,OPER004,P069,mapped
TABLET-WO-02782-OP-01,TABLET-WO-02782,1,SET4,1,OPER004,P069,mapped
TABLET-WO-02783-OP-01,TABLET-WO-02783,1,SET4,1,OPER004,P069,mapped
TABLET-WO-02784-OP-01,TABLET-WO-02784,1,SET4,1,OPER004,P069,mapped
TABLET-WO-02785-OP-01,TABLET-WO-02785,1,SET4,1,OPER004,P069,mapped
TABLET-WO-02786-OP-01,TABLET-WO-02786,1,SET4,1,OPER004,P069,mapped
TABLET-WO-02787-OP-01,TABLET-WO-02787,1,SET4,1,OPER004,P069,mapped
TABLET-WO-02788-OP-01,TABLET-WO-02788,1,SET4,1,OPER004,P069,mapped
TABLET-WO-02789-OP-01,TABLET-WO-02789,1,SET4,1,OPER004,P069,mapped
TABLET-WO-02790-OP-01,TABLET-WO-02790,1,SET4,1,OPER004,P069,mapped
TABLET-WO-02791-OP-01,TABLET-WO-02791,1,SET4,1,OPER004,P069,mapped
TABLET-WO-02792-OP-01,TABLET-WO-02792,1,SET4,1,OPER004,P069,mapped
TABLET-WO-02793-OP-01,TABLET-WO-02793,1,SET4,1,OPER004,P069,mapped
TABLET-WO-02794-OP-01,TABLET-WO-02794,1,SET4,1,OPER004,P069,mapped
TABLET-WO-02795-OP-01,TABLET-WO-02795,1,SET4,1,OPER004,P069,mapped
TABLET-WO-02796-OP-01,TABLET-WO-02796,1,SET4,1,OPER004,P069,mapped
TABLET-WO-02797-OP-01,TABLET-WO-02797,1,SET4,1,OPER004,P069,mapped
TABLET-WO-02798-OP-01,TABLET-WO-02798,1,SET4,1,OPER004,P069,mapped
TABLET-WO-02799-OP-01,TABLET-WO-02799,1,SET4,1,OPER004,P069,mapped
TABLET-WO-02800-OP-01,TABLET-WO-02800,1,SET4,1,OPER004,P069,mapped
TABLET-WO-02801-OP-01,TABLET-WO-02801,1,SET4,1,OPER004,P069,mapped
TABLET-WO-02802-OP-01,TABLET-WO-02802,1,SET4,1,OPER004,P069,mapped
TABLET-WO-02803-OP-01,TABLET-WO-02803,1,SET4,1,OPER004,P069,mapped
TABLET-WO-02804-OP-01,TABLET-WO-02804,1,SET4,1,OPER004,P069,mapped
TABLET-WO-02805-OP-01,TABLET-WO-02805,1,SET4,1,OPER004,P069,mapped
TABLET-WO-02806-OP-01,TABLET-WO-02806,1,SET4,1,OPER004,P069,mapped
TABLET-WO-02807-OP-01,TABLET-WO-02807,1,SET4,1,OPER004,P069,mapped
TABLET-WO-02808-OP-01,TABLET-WO-02808,1,SET4,1,OPER004,P069,mapped
TABLET-WO-02809-OP-01,TABLET-WO-02809,1,SET4,1,OPER004,P069,mapped
TABLET-WO-02810-OP-01,TABLET-WO-02810,1,SET4,1,OPER004,P069,mapped
TABLET-WO-02811-OP-01,TABLET-WO-02811,1,SET4,1,OPER004,P069,mapped
TABLET-WO-02812-OP-01,TABLET-WO-02812,1,SET4,1,OPER004,P069,mapped
TABLET-WO-02813-OP-01,TABLET-WO-02813,1,SET2,1,OPER002,P030|P024|P030,mapped
TABLET-WO-02814-OP-01,TABLET-WO-02814,1,SET2,12,OPER002,P030|P024|P030,mapped
TABLET-WO-02815-OP-01,TABLET-WO-02815,1,SET2,13,OPER002,P030|P024|P030,mapped
TABLET-WO-02816-OP-01,TABLET-WO-02816,1,SET2,9,OPER002,P030|P024|P030,mapped
TABLET-WO-02817-OP-01,TABLET-WO-02817,1,SET2,4,OPER002,P030|P024|P030,mapped
TABLET-WO-02818-OP-01,TABLET-WO-02818,1,SET2,4,OPER002,P030|P024|P030,mapped
TABLET-WO-02819-OP-01,TABLET-WO-02819,1,SET2,1,OPER002,P030|P024|P030,mapped
TABLET-WO-02820-OP-01,TABLET-WO-02820,1,SET2,5,OPER002,P030|P024|P030,mapped
TABLET-WO-02821-OP-01,TABLET-WO-02821,1,SET2,5,OPER002,P030|P024|P030,mapped
TABLET-WO-02822-OP-01,TABLET-WO-02822,1,SET2,5,OPER002,P030|P024|P030,mapped
TABLET-WO-02823-OP-01,TABLET-WO-02823,1,SET2,5,OPER002,P030|P024|P030,mapped
TABLET-WO-02824-OP-01,TABLET-WO-02824,1,SET2,4,OPER002,P030|P024|P030,mapped
TABLET-WO-02825-OP-01,TABLET-WO-02825,1,SET2,4,OPER002,P030|P024|P030,mapped
TABLET-WO-02826-OP-01,TABLET-WO-02826,1,SET2,3,OPER002,P030|P024|P030,mapped
TABLET-WO-02827-OP-01,TABLET-WO-02827,1,SET2,5,OPER002,P030|P024|P030,mapped
TABLET-WO-02828-OP-01,TABLET-WO-02828,1,SET2,4,OPER002,P030|P024|P030,mapped
TABLET-WO-02829-OP-01,TABLET-WO-02829,1,SET2,3,OPER002,P030|P024|P030,mapped
TABLET-WO-02830-OP-01,TABLET-WO-02830,1,SET2,3,OPER002,P030|P024|P030,mapped
TABLET-WO-02831-OP-01,TABLET-WO-02831,1,SET2,3,OPER002,P030|P024|P030,mapped
TABLET-WO-02832-OP-01,TABLET-WO-02832,1,SET2,3,OPER002,P030|P024|P030,mapped
TABLET-WO-02833-OP-01,TABLET-WO-02833,1,SET2,4,OPER002,P030|P024|P030,mapped
TABLET-WO-02834-OP-01,TABLET-WO-02834,1,SET2,3,OPER002,P030|P024|P030,mapped
TABLET-WO-02835-OP-01,TABLET-WO-02835,1,SET2,4,OPER002,P030|P024|P030,mapped
TABLET-WO-02836-OP-01,TABLET-WO-02836,1,SET2,4,OPER002,P030|P024|P030,mapped
TABLET-WO-02837-OP-01,TABLET-WO-02837,1,SET2,5,OPER002,P030|P024|P030,mapped
TABLET-WO-02838-OP-01,TABLET-WO-02838,1,SET2,5,OPER002,P030|P024|P030,mapped
TABLET-WO-02839-OP-01,TABLET-WO-02839,1,SET2,6,OPER002,P030|P024|P030,mapped
TABLET-WO-02840-OP-01,TABLET-WO-02840,1,SET2,6,OPER002,P030|P024|P030,mapped
TABLET-WO-02841-OP-01,TABLET-WO-02841,1,SET2,7,OPER002,P030|P024|P030,mapped
TABLET-WO-02842-OP-01,TABLET-WO-02842,1,SET2,8,OPER002,P030|P024|P030,mapped
TABLET-WO-02843-OP-01,TABLET-WO-02843,1,SET2,8,OPER002,P030|P024|P030,mapped
TABLET-WO-02844-OP-01,TABLET-WO-02844,1,SET2,5,OPER002,P030|P024|P030,mapped
TABLET-WO-02845-OP-01,TABLET-WO-02845,1,SET2,3,OPER002,P030|P024|P030,mapped
TABLET-WO-02846-OP-01,TABLET-WO-02846,1,SET2,4,OPER002,P030|P024|P030,mapped
TABLET-WO-02847-OP-01,TABLET-WO-02847,1,SET2,4,OPER002,P030|P024|P030,mapped
TABLET-WO-02848-OP-01,TABLET-WO-02848,1,SET2,4,OPER002,P030|P024|P030,mapped
TABLET-WO-02849-OP-01,TABLET-WO-02849,1,SET2,4,OPER002,P030|P024|P030,mapped
TABLET-WO-02850-OP-01,TABLET-WO-02850,1,SET2,4,OPER002,P030|P024|P030,mapped
TABLET-WO-02851-OP-01,TABLET-WO-02851,1,SET2,5,OPER002,P030|P024|P030,mapped
TABLET-WO-02852-OP-01,TABLET-WO-02852,1,SET2,1,OPER002,P030|P024|P030,mapped
TABLET-WO-02853-OP-01,TABLET-WO-02853,1,SET2,8,OPER002,P030|P024|P030,mapped
TABLET-WO-02854-OP-01,TABLET-WO-02854,1,SET2,8,OPER002,P030|P024|P030,mapped
TABLET-WO-02855-OP-01,TABLET-WO-02855,1,SET2,9,OPER002,P030|P024|P030,mapped
TABLET-WO-02856-OP-01,TABLET-WO-02856,1,SET2,9,OPER002,P030|P024|P030,mapped
TABLET-WO-02857-OP-01,TABLET-WO-02857,1,SET2,1,OPER002,P030|P024|P030,mapped
TABLET-WO-02858-OP-01,TABLET-WO-02858,1,SET2,5,OPER002,P030|P024|P030,mapped
TABLET-WO-02859-OP-01,TABLET-WO-02859,1,SET2,4,OPER002,P030|P024|P030,mapped
TABLET-WO-02860-OP-01,TABLET-WO-02860,1,SET2,4,OPER002,P030|P024|P030,mapped
TABLET-WO-02861-OP-01,TABLET-WO-02861,1,SET2,4,OPER002,P030|P024|P030,mapped
TABLET-WO-02862-OP-01,TABLET-WO-02862,1,SET2,1,OPER002,P030|P024|P030,mapped
TABLET-WO-02863-OP-01,TABLET-WO-02863,1,SET2,4,OPER002,P030|P024|P030,mapped
TABLET-WO-02864-OP-01,TABLET-WO-02864,1,SET2,5,OPER002,P030|P024|P030,mapped
TABLET-WO-02865-OP-01,TABLET-WO-02865,1,SET2,5,OPER002,P030|P024|P030,mapped
TABLET-WO-02866-OP-01,TABLET-WO-02866,1,SET2,15,OPER002,P030|P024|P030,mapped
TABLET-WO-02867-OP-01,TABLET-WO-02867,1,SET2,8,OPER002,P030|P024|P030,mapped
TABLET-WO-02868-OP-01,TABLET-WO-02868,1,SET2,11,OPER002,P030|P024|P030,mapped
TABLET-WO-02869-OP-01,TABLET-WO-02869,1,SET2,11,OPER002,P030|P024|P030,mapped
TABLET-WO-02870-OP-01,TABLET-WO-02870,1,SET2,1,OPER002,P030|P024|P030,mapped
TABLET-WO-02871-OP-01,TABLET-WO-02871,1,SET2,10,OPER002,P030|P024|P030,mapped
TABLET-WO-02872-OP-01,TABLET-WO-02872,1,SET2,9,OPER002,P030|P024|P030,mapped
TABLET-WO-02873-OP-01,TABLET-WO-02873,1,SET2,1,OPER002,P030|P024|P030,mapped
TABLET-WO-02874-OP-01,TABLET-WO-02874,1,SET2,5,OPER002,P030|P024|P030,mapped
TABLET-WO-02875-OP-01,TABLET-WO-02875,1,SET2,4,OPER002,P030|P024|P030,mapped
TABLET-WO-02876-OP-01,TABLET-WO-02876,1,SET2,4,OPER002,P030|P024|P030,mapped
TABLET-WO-02877-OP-01,TABLET-WO-02877,1,SET2,4,OPER002,P030|P024|P030,mapped
TABLET-WO-02878-OP-01,TABLET-WO-02878,1,SET2,9,OPER002,P030|P024|P030,mapped
TABLET-WO-02879-OP-01,TABLET-WO-02879,1,SET2,10,OPER002,P030|P024|P030,mapped
TABLET-WO-02880-OP-01,TABLET-WO-02880,1,SET2,11,OPER002,P030|P024|P030,mapped
TABLET-WO-02881-OP-01,TABLET-WO-02881,1,SET2,7,OPER002,P030|P024|P030,mapped
TABLET-WO-02882-OP-01,TABLET-WO-02882,1,SET2,8,OPER002,P030|P024|P030,mapped
TABLET-WO-02883-OP-01,TABLET-WO-02883,1,SET2,8,OPER002,P030|P024|P030,mapped
TABLET-WO-02884-OP-01,TABLET-WO-02884,1,SET2,1,OPER002,P030|P024|P030,mapped
TABLET-WO-02885-OP-01,TABLET-WO-02885,1,SET2,7,OPER002,P030|P024|P030,mapped
TABLET-WO-02886-OP-01,TABLET-WO-02886,1,SET2,7,OPER002,P030|P024|P030,mapped
TABLET-WO-02887-OP-01,TABLET-WO-02887,1,SET2,8,OPER002,P030|P024|P030,mapped
TABLET-WO-02888-OP-01,TABLET-WO-02888,1,SET2,10,OPER002,P030|P024|P030,mapped
TABLET-WO-02889-OP-01,TABLET-WO-02889,1,SET2,9,OPER002,P030|P024|P030,mapped
TABLET-WO-02890-OP-01,TABLET-WO-02890,1,SET2,7,OPER002,P030|P024|P030,mapped
TABLET-WO-02891-OP-01,TABLET-WO-02891,1,SET2,7,OPER002,P030|P024|P030,mapped
TABLET-WO-02892-OP-01,TABLET-WO-02892,1,SET2,11,OPER002,P030|P024|P030,mapped
TABLET-WO-02893-OP-01,TABLET-WO-02893,1,SET2,1,OPER002,P030|P024|P030,mapped
TABLET-WO-02894-OP-01,TABLET-WO-02894,1,SET2,9,OPER002,P030|P024|P030,mapped
TABLET-WO-02895-OP-01,TABLET-WO-02895,1,SET2,8,OPER002,P030|P024|P030,mapped
TABLET-WO-02896-OP-01,TABLET-WO-02896,1,SET2,1,OPER002,P030|P024|P030,mapped
TABLET-WO-02897-OP-01,TABLET-WO-02897,1,SET2,8,OPER002,P030|P024|P030,mapped
TABLET-WO-02898-OP-01,TABLET-WO-02898,1,SET2,8,OPER002,P030|P024|P030,mapped
TABLET-WO-02899-OP-01,TABLET-WO-02899,1,SET2,1,OPER002,P030|P024|P030,mapped
TABLET-WO-02900-OP-01,TABLET-WO-02900,1,SET2,8,OPER002,P030|P024|P030,mapped
TABLET-WO-02901-OP-01,TABLET-WO-02901,1,SET2,7,OPER002,P030|P024|P030,mapped
TABLET-WO-02902-OP-01,TABLET-WO-02902,1,SET2,6,OPER002,P030|P024|P030,mapped
TABLET-WO-02903-OP-01,TABLET-WO-02903,1,SET2,6,OPER002,P030|P024|P030,mapped
TABLET-WO-02904-OP-01,TABLET-WO-02904,1,SET2,7,OPER002,P030|P024|P030,mapped
TABLET-WO-02905-OP-01,TABLET-WO-02905,1,SET2,10,OPER002,P030|P024|P030,mapped
TABLET-WO-02906-OP-01,TABLET-WO-02906,1,SET2,10,OPER002,P030|P024|P030,mapped
TABLET-WO-02907-OP-01,TABLET-WO-02907,1,SET2,5,OPER002,P030|P024|P030,mapped
TABLET-WO-02908-OP-01,TABLET-WO-02908,1,SET2,8,OPER002,P030|P024|P030,mapped
TABLET-WO-02909-OP-01,TABLET-WO-02909,1,SET2,8,OPER002,P030|P024|P030,mapped
TABLET-WO-02910-OP-01,TABLET-WO-02910,1,SET2,7,OPER002,P030|P024|P030,mapped
TABLET-WO-02911-OP-01,TABLET-WO-02911,1,SET2,6,OPER002,P030|P024|P030,mapped
TABLET-WO-02912-OP-01,TABLET-WO-02912,1,SET2,6,OPER002,P030|P024|P030,mapped
TABLET-WO-02913-OP-01,TABLET-WO-02913,1,SET2,6,OPER002,P030|P024|P030,mapped
TABLET-WO-02914-OP-01,TABLET-WO-02914,1,SET2,9,OPER002,P030|P024|P030,mapped
TABLET-WO-02915-OP-01,TABLET-WO-02915,1,SET2,7,OPER002,P030|P024|P030,mapped
TABLET-WO-02916-OP-01,TABLET-WO-02916,1,SET2,5,OPER002,P030|P024|P030,mapped
TABLET-WO-02917-OP-01,TABLET-WO-02917,1,SET2,8,OPER002,P030|P024|P030,mapped
TABLET-WO-02918-OP-01,TABLET-WO-02918,1,SET2,1,OPER002,P030|P024|P030,mapped
TABLET-WO-02919-OP-01,TABLET-WO-02919,1,SET2,1,OPER002,P030|P024|P030,mapped
TABLET-WO-02920-OP-01,TABLET-WO-02920,1,SET2,6,OPER002,P030|P024|P030,mapped
TABLET-WO-02921-OP-01,TABLET-WO-02921,1,SET2,6,OPER002,P030|P024|P030,mapped
TABLET-WO-02922-OP-01,TABLET-WO-02922,1,SET2,5,OPER002,P030|P024|P030,mapped
TABLET-WO-02923-OP-01,TABLET-WO-02923,1,SET2,5,OPER002,P030|P024|P030,mapped
TABLET-WO-02924-OP-01,TABLET-WO-02924,1,SET2,5,OPER002,P030|P024|P030,mapped
TABLET-WO-02925-OP-01,TABLET-WO-02925,1,SET2,1,OPER002,P030|P024|P030,mapped
TABLET-WO-02926-OP-01,TABLET-WO-02926,1,SET2,4,OPER002,P030|P024|P030,mapped
TABLET-WO-02927-OP-01,TABLET-WO-02927,1,SET2,7,OPER002,P030|P024|P030,mapped
TABLET-WO-02928-OP-01,TABLET-WO-02928,1,SET2,4,OPER002,P030|P024|P030,mapped
TABLET-WO-02929-OP-01,TABLET-WO-02929,1,SET2,5,OPER002,P030|P024|P030,mapped
TABLET-WO-02930-OP-01,TABLET-WO-02930,1,SET2,5,OPER002,P030|P024|P030,mapped
TABLET-WO-02931-OP-01,TABLET-WO-02931,1,SET2,1,OPER002,P030|P024|P030,mapped
TABLET-WO-02932-OP-01,TABLET-WO-02932,1,SET2,1,OPER002,P030|P024|P030,mapped
TABLET-WO-02933-OP-01,TABLET-WO-02933,1,SET2,2,OPER002,P030|P024|P030,mapped
TABLET-WO-02934-OP-01,TABLET-WO-02934,1,SET2,1,OPER002,P030|P024|P030,mapped
TABLET-WO-02935-OP-01,TABLET-WO-02935,1,SET2,1,OPER002,P030|P024|P030,mapped
TABLET-WO-02936-OP-01,TABLET-WO-02936,1,SET2,1,OPER002,P030|P024|P030,mapped
TABLET-WO-02937-OP-01,TABLET-WO-02937,1,SET2,1,OPER002,P030|P024|P030,mapped
TABLET-WO-02938-OP-01,TABLET-WO-02938,1,SET2,1,OPER002,P030|P024|P030,mapped
TABLET-WO-02939-OP-01,TABLET-WO-02939,1,SET2,4,OPER002,P030|P024|P030,mapped
TABLET-WO-02940-OP-01,TABLET-WO-02940,1,SET2,5,OPER002,P030|P024|P030,mapped
TABLET-WO-02941-OP-01,TABLET-WO-02941,1,SET2,6,OPER002,P030|P024|P030,mapped
TABLET-WO-02942-OP-01,TABLET-WO-02942,1,SET2,5,OPER002,P030|P024|P030,mapped
TABLET-WO-02943-OP-01,TABLET-WO-02943,1,SET2,7,OPER002,P030|P024|P030,mapped
TABLET-WO-02944-OP-01,TABLET-WO-02944,1,SET2,1,OPER002,P030|P024|P030,mapped
TABLET-WO-02945-OP-01,TABLET-WO-02945,1,SET2,7,OPER002,P030|P024|P030,mapped
TABLET-WO-02946-OP-01,TABLET-WO-02946,1,SET2,7,OPER002,P030|P024|P030,mapped
TABLET-WO-02947-OP-01,TABLET-WO-02947,1,SET2,7,OPER002,P030|P024|P030,mapped
TABLET-WO-02948-OP-01,TABLET-WO-02948,1,SET2,6,OPER002,P030|P024|P030,mapped
TABLET-WO-02949-OP-01,TABLET-WO-02949,1,SET2,5,OPER002,P030|P024|P030,mapped
TABLET-WO-02950-OP-01,TABLET-WO-02950,1,SET2,5,OPER002,P030|P024|P030,mapped
TABLET-WO-02951-OP-01,TABLET-WO-02951,1,SET2,1,OPER002,P030|P024|P030,mapped
TABLET-WO-02952-OP-01,TABLET-WO-02952,1,SET2,5,OPER002,P030|P024|P030,mapped
TABLET-WO-02953-OP-01,TABLET-WO-02953,1,SET2,6,OPER002,P030|P024|P030,mapped
TABLET-WO-02954-OP-01,TABLET-WO-02954,1,SET2,4,OPER002,P030|P024|P030,mapped
TABLET-WO-02955-OP-01,TABLET-WO-02955,1,SET2,1,OPER002,P030|P024|P030,mapped
TABLET-WO-02956-OP-01,TABLET-WO-02956,1,SET2,6,OPER002,P030|P024|P030,mapped
TABLET-WO-02957-OP-01,TABLET-WO-02957,1,SET2,6,OPER002,P030|P024|P030,mapped
TABLET-WO-02958-OP-01,TABLET-WO-02958,1,SET2,6,OPER002,P030|P024|P030,mapped
TABLET-WO-02959-OP-01,TABLET-WO-02959,1,SET2,5,OPER002,P030|P024|P030,mapped
TABLET-WO-02960-OP-01,TABLET-WO-02960,1,SET2,4,OPER002,P030|P024|P030,mapped
TABLET-WO-02961-OP-01,TABLET-WO-02961,1,SET2,1,OPER002,P038|P038,mapped
TABLET-WO-02962-OP-01,TABLET-WO-02962,1,SET2,1,OPER002,P038|P038,mapped
TABLET-WO-02963-OP-01,TABLET-WO-02963,1,SET2,1,OPER002,P038|P038,mapped
TABLET-WO-02964-OP-01,TABLET-WO-02964,1,SET2,1,OPER002,P038|P038,mapped
TABLET-WO-02965-OP-01,TABLET-WO-02965,1,SET2,3,OPER002,P038|P038,mapped
TABLET-WO-02966-OP-01,TABLET-WO-02966,1,SET2,3,OPER002,P038|P038,mapped
TABLET-WO-02967-OP-01,TABLET-WO-02967,1,SET2,3,OPER002,P038|P038,mapped
TABLET-WO-02968-OP-01,TABLET-WO-02968,1,SET2,4,OPER002,P038|P038,mapped
TABLET-WO-02969-OP-01,TABLET-WO-02969,1,SET2,1,OPER002,P038|P038,mapped
TABLET-WO-02970-OP-01,TABLET-WO-02970,1,SET2,1,OPER002,P038|P038,mapped
TABLET-WO-02971-OP-01,TABLET-WO-02971,1,SET2,1,OPER002,P038|P038,mapped
TABLET-WO-02972-OP-01,TABLET-WO-02972,1,SET2,1,OPER002,P038|P038,mapped
TABLET-WO-02973-OP-01,TABLET-WO-02973,1,SET2,1,OPER002,P038|P038,mapped
TABLET-WO-02974-OP-01,TABLET-WO-02974,1,SET2,2,OPER002,P038|P038,mapped
TABLET-WO-02975-OP-01,TABLET-WO-02975,1,SET2,4,OPER002,P038|P038,mapped
TABLET-WO-02976-OP-01,TABLET-WO-02976,1,SET2,3,OPER002,P038|P038,mapped
TABLET-WO-02977-OP-01,TABLET-WO-02977,1,SET2,3,OPER002,P038|P038,mapped
TABLET-WO-02978-OP-01,TABLET-WO-02978,1,SET2,1,OPER002,P038|P038,mapped
TABLET-WO-02979-OP-01,TABLET-WO-02979,1,SET2,1,OPER002,P038|P038,mapped
TABLET-WO-02980-OP-01,TABLET-WO-02980,1,SET2,1,OPER002,P038|P038,mapped
TABLET-WO-02981-OP-01,TABLET-WO-02981,1,SET2,1,OPER002,P038|P038,mapped
TABLET-WO-02982-OP-01,TABLET-WO-02982,1,SET2,1,OPER002,P038|P038,mapped
TABLET-WO-02983-OP-01,TABLET-WO-02983,1,SET2,1,OPER002,P038|P038,mapped
TABLET-WO-02984-OP-01,TABLET-WO-02984,1,SET2,1,OPER002,P038|P038,mapped
TABLET-WO-02985-OP-01,TABLET-WO-02985,1,SET2,1,OPER002,P038|P038,mapped
TABLET-WO-02986-OP-01,TABLET-WO-02986,1,SET2,1,OPER002,P038|P038,mapped
TABLET-WO-02987-OP-01,TABLET-WO-02987,1,SET2,1,OPER002,P038|P038,mapped
TABLET-WO-02988-OP-01,TABLET-WO-02988,1,SET2,1,OPER002,P038|P038,mapped
TABLET-WO-02989-OP-01,TABLET-WO-02989,1,SET2,1,OPER002,P038|P038,mapped
TABLET-WO-02990-OP-01,TABLET-WO-02990,1,SET2,1,OPER002,P038|P038,mapped
TABLET-WO-02991-OP-01,TABLET-WO-02991,1,SET2,1,OPER002,P038|P038,mapped
TABLET-WO-02992-OP-01,TABLET-WO-02992,1,SET2,1,OPER002,P038|P038,mapped
TABLET-WO-02993-OP-01,TABLET-WO-02993,1,SET2,1,OPER002,P038|P038,mapped
TABLET-WO-02994-OP-01,TABLET-WO-02994,1,SET2,1,OPER002,P038|P038,mapped
TABLET-WO-02995-OP-01,TABLET-WO-02995,1,SET2,1,OPER002,P038|P038,mapped
TABLET-WO-02996-OP-01,TABLET-WO-02996,1,SET2,2,OPER002,P038|P038,mapped
TABLET-WO-02997-OP-01,TABLET-WO-02997,1,SET2,3,OPER002,P038|P038,mapped
TABLET-WO-02998-OP-01,TABLET-WO-02998,1,SET2,2,OPER002,P038|P038,mapped
TABLET-WO-02999-OP-01,TABLET-WO-02999,1,SET2,3,OPER002,P038|P038,mapped
TABLET-WO-03000-OP-01,TABLET-WO-03000,1,SET2,8,OPER002,P038|P038,mapped
TABLET-WO-03001-OP-01,TABLET-WO-03001,1,SET2,10,OPER002,P038|P038,mapped
TABLET-WO-03002-OP-01,TABLET-WO-03002,1,SET2,7,OPER002,P038|P038,mapped
TABLET-WO-03003-OP-01,TABLET-WO-03003,1,SET2,10,OPER002,P038|P038,mapped
TABLET-WO-03004-OP-01,TABLET-WO-03004,1,SET2,9,OPER002,P038|P038,mapped
TABLET-WO-03005-OP-01,TABLET-WO-03005,1,SET2,1,OPER002,P038|P038,mapped
TABLET-WO-03006-OP-01,TABLET-WO-03006,1,SET2,1,OPER002,P038|P038,mapped
TABLET-WO-03007-OP-01,TABLET-WO-03007,1,SET2,1,OPER002,P038|P038,mapped
TABLET-WO-03008-OP-01,TABLET-WO-03008,1,SET2,1,OPER002,P038|P038,mapped
TABLET-WO-03009-OP-01,TABLET-WO-03009,1,SET2,7,OPER002,P038|P038,mapped
TABLET-WO-03010-OP-01,TABLET-WO-03010,1,SET2,12,OPER002,P038|P038,mapped
TABLET-WO-03011-OP-01,TABLET-WO-03011,1,SET2,7,OPER002,P038|P038,mapped
TABLET-WO-03012-OP-01,TABLET-WO-03012,1,SET2,9,OPER002,P038|P038,mapped
TABLET-WO-03013-OP-01,TABLET-WO-03013,1,SET2,9,OPER002,P038|P038,mapped
TABLET-WO-03014-OP-01,TABLET-WO-03014,1,SET2,4,OPER002,P038|P038,mapped
TABLET-WO-03015-OP-01,TABLET-WO-03015,1,SET2,7,OPER002,P038|P038,mapped
TABLET-WO-03016-OP-01,TABLET-WO-03016,1,SET2,8,OPER002,P038|P038,mapped
TABLET-WO-03017-OP-01,TABLET-WO-03017,1,SET2,5,OPER002,P038|P038,mapped
TABLET-WO-03018-OP-01,TABLET-WO-03018,1,SET2,1,OPER002,P038|P038,mapped
TABLET-WO-03019-OP-01,TABLET-WO-03019,1,SET2,1,OPER002,P038|P038,mapped
TABLET-WO-03020-OP-01,TABLET-WO-03020,1,SET2,1,OPER002,P038|P038,mapped
TABLET-WO-03021-OP-01,TABLET-WO-03021,1,SET2,1,OPER002,P038|P038,mapped
TABLET-WO-03022-OP-01,TABLET-WO-03022,1,SET2,3,OPER002,P038|P038,mapped
TABLET-WO-03023-OP-01,TABLET-WO-03023,1,SET2,3,OPER002,P038|P038,mapped
TABLET-WO-03024-OP-01,TABLET-WO-03024,1,SET2,4,OPER002,P038|P038,mapped
TABLET-WO-03025-OP-01,TABLET-WO-03025,1,SET2,1,OPER002,P038|P038,mapped
TABLET-WO-03026-OP-01,TABLET-WO-03026,1,SET2,14,OPER002,P038|P038,mapped
TABLET-WO-03027-OP-01,TABLET-WO-03027,1,SET2,20,OPER002,P038|P038,mapped
TABLET-WO-03028-OP-01,TABLET-WO-03028,1,SET2,14,OPER002,P038|P038,mapped
TABLET-WO-03029-OP-01,TABLET-WO-03029,1,SET2,14,OPER002,P038|P038,mapped
TABLET-WO-03030-OP-01,TABLET-WO-03030,1,SET2,1,OPER002,P038|P038,mapped
TABLET-WO-03031-OP-01,TABLET-WO-03031,1,SET2,1,OPER002,P038|P038,mapped
TABLET-WO-03032-OP-01,TABLET-WO-03032,1,SET2,1,OPER002,P038|P038,mapped
TABLET-WO-03033-OP-01,TABLET-WO-03033,1,SET2,1,OPER002,P038|P038,mapped
TABLET-WO-03034-OP-01,TABLET-WO-03034,1,SET2,1,OPER002,P038|P038,mapped
TABLET-WO-03035-OP-01,TABLET-WO-03035,1,SET2,6,OPER002,P038|P038,mapped
TABLET-WO-03036-OP-01,TABLET-WO-03036,1,SET2,4,OPER002,P038|P038,mapped
TABLET-WO-03037-OP-01,TABLET-WO-03037,1,SET2,4,OPER002,P038|P038,mapped
TABLET-WO-03038-OP-01,TABLET-WO-03038,1,SET2,5,OPER002,P038|P038,mapped
TABLET-WO-03039-OP-01,TABLET-WO-03039,1,SET2,11,OPER002,P038|P038,mapped
TABLET-WO-03040-OP-01,TABLET-WO-03040,1,SET2,12,OPER002,P038|P038,mapped
TABLET-WO-03041-OP-01,TABLET-WO-03041,1,SET2,14,OPER002,P038|P038,mapped
TABLET-WO-03042-OP-01,TABLET-WO-03042,1,SET2,7,OPER002,P038|P038,mapped
TABLET-WO-03043-OP-01,TABLET-WO-03043,1,SET2,1,OPER002,P038|P038,mapped
TABLET-WO-03044-OP-01,TABLET-WO-03044,1,SET2,1,OPER002,P038|P038,mapped
TABLET-WO-03045-OP-01,TABLET-WO-03045,1,SET2,1,OPER002,P038|P038,mapped
TABLET-WO-03046-OP-01,TABLET-WO-03046,1,SET2,1,OPER002,P038|P038,mapped
TABLET-WO-03047-OP-01,TABLET-WO-03047,1,SET2,1,OPER002,P038|P038,mapped
TABLET-WO-03048-OP-01,TABLET-WO-03048,1,SET2,13,OPER002,P038|P038,mapped
TABLET-WO-03049-OP-01,TABLET-WO-03049,1,SET2,8,OPER002,P038|P038,mapped
TABLET-WO-03050-OP-01,TABLET-WO-03050,1,SET2,14,OPER002,P038|P038,mapped
TABLET-WO-03051-OP-01,TABLET-WO-03051,1,SET2,12,OPER002,P038|P038,mapped
TABLET-WO-03052-OP-01,TABLET-WO-03052,1,SET2,1,OPER002,P038|P038,mapped
TABLET-WO-03053-OP-01,TABLET-WO-03053,1,SET2,1,OPER002,P038|P038,mapped
TABLET-WO-03054-OP-01,TABLET-WO-03054,1,SET2,2,OPER002,P038|P038,mapped
TABLET-WO-03055-OP-01,TABLET-WO-03055,1,SET2,3,OPER002,P038|P038,mapped
TABLET-WO-03056-OP-01,TABLET-WO-03056,1,SET2,3,OPER002,P038|P038,mapped
TABLET-WO-03057-OP-01,TABLET-WO-03057,1,SET2,1,OPER002,P038|P038,mapped
TABLET-WO-03058-OP-01,TABLET-WO-03058,1,SET2,1,OPER002,P038|P038,mapped
TABLET-WO-03059-OP-01,TABLET-WO-03059,1,SET2,1,OPER002,P038|P038,mapped
TABLET-WO-03060-OP-01,TABLET-WO-03060,1,SET2,1,OPER002,P038|P038,mapped
TABLET-WO-03061-OP-01,TABLET-WO-03061,1,SET2,12,OPER002,P038|P038,mapped
TABLET-WO-03062-OP-01,TABLET-WO-03062,1,SET2,12,OPER002,P038|P038,mapped
TABLET-WO-03063-OP-01,TABLET-WO-03063,1,SET2,13,OPER002,P038|P038,mapped
TABLET-WO-03064-OP-01,TABLET-WO-03064,1,SET2,14,OPER002,P038|P038,mapped
TABLET-WO-03065-OP-01,TABLET-WO-03065,1,SET2,1,OPER002,P038|P038,mapped
TABLET-WO-03066-OP-01,TABLET-WO-03066,1,SET2,5,OPER002,P038|P038,mapped
TABLET-WO-03067-OP-01,TABLET-WO-03067,1,SET2,5,OPER002,P038|P038,mapped
TABLET-WO-03068-OP-01,TABLET-WO-03068,1,SET2,4,OPER002,P038|P038,mapped
TABLET-WO-03069-OP-01,TABLET-WO-03069,1,SET2,1,OPER002,P038|P038,mapped
TABLET-WO-03070-OP-01,TABLET-WO-03070,1,SET2,1,OPER002,P038|P038,mapped
TABLET-WO-03071-OP-01,TABLET-WO-03071,1,SET2,1,OPER002,P038|P038,mapped
TABLET-WO-03072-OP-01,TABLET-WO-03072,1,SET2,1,OPER002,P038|P038,mapped
TABLET-WO-03073-OP-01,TABLET-WO-03073,1,SET2,1,OPER002,P038|P038,mapped
TABLET-WO-03074-OP-01,TABLET-WO-03074,1,SET2,8,OPER002,P038|P038,mapped
TABLET-WO-03075-OP-01,TABLET-WO-03075,1,SET2,4,OPER002,P038|P038,mapped
TABLET-WO-03076-OP-01,TABLET-WO-03076,1,SET2,7,OPER002,P038|P038,mapped
TABLET-WO-03077-OP-01,TABLET-WO-03077,1,SET2,6,OPER002,P038|P038,mapped
TABLET-WO-03078-OP-01,TABLET-WO-03078,1,SET2,5,OPER002,P038|P038,mapped
TABLET-WO-03079-OP-01,TABLET-WO-03079,1,SET2,1,OPER002,P038|P038,mapped
TABLET-WO-03080-OP-01,TABLET-WO-03080,1,SET2,1,OPER002,P038|P038,mapped
TABLET-WO-03081-OP-01,TABLET-WO-03081,1,SET2,1,OPER002,P038|P038,mapped
TABLET-WO-03082-OP-01,TABLET-WO-03082,1,SET2,1,OPER002,P038|P038,mapped
TABLET-WO-03083-OP-01,TABLET-WO-03083,1,SET2,7,OPER002,P038|P038,mapped
TABLET-WO-03084-OP-01,TABLET-WO-03084,1,SET2,9,OPER002,P038|P038,mapped
TABLET-WO-03085-OP-01,TABLET-WO-03085,1,SET2,5,OPER002,P038|P038,mapped
TABLET-WO-03086-OP-01,TABLET-WO-03086,1,SET2,5,OPER002,P038|P038,mapped
TABLET-WO-03087-OP-01,TABLET-WO-03087,1,SET2,6,OPER002,P038|P038,mapped
TABLET-WO-03088-OP-01,TABLET-WO-03088,1,SET2,7,OPER002,P038|P038,mapped
TABLET-WO-03089-OP-01,TABLET-WO-03089,1,SET2,6,OPER002,P038|P038,mapped
TABLET-WO-03090-OP-01,TABLET-WO-03090,1,SET2,4,OPER002,P038|P038,mapped
TABLET-WO-03091-OP-01,TABLET-WO-03091,1,SET2,5,OPER002,P038|P038,mapped
TABLET-WO-03092-OP-01,TABLET-WO-03092,1,SET2,1,OPER002,P038|P038,mapped
TABLET-WO-03093-OP-01,TABLET-WO-03093,1,SET2,1,OPER002,P038|P038,mapped
TABLET-WO-03094-OP-01,TABLET-WO-03094,1,SET2,1,OPER002,P038|P038,mapped
TABLET-WO-03095-OP-01,TABLET-WO-03095,1,SET2,1,OPER002,P038|P038,mapped
TABLET-WO-03096-OP-01,TABLET-WO-03096,1,SET2,2,OPER002,P038|P038,mapped
TABLET-WO-03097-OP-01,TABLET-WO-03097,1,SET2,2,OPER002,P038|P038,mapped
TABLET-WO-03098-OP-01,TABLET-WO-03098,1,SET2,3,OPER002,P038|P038,mapped
TABLET-WO-03099-OP-01,TABLET-WO-03099,1,SET2,1,OPER002,P038|P038,mapped
TABLET-WO-03100-OP-01,TABLET-WO-03100,1,SET2,1,OPER002,P038|P038,mapped
TABLET-WO-03101-OP-01,TABLET-WO-03101,1,SET2,2,OPER002,P038|P038,mapped
TABLET-WO-03102-OP-01,TABLET-WO-03102,1,SET2,2,OPER002,P038|P038,mapped
TABLET-WO-03103-OP-01,TABLET-WO-03103,1,SET2,1,OPER002,P038|P038,mapped
TABLET-WO-03104-OP-01,TABLET-WO-03104,1,SET2,1,OPER002,P038|P038,mapped
TABLET-WO-03105-OP-01,TABLET-WO-03105,1,SET2,1,OPER002,P038|P038,mapped
TABLET-WO-03106-OP-01,TABLET-WO-03106,1,SET2,1,OPER002,P038|P038,mapped
TABLET-WO-03107-OP-01,TABLET-WO-03107,1,SET2,1,OPER002,P038|P038,mapped
TABLET-WO-03108-OP-01,TABLET-WO-03108,1,SET2,1,OPER002,P038|P038,mapped
TABLET-WO-03109-OP-01,TABLET-WO-03109,1,SET2,1,OPER002,P039|P039,mapped
TABLET-WO-03110-OP-01,TABLET-WO-03110,1,SET2,1,OPER002,P039|P039,mapped
TABLET-WO-03111-OP-01,TABLET-WO-03111,1,SET2,1,OPER002,P039|P039,mapped
TABLET-WO-03112-OP-01,TABLET-WO-03112,1,SET2,1,OPER002,P039|P039,mapped
TABLET-WO-03113-OP-01,TABLET-WO-03113,1,SET2,1,OPER002,P039|P039,mapped
TABLET-WO-03114-OP-01,TABLET-WO-03114,1,SET2,1,OPER002,P039|P039,mapped
TABLET-WO-03115-OP-01,TABLET-WO-03115,1,SET2,1,OPER002,P039|P039,mapped
TABLET-WO-03116-OP-01,TABLET-WO-03116,1,SET2,1,OPER002,P039|P039,mapped
TABLET-WO-03117-OP-01,TABLET-WO-03117,1,SET2,1,OPER002,P039|P039,mapped
TABLET-WO-03118-OP-01,TABLET-WO-03118,1,SET2,1,OPER002,P039|P039,mapped
TABLET-WO-03119-OP-01,TABLET-WO-03119,1,SET2,1,OPER002,P039|P039,mapped
TABLET-WO-03120-OP-01,TABLET-WO-03120,1,SET2,1,OPER002,P039|P039,mapped
TABLET-WO-03121-OP-01,TABLET-WO-03121,1,SET2,1,OPER002,P039|P039,mapped
TABLET-WO-03122-OP-01,TABLET-WO-03122,1,SET2,2,OPER002,P039|P039,mapped
TABLET-WO-03123-OP-01,TABLET-WO-03123,1,SET2,2,OPER002,P039|P039,mapped
TABLET-WO-03124-OP-01,TABLET-WO-03124,1,SET2,2,OPER002,P039|P039,mapped
TABLET-WO-03125-OP-01,TABLET-WO-03125,1,SET2,3,OPER002,P039|P039,mapped
TABLET-WO-03126-OP-01,TABLET-WO-03126,1,SET2,1,OPER002,P039|P039,mapped
TABLET-WO-03127-OP-01,TABLET-WO-03127,1,SET2,3,OPER002,P039|P039,mapped
TABLET-WO-03128-OP-01,TABLET-WO-03128,1,SET2,2,OPER002,P039|P039,mapped
TABLET-WO-03129-OP-01,TABLET-WO-03129,1,SET2,2,OPER002,P039|P039,mapped
TABLET-WO-03130-OP-01,TABLET-WO-03130,1,SET2,2,OPER002,P039|P039,mapped
TABLET-WO-03131-OP-01,TABLET-WO-03131,1,SET2,1,OPER002,P039|P039,mapped
TABLET-WO-03132-OP-01,TABLET-WO-03132,1,SET2,1,OPER002,P039|P039,mapped
TABLET-WO-03133-OP-01,TABLET-WO-03133,1,SET2,1,OPER002,P039|P039,mapped
TABLET-WO-03134-OP-01,TABLET-WO-03134,1,SET2,1,OPER002,P039|P039,mapped
TABLET-WO-03135-OP-01,TABLET-WO-03135,1,SET2,1,OPER002,P039|P039,mapped
TABLET-WO-03136-OP-01,TABLET-WO-03136,1,SET2,1,OPER002,P039|P039,mapped
TABLET-WO-03137-OP-01,TABLET-WO-03137,1,SET2,1,OPER002,P039|P039,mapped
TABLET-WO-03138-OP-01,TABLET-WO-03138,1,SET2,1,OPER002,P039|P039,mapped
TABLET-WO-03139-OP-01,TABLET-WO-03139,1,SET2,1,OPER002,P039|P039,mapped
TABLET-WO-03140-OP-01,TABLET-WO-03140,1,SET2,1,OPER002,P039|P039,mapped
TABLET-WO-03141-OP-01,TABLET-WO-03141,1,SET2,1,OPER002,P039|P039,mapped
TABLET-WO-03142-OP-01,TABLET-WO-03142,1,SET2,1,OPER002,P039|P039,mapped
TABLET-WO-03143-OP-01,TABLET-WO-03143,1,SET2,1,OPER002,P039|P039,mapped
TABLET-WO-03144-OP-01,TABLET-WO-03144,1,SET2,1,OPER002,P039|P039,mapped
TABLET-WO-03145-OP-01,TABLET-WO-03145,1,SET2,1,OPER002,P039|P039,mapped
TABLET-WO-03146-OP-01,TABLET-WO-03146,1,SET2,1,OPER002,P039|P039,mapped
TABLET-WO-03147-OP-01,TABLET-WO-03147,1,SET2,1,OPER002,P039|P039,mapped
TABLET-WO-03148-OP-01,TABLET-WO-03148,1,SET2,4,OPER002,P039|P039,mapped
TABLET-WO-03149-OP-01,TABLET-WO-03149,1,SET2,3,OPER002,P039|P039,mapped
TABLET-WO-03150-OP-01,TABLET-WO-03150,1,SET2,3,OPER002,P039|P039,mapped
TABLET-WO-03151-OP-01,TABLET-WO-03151,1,SET2,3,OPER002,P039|P039,mapped
TABLET-WO-03152-OP-01,TABLET-WO-03152,1,SET2,1,OPER002,P039|P039,mapped
TABLET-WO-03153-OP-01,TABLET-WO-03153,1,SET2,1,OPER002,P039|P039,mapped
TABLET-WO-03154-OP-01,TABLET-WO-03154,1,SET2,1,OPER002,P039|P039,mapped
TABLET-WO-03155-OP-01,TABLET-WO-03155,1,SET2,1,OPER002,P039|P039,mapped
TABLET-WO-03156-OP-01,TABLET-WO-03156,1,SET2,1,OPER002,P039|P039,mapped
TABLET-WO-03157-OP-01,TABLET-WO-03157,1,SET2,2,OPER002,P039|P039,mapped
TABLET-WO-03158-OP-01,TABLET-WO-03158,1,SET2,2,OPER002,P039|P039,mapped
TABLET-WO-03159-OP-01,TABLET-WO-03159,1,SET2,2,OPER002,P039|P039,mapped
TABLET-WO-03160-OP-01,TABLET-WO-03160,1,SET2,1,OPER002,P039|P039,mapped
TABLET-WO-03161-OP-01,TABLET-WO-03161,1,SET2,2,OPER002,P039|P039,mapped
TABLET-WO-03162-OP-01,TABLET-WO-03162,1,SET2,1,OPER002,P039|P039,mapped
TABLET-WO-03163-OP-01,TABLET-WO-03163,1,SET2,1,OPER002,P039|P039,mapped
TABLET-WO-03164-OP-01,TABLET-WO-03164,1,SET2,1,OPER002,P039|P039,mapped
TABLET-WO-03165-OP-01,TABLET-WO-03165,1,SET2,1,OPER002,P039|P039,mapped
TABLET-WO-03166-OP-01,TABLET-WO-03166,1,SET2,1,OPER002,P039|P039,mapped
TABLET-WO-03167-OP-01,TABLET-WO-03167,1,SET2,1,OPER002,P039|P039,mapped
TABLET-WO-03168-OP-01,TABLET-WO-03168,1,SET2,1,OPER002,P039|P039,mapped
TABLET-WO-03169-OP-01,TABLET-WO-03169,1,SET2,1,OPER002,P039|P039,mapped
TABLET-WO-03170-OP-01,TABLET-WO-03170,1,SET2,1,OPER002,P039|P039,mapped
TABLET-WO-03171-OP-01,TABLET-WO-03171,1,SET2,1,OPER002,P039|P039,mapped
TABLET-WO-03172-OP-01,TABLET-WO-03172,1,SET2,1,OPER002,P039|P039,mapped
TABLET-WO-03173-OP-01,TABLET-WO-03173,1,SET2,1,OPER002,P039|P039,mapped
TABLET-WO-03174-OP-01,TABLET-WO-03174,1,SET2,7,OPER002,P039|P039,mapped
TABLET-WO-03175-OP-01,TABLET-WO-03175,1,SET2,6,OPER002,P039|P039,mapped
TABLET-WO-03176-OP-01,TABLET-WO-03176,1,SET2,6,OPER002,P039|P039,mapped
TABLET-WO-03177-OP-01,TABLET-WO-03177,1,SET2,6,OPER002,P039|P039,mapped
TABLET-WO-03178-OP-01,TABLET-WO-03178,1,SET2,1,OPER002,P039|P039,mapped
TABLET-WO-03179-OP-01,TABLET-WO-03179,1,SET2,1,OPER002,P039|P039,mapped
TABLET-WO-03180-OP-01,TABLET-WO-03180,1,SET2,1,OPER002,P039|P039,mapped
TABLET-WO-03181-OP-01,TABLET-WO-03181,1,SET2,1,OPER002,P039|P039,mapped
TABLET-WO-03182-OP-01,TABLET-WO-03182,1,SET2,1,OPER002,P039|P039,mapped
TABLET-WO-03183-OP-01,TABLET-WO-03183,1,SET2,1,OPER002,P039|P039,mapped
TABLET-WO-03184-OP-01,TABLET-WO-03184,1,SET2,1,OPER002,P039|P039,mapped
TABLET-WO-03185-OP-01,TABLET-WO-03185,1,SET2,1,OPER002,P039|P039,mapped
TABLET-WO-03186-OP-01,TABLET-WO-03186,1,SET2,1,OPER002,P039|P039,mapped
TABLET-WO-03187-OP-01,TABLET-WO-03187,1,SET2,2,OPER002,P039|P039,mapped
TABLET-WO-03188-OP-01,TABLET-WO-03188,1,SET2,2,OPER002,P039|P039,mapped
TABLET-WO-03189-OP-01,TABLET-WO-03189,1,SET2,1,OPER002,P039|P039,mapped
TABLET-WO-03190-OP-01,TABLET-WO-03190,1,SET2,2,OPER002,P039|P039,mapped
TABLET-WO-03191-OP-01,TABLET-WO-03191,1,SET2,1,OPER002,P039|P039,mapped
TABLET-WO-03192-OP-01,TABLET-WO-03192,1,SET2,1,OPER002,P039|P039,mapped
TABLET-WO-03193-OP-01,TABLET-WO-03193,1,SET2,1,OPER002,P039|P039,mapped
TABLET-WO-03194-OP-01,TABLET-WO-03194,1,SET2,1,OPER002,P039|P039,mapped
TABLET-WO-03195-OP-01,TABLET-WO-03195,1,SET2,1,OPER002,P039|P039,mapped
TABLET-WO-03196-OP-01,TABLET-WO-03196,1,SET2,2,OPER002,P039|P039,mapped
TABLET-WO-03197-OP-01,TABLET-WO-03197,1,SET2,3,OPER002,P039|P039,mapped
TABLET-WO-03198-OP-01,TABLET-WO-03198,1,SET2,3,OPER002,P039|P039,mapped
TABLET-WO-03199-OP-01,TABLET-WO-03199,1,SET2,3,OPER002,P039|P039,mapped
TABLET-WO-03200-OP-01,TABLET-WO-03200,1,SET2,1,OPER002,P039|P039,mapped
TABLET-WO-03201-OP-01,TABLET-WO-03201,1,SET2,1,OPER002,P039|P039,mapped
TABLET-WO-03202-OP-01,TABLET-WO-03202,1,SET2,1,OPER002,P039|P039,mapped
TABLET-WO-03203-OP-01,TABLET-WO-03203,1,SET2,1,OPER002,P039|P039,mapped
TABLET-WO-03204-OP-01,TABLET-WO-03204,1,SET2,1,OPER002,P039|P039,mapped
TABLET-WO-03205-OP-01,TABLET-WO-03205,1,SET2,1,OPER002,P039|P039,mapped
TABLET-WO-03206-OP-01,TABLET-WO-03206,1,SET2,1,OPER002,P039|P039,mapped
TABLET-WO-03207-OP-01,TABLET-WO-03207,1,SET2,1,OPER002,P039|P039,mapped
TABLET-WO-03208-OP-01,TABLET-WO-03208,1,SET2,1,OPER002,P039|P039,mapped
TABLET-WO-03209-OP-01,TABLET-WO-03209,1,SET2,4,OPER002,P039|P039,mapped
TABLET-WO-03210-OP-01,TABLET-WO-03210,1,SET2,5,OPER002,P039|P039,mapped
TABLET-WO-03211-OP-01,TABLET-WO-03211,1,SET2,3,OPER002,P039|P039,mapped
TABLET-WO-03212-OP-01,TABLET-WO-03212,1,SET2,4,OPER002,P039|P039,mapped
TABLET-WO-03213-OP-01,TABLET-WO-03213,1,SET2,1,OPER002,P039|P039,mapped
TABLET-WO-03214-OP-01,TABLET-WO-03214,1,SET2,6,OPER002,P039|P039,mapped
TABLET-WO-03215-OP-01,TABLET-WO-03215,1,SET2,5,OPER002,P039|P039,mapped
TABLET-WO-03216-OP-01,TABLET-WO-03216,1,SET2,7,OPER002,P039|P039,mapped
TABLET-WO-03217-OP-01,TABLET-WO-03217,1,SET2,1,OPER002,P039|P039,mapped
TABLET-WO-03218-OP-01,TABLET-WO-03218,1,SET2,1,OPER002,P039|P039,mapped
TABLET-WO-03219-OP-01,TABLET-WO-03219,1,SET2,1,OPER002,P039|P039,mapped
TABLET-WO-03220-OP-01,TABLET-WO-03220,1,SET2,1,OPER002,P039|P039,mapped
TABLET-WO-03221-OP-01,TABLET-WO-03221,1,SET2,1,OPER002,P039|P039,mapped
TABLET-WO-03222-OP-01,TABLET-WO-03222,1,SET2,3,OPER002,P039|P039,mapped
TABLET-WO-03223-OP-01,TABLET-WO-03223,1,SET2,2,OPER002,P039|P039,mapped
TABLET-WO-03224-OP-01,TABLET-WO-03224,1,SET2,2,OPER002,P039|P039,mapped
TABLET-WO-03225-OP-01,TABLET-WO-03225,1,SET2,2,OPER002,P039|P039,mapped
TABLET-WO-03226-OP-01,TABLET-WO-03226,1,SET2,2,OPER002,P039|P039,mapped
TABLET-WO-03227-OP-01,TABLET-WO-03227,1,SET2,1,OPER002,P039|P039,mapped
TABLET-WO-03228-OP-01,TABLET-WO-03228,1,SET2,1,OPER002,P039|P039,mapped
TABLET-WO-03229-OP-01,TABLET-WO-03229,1,SET2,1,OPER002,P039|P039,mapped
TABLET-WO-03230-OP-01,TABLET-WO-03230,1,SET2,1,OPER002,P039|P039,mapped
TABLET-WO-03231-OP-01,TABLET-WO-03231,1,SET2,4,OPER002,P039|P039,mapped
TABLET-WO-03232-OP-01,TABLET-WO-03232,1,SET2,4,OPER002,P039|P039,mapped
TABLET-WO-03233-OP-01,TABLET-WO-03233,1,SET2,3,OPER002,P039|P039,mapped
TABLET-WO-03234-OP-01,TABLET-WO-03234,1,SET2,1,OPER002,P039|P039,mapped
TABLET-WO-03235-OP-01,TABLET-WO-03235,1,SET2,4,OPER002,P039|P039,mapped
TABLET-WO-03236-OP-01,TABLET-WO-03236,1,SET2,3,OPER002,P039|P039,mapped
TABLET-WO-03237-OP-01,TABLET-WO-03237,1,SET2,5,OPER002,P039|P039,mapped
TABLET-WO-03238-OP-01,TABLET-WO-03238,1,SET2,3,OPER002,P039|P039,mapped
TABLET-WO-03239-OP-01,TABLET-WO-03239,1,SET2,1,OPER002,P039|P039,mapped
TABLET-WO-03240-OP-01,TABLET-WO-03240,1,SET2,1,OPER002,P039|P039,mapped
TABLET-WO-03241-OP-01,TABLET-WO-03241,1,SET2,1,OPER002,P039|P039,mapped
TABLET-WO-03242-OP-01,TABLET-WO-03242,1,SET2,1,OPER002,P039|P039,mapped
TABLET-WO-03243-OP-01,TABLET-WO-03243,1,SET2,1,OPER002,P039|P039,mapped
TABLET-WO-03244-OP-01,TABLET-WO-03244,1,SET2,2,OPER002,P039|P039,mapped
TABLET-WO-03245-OP-01,TABLET-WO-03245,1,SET2,2,OPER002,P039|P039,mapped
TABLET-WO-03246-OP-01,TABLET-WO-03246,1,SET2,2,OPER002,P039|P039,mapped
TABLET-WO-03247-OP-01,TABLET-WO-03247,1,SET2,1,OPER002,P039|P039,mapped
TABLET-WO-03248-OP-01,TABLET-WO-03248,1,SET2,7,OPER002,P039|P039,mapped
TABLET-WO-03249-OP-01,TABLET-WO-03249,1,SET2,6,OPER002,P039|P039,mapped
TABLET-WO-03250-OP-01,TABLET-WO-03250,1,SET2,6,OPER002,P039|P039,mapped
TABLET-WO-03251-OP-01,TABLET-WO-03251,1,SET2,7,OPER002,P039|P039,mapped
TABLET-WO-03252-OP-01,TABLET-WO-03252,1,SET2,1,OPER002,P039|P039,mapped
TABLET-WO-03253-OP-01,TABLET-WO-03253,1,SET2,1,OPER002,P039|P039,mapped
TABLET-WO-03254-OP-01,TABLET-WO-03254,1,SET2,1,OPER002,P039|P039,mapped
TABLET-WO-03255-OP-01,TABLET-WO-03255,1,SET2,1,OPER002,P039|P039,mapped
TABLET-WO-03256-OP-01,TABLET-WO-03256,1,SET2,1,OPER002,P039|P039,mapped
TABLET-WO-03257-OP-01,TABLET-WO-03257,1,SET5,6,OPER001,P027|P026|P027,mapped
TABLET-WO-03258-OP-01,TABLET-WO-03258,1,SET5,10,OPER001,P027|P026|P027,mapped
TABLET-WO-03259-OP-01,TABLET-WO-03259,1,SET5,7,OPER001,P027|P026|P027,mapped
TABLET-WO-03260-OP-01,TABLET-WO-03260,1,SET5,6,OPER001,P027|P026|P027,mapped
TABLET-WO-03261-OP-01,TABLET-WO-03261,1,SET5,11,OPER001,P027|P026|P027,mapped
TABLET-WO-03262-OP-01,TABLET-WO-03262,1,SET5,13,OPER001,P027|P026|P027,mapped
TABLET-WO-03263-OP-01,TABLET-WO-03263,1,SET5,10,OPER001,P027|P026|P027,mapped
TABLET-WO-03264-OP-01,TABLET-WO-03264,1,SET5,9,OPER001,P027|P026|P027,mapped
TABLET-WO-03265-OP-01,TABLET-WO-03265,1,SET5,1,OPER001,P027|P026|P027,mapped
TABLET-WO-03266-OP-01,TABLET-WO-03266,1,SET5,1,OPER001,P027|P026|P027,mapped
TABLET-WO-03267-OP-01,TABLET-WO-03267,1,SET5,1,OPER001,P027|P026|P027,mapped
TABLET-WO-03268-OP-01,TABLET-WO-03268,1,SET5,1,OPER001,P027|P026|P027,mapped
TABLET-WO-03269-OP-01,TABLET-WO-03269,1,SET5,1,OPER001,P027|P026|P027,mapped
TABLET-WO-03270-OP-01,TABLET-WO-03270,1,SET5,8,OPER001,P027|P026|P027,mapped
TABLET-WO-03271-OP-01,TABLET-WO-03271,1,SET5,10,OPER001,P027|P026|P027,mapped
TABLET-WO-03272-OP-01,TABLET-WO-03272,1,SET5,6,OPER001,P027|P026|P027,mapped
TABLET-WO-03273-OP-01,TABLET-WO-03273,1,SET5,7,OPER001,P027|P026|P027,mapped
TABLET-WO-03274-OP-01,TABLET-WO-03274,1,SET5,6,OPER001,P027|P026|P027,mapped
TABLET-WO-03275-OP-01,TABLET-WO-03275,1,SET5,3,OPER001,P027|P026|P027,mapped
TABLET-WO-03276-OP-01,TABLET-WO-03276,1,SET5,3,OPER001,P027|P026|P027,mapped
TABLET-WO-03277-OP-01,TABLET-WO-03277,1,SET5,5,OPER001,P027|P026|P027,mapped
TABLET-WO-03278-OP-01,TABLET-WO-03278,1,SET5,1,OPER001,P027|P026|P027,mapped
TABLET-WO-03279-OP-01,TABLET-WO-03279,1,SET5,1,OPER001,P027|P026|P027,mapped
TABLET-WO-03280-OP-01,TABLET-WO-03280,1,SET5,1,OPER001,P027|P026|P027,mapped
TABLET-WO-03281-OP-01,TABLET-WO-03281,1,SET5,1,OPER001,P027|P026|P027,mapped
TABLET-WO-03282-OP-01,TABLET-WO-03282,1,SET5,1,OPER001,P027|P026|P027,mapped
TABLET-WO-03283-OP-01,TABLET-WO-03283,1,SET5,1,OPER001,P027|P026|P027,mapped
TABLET-WO-03284-OP-01,TABLET-WO-03284,1,SET5,1,OPER001,P027|P026|P027,mapped
TABLET-WO-03285-OP-01,TABLET-WO-03285,1,SET5,1,OPER001,P027|P026|P027,mapped
TABLET-WO-03286-OP-01,TABLET-WO-03286,1,SET5,1,OPER001,P027|P026|P027,mapped
TABLET-WO-03287-OP-01,TABLET-WO-03287,1,SET5,1,OPER001,P027|P026|P027,mapped
TABLET-WO-03288-OP-01,TABLET-WO-03288,1,SET5,1,OPER001,P027|P026|P027,mapped
TABLET-WO-03289-OP-01,TABLET-WO-03289,1,SET5,1,OPER001,P027|P026|P027,mapped
TABLET-WO-03290-OP-01,TABLET-WO-03290,1,SET5,1,OPER001,P027|P026|P027,mapped
TABLET-WO-03291-OP-01,TABLET-WO-03291,1,SET5,1,OPER001,P027|P026|P027,mapped
TABLET-WO-03292-OP-01,TABLET-WO-03292,1,SET5,1,OPER001,P027|P026|P027,mapped
TABLET-WO-03293-OP-01,TABLET-WO-03293,1,SET5,1,OPER001,P027|P026|P027,mapped
TABLET-WO-03294-OP-01,TABLET-WO-03294,1,SET5,1,OPER001,P027|P026|P027,mapped
TABLET-WO-03295-OP-01,TABLET-WO-03295,1,SET5,1,OPER001,P027|P026|P027,mapped
TABLET-WO-03296-OP-01,TABLET-WO-03296,1,SET5,12,OPER001,P027|P026|P027,mapped
TABLET-WO-03297-OP-01,TABLET-WO-03297,1,SET5,13,OPER001,P027|P026|P027,mapped
TABLET-WO-03298-OP-01,TABLET-WO-03298,1,SET5,8,OPER001,P027|P026|P027,mapped
TABLET-WO-03299-OP-01,TABLET-WO-03299,1,SET5,8,OPER001,P027|P026|P027,mapped
TABLET-WO-03300-OP-01,TABLET-WO-03300,1,SET5,8,OPER001,P027|P026|P027,mapped
TABLET-WO-03301-OP-01,TABLET-WO-03301,1,SET5,1,OPER001,P027|P026|P027,mapped
TABLET-WO-03302-OP-01,TABLET-WO-03302,1,SET5,1,OPER001,P027|P026|P027,mapped
TABLET-WO-03303-OP-01,TABLET-WO-03303,1,SET5,1,OPER001,P027|P026|P027,mapped
TABLET-WO-03304-OP-01,TABLET-WO-03304,1,SET5,1,OPER001,P027|P026|P027,mapped
TABLET-WO-03305-OP-01,TABLET-WO-03305,1,SET5,2,OPER001,P027|P026|P027,mapped
TABLET-WO-03306-OP-01,TABLET-WO-03306,1,SET5,2,OPER001,P027|P026|P027,mapped
TABLET-WO-03307-OP-01,TABLET-WO-03307,1,SET5,2,OPER001,P027|P026|P027,mapped
TABLET-WO-03308-OP-01,TABLET-WO-03308,1,SET5,2,OPER001,P027|P026|P027,mapped
TABLET-WO-03309-OP-01,TABLET-WO-03309,1,SET5,1,OPER001,P027|P026|P027,mapped
TABLET-WO-03310-OP-01,TABLET-WO-03310,1,SET5,8,OPER001,P027|P026|P027,mapped
TABLET-WO-03311-OP-01,TABLET-WO-03311,1,SET5,6,OPER001,P027|P026|P027,mapped
TABLET-WO-03312-OP-01,TABLET-WO-03312,1,SET5,6,OPER001,P027|P026|P027,mapped
TABLET-WO-03313-OP-01,TABLET-WO-03313,1,SET5,7,OPER001,P027|P026|P027,mapped
TABLET-WO-03314-OP-01,TABLET-WO-03314,1,SET5,1,OPER001,P027|P026|P027,mapped
TABLET-WO-03315-OP-01,TABLET-WO-03315,1,SET5,1,OPER001,P027|P026|P027,mapped
TABLET-WO-03316-OP-01,TABLET-WO-03316,1,SET5,1,OPER001,P027|P026|P027,mapped
TABLET-WO-03317-OP-01,TABLET-WO-03317,1,SET5,1,OPER001,P027|P026|P027,mapped
TABLET-WO-03318-OP-01,TABLET-WO-03318,1,SET5,2,OPER001,P027|P026|P027,mapped
TABLET-WO-03319-OP-01,TABLET-WO-03319,1,SET5,1,OPER001,P027|P026|P027,mapped
TABLET-WO-03320-OP-01,TABLET-WO-03320,1,SET5,1,OPER001,P027|P026|P027,mapped
TABLET-WO-03321-OP-01,TABLET-WO-03321,1,SET5,1,OPER001,P027|P026|P027,mapped
TABLET-WO-03322-OP-01,TABLET-WO-03322,1,SET5,1,OPER001,P027|P026|P027,mapped
TABLET-WO-03323-OP-01,TABLET-WO-03323,1,SET5,1,OPER001,P027|P026|P027,mapped
TABLET-WO-03324-OP-01,TABLET-WO-03324,1,SET5,1,OPER001,P027|P026|P027,mapped
TABLET-WO-03325-OP-01,TABLET-WO-03325,1,SET5,1,OPER001,P027|P026|P027,mapped
TABLET-WO-03326-OP-01,TABLET-WO-03326,1,SET5,1,OPER001,P027|P026|P027,mapped
TABLET-WO-03327-OP-01,TABLET-WO-03327,1,SET5,1,OPER001,P027|P026|P027,mapped
TABLET-WO-03328-OP-01,TABLET-WO-03328,1,SET5,1,OPER001,P027|P026|P027,mapped
TABLET-WO-03329-OP-01,TABLET-WO-03329,1,SET5,1,OPER001,P027|P026|P027,mapped
TABLET-WO-03330-OP-01,TABLET-WO-03330,1,SET5,1,OPER001,P027|P026|P027,mapped
TABLET-WO-03331-OP-01,TABLET-WO-03331,1,SET5,3,OPER001,P027|P026|P027,mapped
TABLET-WO-03332-OP-01,TABLET-WO-03332,1,SET5,3,OPER001,P027|P026|P027,mapped
TABLET-WO-03333-OP-01,TABLET-WO-03333,1,SET5,3,OPER001,P027|P026|P027,mapped
TABLET-WO-03334-OP-01,TABLET-WO-03334,1,SET5,1,OPER001,P027|P026|P027,mapped
TABLET-WO-03335-OP-01,TABLET-WO-03335,1,SET5,1,OPER001,P027|P026|P027,mapped
TABLET-WO-03336-OP-01,TABLET-WO-03336,1,SET5,1,OPER001,P027|P026|P027,mapped
TABLET-WO-03337-OP-01,TABLET-WO-03337,1,SET5,1,OPER001,P027|P026|P027,mapped
TABLET-WO-03338-OP-01,TABLET-WO-03338,1,SET5,1,OPER001,P027|P026|P027,mapped
TABLET-WO-03339-OP-01,TABLET-WO-03339,1,SET5,1,OPER001,P027|P026|P027,mapped
TABLET-WO-03340-OP-01,TABLET-WO-03340,1,SET5,1,OPER001,P027|P026|P027,mapped
TABLET-WO-03341-OP-01,TABLET-WO-03341,1,SET5,1,OPER001,P027|P026|P027,mapped
TABLET-WO-03342-OP-01,TABLET-WO-03342,1,SET5,1,OPER001,P027|P026|P027,mapped
TABLET-WO-03343-OP-01,TABLET-WO-03343,1,SET5,1,OPER001,P027|P026|P027,mapped
TABLET-WO-03344-OP-01,TABLET-WO-03344,1,SET5,1,OPER001,P027|P026|P027,mapped
TABLET-WO-03345-OP-01,TABLET-WO-03345,1,SET5,2,OPER001,P027|P026|P027,mapped
TABLET-WO-03346-OP-01,TABLET-WO-03346,1,SET5,1,OPER001,P027|P026|P027,mapped
TABLET-WO-03347-OP-01,TABLET-WO-03347,1,SET5,1,OPER001,P027|P026|P027,mapped
TABLET-WO-03348-OP-01,TABLET-WO-03348,1,SET5,1,OPER001,P027|P026|P027,mapped
TABLET-WO-03349-OP-01,TABLET-WO-03349,1,SET5,7,OPER001,P027|P026|P027,mapped
TABLET-WO-03350-OP-01,TABLET-WO-03350,1,SET5,12,OPER001,P027|P026|P027,mapped
TABLET-WO-03351-OP-01,TABLET-WO-03351,1,SET5,9,OPER001,P027|P026|P027,mapped
TABLET-WO-03352-OP-01,TABLET-WO-03352,1,SET5,9,OPER001,P027|P026|P027,mapped
TABLET-WO-03353-OP-01,TABLET-WO-03353,1,SET5,1,OPER001,P027|P026|P027,mapped
TABLET-WO-03354-OP-01,TABLET-WO-03354,1,SET5,1,OPER001,P027|P026|P027,mapped
TABLET-WO-03355-OP-01,TABLET-WO-03355,1,SET5,1,OPER001,P027|P026|P027,mapped
TABLET-WO-03356-OP-01,TABLET-WO-03356,1,SET5,1,OPER001,P027|P026|P027,mapped
TABLET-WO-03357-OP-01,TABLET-WO-03357,1,SET5,1,OPER001,P027|P026|P027,mapped
TABLET-WO-03358-OP-01,TABLET-WO-03358,1,SET5,1,OPER001,P027|P026|P027,mapped
TABLET-WO-03359-OP-01,TABLET-WO-03359,1,SET5,1,OPER001,P027|P026|P027,mapped
TABLET-WO-03360-OP-01,TABLET-WO-03360,1,SET5,1,OPER001,P027|P026|P027,mapped
TABLET-WO-03361-OP-01,TABLET-WO-03361,1,SET5,1,OPER001,P027|P026|P027,mapped
TABLET-WO-03362-OP-01,TABLET-WO-03362,1,SET5,1,OPER001,P027|P026|P027,mapped
TABLET-WO-03363-OP-01,TABLET-WO-03363,1,SET5,1,OPER001,P027|P026|P027,mapped
TABLET-WO-03364-OP-01,TABLET-WO-03364,1,SET5,1,OPER001,P027|P026|P027,mapped
TABLET-WO-03365-OP-01,TABLET-WO-03365,1,SET5,1,OPER001,P027|P026|P027,mapped
TABLET-WO-03366-OP-01,TABLET-WO-03366,1,SET5,1,OPER001,P027|P026|P027,mapped
TABLET-WO-03367-OP-01,TABLET-WO-03367,1,SET5,1,OPER001,P027|P026|P027,mapped
TABLET-WO-03368-OP-01,TABLET-WO-03368,1,SET5,1,OPER001,P027|P026|P027,mapped
TABLET-WO-03369-OP-01,TABLET-WO-03369,1,SET5,1,OPER001,P027|P026|P027,mapped
TABLET-WO-03370-OP-01,TABLET-WO-03370,1,SET5,4,OPER001,P027|P026|P027,mapped
TABLET-WO-03371-OP-01,TABLET-WO-03371,1,SET5,5,OPER001,P027|P026|P027,mapped
TABLET-WO-03372-OP-01,TABLET-WO-03372,1,SET5,5,OPER001,P027|P026|P027,mapped
TABLET-WO-03373-OP-01,TABLET-WO-03373,1,SET5,5,OPER001,P027|P026|P027,mapped
TABLET-WO-03374-OP-01,TABLET-WO-03374,1,SET5,1,OPER001,P027|P026|P027,mapped
TABLET-WO-03375-OP-01,TABLET-WO-03375,1,SET5,1,OPER001,P027|P026|P027,mapped
TABLET-WO-03376-OP-01,TABLET-WO-03376,1,SET5,1,OPER001,P027|P026|P027,mapped
TABLET-WO-03377-OP-01,TABLET-WO-03377,1,SET5,1,OPER001,P027|P026|P027,mapped
TABLET-WO-03378-OP-01,TABLET-WO-03378,1,SET5,1,OPER001,P027|P026|P027,mapped
TABLET-WO-03379-OP-01,TABLET-WO-03379,1,SET5,4,OPER001,P027|P026|P027,mapped
TABLET-WO-03380-OP-01,TABLET-WO-03380,1,SET5,4,OPER001,P027|P026|P027,mapped
TABLET-WO-03381-OP-01,TABLET-WO-03381,1,SET5,4,OPER001,P027|P026|P027,mapped
TABLET-WO-03382-OP-01,TABLET-WO-03382,1,SET5,2,OPER001,P027|P026|P027,mapped
TABLET-WO-03383-OP-01,TABLET-WO-03383,1,SET5,8,OPER001,P027|P026|P027,mapped
TABLET-WO-03384-OP-01,TABLET-WO-03384,1,SET5,8,OPER001,P027|P026|P027,mapped
TABLET-WO-03385-OP-01,TABLET-WO-03385,1,SET5,7,OPER001,P027|P026|P027,mapped
TABLET-WO-03386-OP-01,TABLET-WO-03386,1,SET5,6,OPER001,P027|P026|P027,mapped
TABLET-WO-03387-OP-01,TABLET-WO-03387,1,SET5,7,OPER001,P027|P026|P027,mapped
TABLET-WO-03388-OP-01,TABLET-WO-03388,1,SET5,1,OPER001,P027|P026|P027,mapped
TABLET-WO-03389-OP-01,TABLET-WO-03389,1,SET5,1,OPER001,P027|P026|P027,mapped
TABLET-WO-03390-OP-01,TABLET-WO-03390,1,SET5,1,OPER001,P027|P026|P027,mapped
TABLET-WO-03391-OP-01,TABLET-WO-03391,1,SET5,1,OPER001,P027|P026|P027,mapped
TABLET-WO-03392-OP-01,TABLET-WO-03392,1,SET5,1,OPER001,P027|P026|P027,mapped
TABLET-WO-03393-OP-01,TABLET-WO-03393,1,SET5,1,OPER001,P027|P026|P027,mapped
TABLET-WO-03394-OP-01,TABLET-WO-03394,1,SET5,1,OPER001,P027|P026|P027,mapped
TABLET-WO-03395-OP-01,TABLET-WO-03395,1,SET5,1,OPER001,P027|P026|P027,mapped
TABLET-WO-03396-OP-01,TABLET-WO-03396,1,SET5,5,OPER001,P027|P026|P027,mapped
TABLET-WO-03397-OP-01,TABLET-WO-03397,1,SET5,5,OPER001,P027|P026|P027,mapped
TABLET-WO-03398-OP-01,TABLET-WO-03398,1,SET5,5,OPER001,P027|P026|P027,mapped
TABLET-WO-03399-OP-01,TABLET-WO-03399,1,SET5,7,OPER001,P027|P026|P027,mapped
TABLET-WO-03400-OP-01,TABLET-WO-03400,1,SET5,6,OPER001,P027|P026|P027,mapped
TABLET-WO-03401-OP-01,TABLET-WO-03401,1,SET5,1,OPER001,P027|P026|P027,mapped
TABLET-WO-03402-OP-01,TABLET-WO-03402,1,SET5,1,OPER001,P027|P026|P027,mapped
TABLET-WO-03403-OP-01,TABLET-WO-03403,1,SET5,1,OPER001,P027|P026|P027,mapped
TABLET-WO-03404-OP-01,TABLET-WO-03404,1,SET5,1,OPER001,P027|P026|P027,mapped
TABLET-WO-03405-OP-01,TABLET-WO-03405,1,SET5,1,OPER001,P029|P029|P025,mapped
TABLET-WO-03406-OP-01,TABLET-WO-03406,1,SET5,1,OPER001,P029|P029|P025,mapped
TABLET-WO-03407-OP-01,TABLET-WO-03407,1,SET5,1,OPER001,P029|P029|P025,mapped
TABLET-WO-03408-OP-01,TABLET-WO-03408,1,SET5,1,OPER001,P029|P029|P025,mapped
TABLET-WO-03409-OP-01,TABLET-WO-03409,1,SET5,5,OPER001,P029|P029|P025,mapped
TABLET-WO-03410-OP-01,TABLET-WO-03410,1,SET5,8,OPER001,P029|P029|P025,mapped
TABLET-WO-03411-OP-01,TABLET-WO-03411,1,SET5,9,OPER001,P029|P029|P025,mapped
TABLET-WO-03412-OP-01,TABLET-WO-03412,1,SET5,7,OPER001,P029|P029|P025,mapped
TABLET-WO-03413-OP-01,TABLET-WO-03413,1,SET5,6,OPER001,P029|P029|P025,mapped
TABLET-WO-03414-OP-01,TABLET-WO-03414,1,SET5,1,OPER001,P029|P029|P025,mapped
TABLET-WO-03415-OP-01,TABLET-WO-03415,1,SET5,6,OPER001,P029|P029|P025,mapped
TABLET-WO-03416-OP-01,TABLET-WO-03416,1,SET5,7,OPER001,P029|P029|P025,mapped
TABLET-WO-03417-OP-01,TABLET-WO-03417,1,SET5,7,OPER001,P029|P029|P025,mapped
TABLET-WO-03418-OP-01,TABLET-WO-03418,1,SET5,5,OPER001,P029|P029|P025,mapped
TABLET-WO-03419-OP-01,TABLET-WO-03419,1,SET5,7,OPER001,P029|P029|P025,mapped
TABLET-WO-03420-OP-01,TABLET-WO-03420,1,SET5,7,OPER001,P029|P029|P025,mapped
TABLET-WO-03421-OP-01,TABLET-WO-03421,1,SET5,6,OPER001,P029|P029|P025,mapped
TABLET-WO-03422-OP-01,TABLET-WO-03422,1,SET5,7,OPER001,P029|P029|P025,mapped
TABLET-WO-03423-OP-01,TABLET-WO-03423,1,SET5,3,OPER001,P029|P029|P025,mapped
TABLET-WO-03424-OP-01,TABLET-WO-03424,1,SET5,2,OPER001,P029|P029|P025,mapped
TABLET-WO-03425-OP-01,TABLET-WO-03425,1,SET5,3,OPER001,P029|P029|P025,mapped
TABLET-WO-03426-OP-01,TABLET-WO-03426,1,SET5,2,OPER001,P029|P029|P025,mapped
TABLET-WO-03427-OP-01,TABLET-WO-03427,1,SET5,2,OPER001,P029|P029|P025,mapped
TABLET-WO-03428-OP-01,TABLET-WO-03428,1,SET5,3,OPER001,P029|P029|P025,mapped
TABLET-WO-03429-OP-01,TABLET-WO-03429,1,SET5,4,OPER001,P029|P029|P025,mapped
TABLET-WO-03430-OP-01,TABLET-WO-03430,1,SET5,4,OPER001,P029|P029|P025,mapped
TABLET-WO-03431-OP-01,TABLET-WO-03431,1,SET5,5,OPER001,P029|P029|P025,mapped
TABLET-WO-03432-OP-01,TABLET-WO-03432,1,SET5,3,OPER001,P029|P029|P025,mapped
TABLET-WO-03433-OP-01,TABLET-WO-03433,1,SET5,4,OPER001,P029|P029|P025,mapped
TABLET-WO-03434-OP-01,TABLET-WO-03434,1,SET5,3,OPER001,P029|P029|P025,mapped
TABLET-WO-03435-OP-01,TABLET-WO-03435,1,SET5,5,OPER001,P029|P029|P025,mapped
TABLET-WO-03436-OP-01,TABLET-WO-03436,1,SET5,5,OPER001,P029|P029|P025,mapped
TABLET-WO-03437-OP-01,TABLET-WO-03437,1,SET5,1,OPER001,P029|P029|P025,mapped
TABLET-WO-03438-OP-01,TABLET-WO-03438,1,SET5,5,OPER001,P029|P029|P025,mapped
TABLET-WO-03439-OP-01,TABLET-WO-03439,1,SET5,4,OPER001,P029|P029|P025,mapped
TABLET-WO-03440-OP-01,TABLET-WO-03440,1,SET5,4,OPER001,P029|P029|P025,mapped
TABLET-WO-03441-OP-01,TABLET-WO-03441,1,SET5,4,OPER001,P029|P029|P025,mapped
TABLET-WO-03442-OP-01,TABLET-WO-03442,1,SET5,1,OPER001,P029|P029|P025,mapped
TABLET-WO-03443-OP-01,TABLET-WO-03443,1,SET5,4,OPER001,P029|P029|P025,mapped
TABLET-WO-03444-OP-01,TABLET-WO-03444,1,SET5,5,OPER001,P029|P029|P025,mapped
TABLET-WO-03445-OP-01,TABLET-WO-03445,1,SET5,3,OPER001,P029|P029|P025,mapped
TABLET-WO-03446-OP-01,TABLET-WO-03446,1,SET5,5,OPER001,P029|P029|P025,mapped
TABLET-WO-03447-OP-01,TABLET-WO-03447,1,SET5,5,OPER001,P029|P029|P025,mapped
TABLET-WO-03448-OP-01,TABLET-WO-03448,1,SET5,3,OPER001,P029|P029|P025,mapped
TABLET-WO-03449-OP-01,TABLET-WO-03449,1,SET5,1,OPER001,P029|P029|P025,mapped
TABLET-WO-03450-OP-01,TABLET-WO-03450,1,SET5,4,OPER001,P029|P029|P025,mapped
TABLET-WO-03451-OP-01,TABLET-WO-03451,1,SET5,4,OPER001,P029|P029|P025,mapped
TABLET-WO-03452-OP-01,TABLET-WO-03452,1,SET5,5,OPER001,P029|P029|P025,mapped
TABLET-WO-03453-OP-01,TABLET-WO-03453,1,SET5,6,OPER001,P029|P029|P025,mapped
TABLET-WO-03454-OP-01,TABLET-WO-03454,1,SET5,5,OPER001,P029|P029|P025,mapped
TABLET-WO-03455-OP-01,TABLET-WO-03455,1,SET5,5,OPER001,P029|P029|P025,mapped
TABLET-WO-03456-OP-01,TABLET-WO-03456,1,SET5,4,OPER001,P029|P029|P025,mapped
TABLET-WO-03457-OP-01,TABLET-WO-03457,1,SET5,7,OPER001,P029|P029|P025,mapped
TABLET-WO-03458-OP-01,TABLET-WO-03458,1,SET5,6,OPER001,P029|P029|P025,mapped
TABLET-WO-03459-OP-01,TABLET-WO-03459,1,SET5,7,OPER001,P029|P029|P025,mapped
TABLET-WO-03460-OP-01,TABLET-WO-03460,1,SET5,10,OPER001,P029|P029|P025,mapped
TABLET-WO-03461-OP-01,TABLET-WO-03461,1,SET5,9,OPER001,P029|P029|P025,mapped
TABLET-WO-03462-OP-01,TABLET-WO-03462,1,SET5,8,OPER001,P029|P029|P025,mapped
TABLET-WO-03463-OP-01,TABLET-WO-03463,1,SET5,8,OPER001,P029|P029|P025,mapped
TABLET-WO-03464-OP-01,TABLET-WO-03464,1,SET5,6,OPER001,P029|P029|P025,mapped
TABLET-WO-03465-OP-01,TABLET-WO-03465,1,SET5,6,OPER001,P029|P029|P025,mapped
TABLET-WO-03466-OP-01,TABLET-WO-03466,1,SET5,4,OPER001,P029|P029|P025,mapped
TABLET-WO-03467-OP-01,TABLET-WO-03467,1,SET5,4,OPER001,P029|P029|P025,mapped
TABLET-WO-03468-OP-01,TABLET-WO-03468,1,SET5,6,OPER001,P029|P029|P025,mapped
TABLET-WO-03469-OP-01,TABLET-WO-03469,1,SET5,4,OPER001,P029|P029|P025,mapped
TABLET-WO-03470-OP-01,TABLET-WO-03470,1,SET5,4,OPER001,P029|P029|P025,mapped
TABLET-WO-03471-OP-01,TABLET-WO-03471,1,SET5,1,OPER001,P029|P029|P025,mapped
TABLET-WO-03472-OP-01,TABLET-WO-03472,1,SET5,4,OPER001,P029|P029|P025,mapped
TABLET-WO-03473-OP-01,TABLET-WO-03473,1,SET5,3,OPER001,P029|P029|P025,mapped
TABLET-WO-03474-OP-01,TABLET-WO-03474,1,SET5,5,OPER001,P029|P029|P025,mapped
TABLET-WO-03475-OP-01,TABLET-WO-03475,1,SET5,1,OPER001,P029|P029|P025,mapped
TABLET-WO-03476-OP-01,TABLET-WO-03476,1,SET5,6,OPER001,P029|P029|P025,mapped
TABLET-WO-03477-OP-01,TABLET-WO-03477,1,SET5,6,OPER001,P029|P029|P025,mapped
TABLET-WO-03478-OP-01,TABLET-WO-03478,1,SET5,5,OPER001,P029|P029|P025,mapped
TABLET-WO-03479-OP-01,TABLET-WO-03479,1,SET5,4,OPER001,P029|P029|P025,mapped
TABLET-WO-03480-OP-01,TABLET-WO-03480,1,SET5,1,OPER001,P029|P029|P025,mapped
TABLET-WO-03481-OP-01,TABLET-WO-03481,1,SET5,5,OPER001,P029|P029|P025,mapped
TABLET-WO-03482-OP-01,TABLET-WO-03482,1,SET5,4,OPER001,P029|P029|P025,mapped
TABLET-WO-03483-OP-01,TABLET-WO-03483,1,SET5,1,OPER001,P029|P029|P025,mapped
TABLET-WO-03484-OP-01,TABLET-WO-03484,1,SET5,7,OPER001,P029|P029|P025,mapped
TABLET-WO-03485-OP-01,TABLET-WO-03485,1,SET5,7,OPER001,P029|P029|P025,mapped
TABLET-WO-03486-OP-01,TABLET-WO-03486,1,SET5,6,OPER001,P029|P029|P025,mapped
TABLET-WO-03487-OP-01,TABLET-WO-03487,1,SET5,5,OPER001,P029|P029|P025,mapped
TABLET-WO-03488-OP-01,TABLET-WO-03488,1,SET5,1,OPER001,P029|P029|P025,mapped
TABLET-WO-03489-OP-01,TABLET-WO-03489,1,SET5,1,OPER001,P029|P029|P025,mapped
TABLET-WO-03490-OP-01,TABLET-WO-03490,1,SET5,6,OPER001,P029|P029|P025,mapped
TABLET-WO-03491-OP-01,TABLET-WO-03491,1,SET5,7,OPER001,P029|P029|P025,mapped
TABLET-WO-03492-OP-01,TABLET-WO-03492,1,SET5,8,OPER001,P029|P029|P025,mapped
TABLET-WO-03493-OP-01,TABLET-WO-03493,1,SET5,10,OPER001,P029|P029|P025,mapped
TABLET-WO-03494-OP-01,TABLET-WO-03494,1,SET5,9,OPER001,P029|P029|P025,mapped
TABLET-WO-03495-OP-01,TABLET-WO-03495,1,SET5,9,OPER001,P029|P029|P025,mapped
TABLET-WO-03496-OP-01,TABLET-WO-03496,1,SET5,12,OPER001,P029|P029|P025,mapped
TABLET-WO-03497-OP-01,TABLET-WO-03497,1,SET5,1,OPER001,P029|P029|P025,mapped
TABLET-WO-03498-OP-01,TABLET-WO-03498,1,SET5,5,OPER001,P029|P029|P025,mapped
TABLET-WO-03499-OP-01,TABLET-WO-03499,1,SET5,6,OPER001,P029|P029|P025,mapped
TABLET-WO-03500-OP-01,TABLET-WO-03500,1,SET5,4,OPER001,P029|P029|P025,mapped
TABLET-WO-03501-OP-01,TABLET-WO-03501,1,SET5,1,OPER001,P029|P029|P025,mapped
TABLET-WO-03502-OP-01,TABLET-WO-03502,1,SET5,7,OPER001,P029|P029|P025,mapped
TABLET-WO-03503-OP-01,TABLET-WO-03503,1,SET5,8,OPER001,P029|P029|P025,mapped
TABLET-WO-03504-OP-01,TABLET-WO-03504,1,SET5,12,OPER001,P029|P029|P025,mapped
TABLET-WO-03505-OP-01,TABLET-WO-03505,1,SET5,17,OPER001,P029|P029|P025,mapped
TABLET-WO-03506-OP-01,TABLET-WO-03506,1,SET5,17,OPER001,P029|P029|P025,mapped
TABLET-WO-03507-OP-01,TABLET-WO-03507,1,SET5,13,OPER001,P029|P029|P025,mapped
TABLET-WO-03508-OP-01,TABLET-WO-03508,1,SET5,14,OPER001,P029|P029|P025,mapped
TABLET-WO-03509-OP-01,TABLET-WO-03509,1,SET5,1,OPER001,P029|P029|P025,mapped
TABLET-WO-03510-OP-01,TABLET-WO-03510,1,SET5,1,OPER001,P029|P029|P025,mapped
TABLET-WO-03511-OP-01,TABLET-WO-03511,1,SET5,1,OPER001,P029|P029|P025,mapped
TABLET-WO-03512-OP-01,TABLET-WO-03512,1,SET5,1,OPER001,P029|P029|P025,mapped
TABLET-WO-03513-OP-01,TABLET-WO-03513,1,SET5,1,OPER001,P029|P029|P025,mapped
TABLET-WO-03514-OP-01,TABLET-WO-03514,1,SET5,1,OPER001,P029|P029|P025,mapped
TABLET-WO-03515-OP-01,TABLET-WO-03515,1,SET5,1,OPER001,P029|P029|P025,mapped
TABLET-WO-03516-OP-01,TABLET-WO-03516,1,SET5,1,OPER001,P029|P029|P025,mapped
TABLET-WO-03517-OP-01,TABLET-WO-03517,1,SET5,1,OPER001,P029|P029|P025,mapped
TABLET-WO-03518-OP-01,TABLET-WO-03518,1,SET5,8,OPER001,P029|P029|P025,mapped
TABLET-WO-03519-OP-01,TABLET-WO-03519,1,SET5,6,OPER001,P029|P029|P025,mapped
TABLET-WO-03520-OP-01,TABLET-WO-03520,1,SET5,6,OPER001,P029|P029|P025,mapped
TABLET-WO-03521-OP-01,TABLET-WO-03521,1,SET5,1,OPER001,P029|P029|P025,mapped
TABLET-WO-03522-OP-01,TABLET-WO-03522,1,SET5,6,OPER001,P029|P029|P025,mapped
TABLET-WO-03523-OP-01,TABLET-WO-03523,1,SET5,1,OPER001,P029|P029|P025,mapped
TABLET-WO-03524-OP-01,TABLET-WO-03524,1,SET5,6,OPER001,P029|P029|P025,mapped
TABLET-WO-03525-OP-01,TABLET-WO-03525,1,SET5,6,OPER001,P029|P029|P025,mapped
TABLET-WO-03526-OP-01,TABLET-WO-03526,1,SET5,4,OPER001,P029|P029|P025,mapped
TABLET-WO-03527-OP-01,TABLET-WO-03527,1,SET5,3,OPER001,P029|P029|P025,mapped
TABLET-WO-03528-OP-01,TABLET-WO-03528,1,SET5,1,OPER001,P029|P029|P025,mapped
TABLET-WO-03529-OP-01,TABLET-WO-03529,1,SET5,1,OPER001,P029|P029|P025,mapped
TABLET-WO-03530-OP-01,TABLET-WO-03530,1,SET5,1,OPER001,P029|P029|P025,mapped
TABLET-WO-03531-OP-01,TABLET-WO-03531,1,SET5,8,OPER001,P029|P029|P025,mapped
TABLET-WO-03532-OP-01,TABLET-WO-03532,1,SET5,12,OPER001,P029|P029|P025,mapped
TABLET-WO-03533-OP-01,TABLET-WO-03533,1,SET5,8,OPER001,P029|P029|P025,mapped
TABLET-WO-03534-OP-01,TABLET-WO-03534,1,SET5,13,OPER001,P029|P029|P025,mapped
TABLET-WO-03535-OP-01,TABLET-WO-03535,1,SET5,7,OPER001,P029|P029|P025,mapped
TABLET-WO-03536-OP-01,TABLET-WO-03536,1,SET5,6,OPER001,P029|P029|P025,mapped
TABLET-WO-03537-OP-01,TABLET-WO-03537,1,SET5,1,OPER001,P029|P029|P025,mapped
TABLET-WO-03538-OP-01,TABLET-WO-03538,1,SET5,5,OPER001,P029|P029|P025,mapped
TABLET-WO-03539-OP-01,TABLET-WO-03539,1,SET5,1,OPER001,P029|P029|P025,mapped
TABLET-WO-03540-OP-01,TABLET-WO-03540,1,SET5,4,OPER001,P029|P029|P025,mapped
TABLET-WO-03541-OP-01,TABLET-WO-03541,1,SET5,3,OPER001,P029|P029|P025,mapped
TABLET-WO-03542-OP-01,TABLET-WO-03542,1,SET5,3,OPER001,P029|P029|P025,mapped
TABLET-WO-03543-OP-01,TABLET-WO-03543,1,SET5,3,OPER001,P029|P029|P025,mapped
TABLET-WO-03544-OP-01,TABLET-WO-03544,1,SET5,12,OPER001,P029|P029|P025,mapped
TABLET-WO-03545-OP-01,TABLET-WO-03545,1,SET5,12,OPER001,P029|P029|P025,mapped
TABLET-WO-03546-OP-01,TABLET-WO-03546,1,SET5,9,OPER001,P029|P029|P025,mapped
TABLET-WO-03547-OP-01,TABLET-WO-03547,1,SET5,8,OPER001,P029|P029|P025,mapped
TABLET-WO-03548-OP-01,TABLET-WO-03548,1,SET5,7,OPER001,P029|P029|P025,mapped
TABLET-WO-03549-OP-01,TABLET-WO-03549,1,SET5,1,OPER001,P029|P029|P025,mapped
TABLET-WO-03550-OP-01,TABLET-WO-03550,1,SET5,7,OPER001,P029|P029|P025,mapped
TABLET-WO-03551-OP-01,TABLET-WO-03551,1,SET5,8,OPER001,P029|P029|P025,mapped
TABLET-WO-03552-OP-01,TABLET-WO-03552,1,SET5,8,OPER001,P029|P029|P025,mapped
TABLET-WO-03553-OP-01,TABLET-WO-03553,1,SET5,1,OPER001,P023|P023,mapped
TABLET-WO-03554-OP-01,TABLET-WO-03554,1,SET5,1,OPER001,P023|P023,mapped
TABLET-WO-03555-OP-01,TABLET-WO-03555,1,SET5,1,OPER001,P023|P023,mapped
TABLET-WO-03556-OP-01,TABLET-WO-03556,1,SET5,1,OPER001,P023|P023,mapped
TABLET-WO-03557-OP-01,TABLET-WO-03557,1,SET5,1,OPER001,P023|P023,mapped
TABLET-WO-03558-OP-01,TABLET-WO-03558,1,SET5,1,OPER001,P023|P023,mapped
TABLET-WO-03559-OP-01,TABLET-WO-03559,1,SET5,1,OPER001,P023|P023,mapped
TABLET-WO-03560-OP-01,TABLET-WO-03560,1,SET5,1,OPER001,P023|P023,mapped
TABLET-WO-03561-OP-01,TABLET-WO-03561,1,SET5,1,OPER001,P023|P023,mapped
TABLET-WO-03562-OP-01,TABLET-WO-03562,1,SET5,1,OPER001,P023|P023,mapped
TABLET-WO-03563-OP-01,TABLET-WO-03563,1,SET5,1,OPER001,P023|P023,mapped
TABLET-WO-03564-OP-01,TABLET-WO-03564,1,SET5,1,OPER001,P023|P023,mapped
TABLET-WO-03565-OP-01,TABLET-WO-03565,1,SET5,1,OPER001,P023|P023,mapped
TABLET-WO-03566-OP-01,TABLET-WO-03566,1,SET5,1,OPER001,P023|P023,mapped
TABLET-WO-03567-OP-01,TABLET-WO-03567,1,SET5,1,OPER001,P023|P023,mapped
TABLET-WO-03568-OP-01,TABLET-WO-03568,1,SET5,1,OPER001,P023|P023,mapped
TABLET-WO-03569-OP-01,TABLET-WO-03569,1,SET5,1,OPER001,P023|P023,mapped
TABLET-WO-03570-OP-01,TABLET-WO-03570,1,SET5,1,OPER001,P023|P023,mapped
TABLET-WO-03571-OP-01,TABLET-WO-03571,1,SET5,1,OPER001,P023|P023,mapped
TABLET-WO-03572-OP-01,TABLET-WO-03572,1,SET5,1,OPER001,P023|P023,mapped
TABLET-WO-03573-OP-01,TABLET-WO-03573,1,SET5,1,OPER001,P023|P023,mapped
TABLET-WO-03574-OP-01,TABLET-WO-03574,1,SET5,1,OPER001,P023|P023,mapped
TABLET-WO-03575-OP-01,TABLET-WO-03575,1,SET5,1,OPER001,P023|P023,mapped
TABLET-WO-03576-OP-01,TABLET-WO-03576,1,SET5,1,OPER001,P023|P023,mapped
TABLET-WO-03577-OP-01,TABLET-WO-03577,1,SET5,1,OPER001,P023|P023,mapped
TABLET-WO-03578-OP-01,TABLET-WO-03578,1,SET5,1,OPER001,P023|P023,mapped
TABLET-WO-03579-OP-01,TABLET-WO-03579,1,SET5,3,OPER001,P023|P023,mapped
TABLET-WO-03580-OP-01,TABLET-WO-03580,1,SET5,3,OPER001,P023|P023,mapped
TABLET-WO-03581-OP-01,TABLET-WO-03581,1,SET5,3,OPER001,P023|P023,mapped
TABLET-WO-03582-OP-01,TABLET-WO-03582,1,SET5,2,OPER001,P023|P023,mapped
TABLET-WO-03583-OP-01,TABLET-WO-03583,1,SET5,1,OPER001,P023|P023,mapped
TABLET-WO-03584-OP-01,TABLET-WO-03584,1,SET5,1,OPER001,P023|P023,mapped
TABLET-WO-03585-OP-01,TABLET-WO-03585,1,SET5,1,OPER001,P023|P023,mapped
TABLET-WO-03586-OP-01,TABLET-WO-03586,1,SET5,1,OPER001,P023|P023,mapped
TABLET-WO-03587-OP-01,TABLET-WO-03587,1,SET5,1,OPER001,P023|P023,mapped
TABLET-WO-03588-OP-01,TABLET-WO-03588,1,SET5,1,OPER001,P023|P023,mapped
TABLET-WO-03589-OP-01,TABLET-WO-03589,1,SET5,1,OPER001,P023|P023,mapped
TABLET-WO-03590-OP-01,TABLET-WO-03590,1,SET5,1,OPER001,P023|P023,mapped
TABLET-WO-03591-OP-01,TABLET-WO-03591,1,SET5,1,OPER001,P023|P023,mapped
TABLET-WO-03592-OP-01,TABLET-WO-03592,1,SET5,1,OPER001,P023|P023,mapped
TABLET-WO-03593-OP-01,TABLET-WO-03593,1,SET5,1,OPER001,P023|P023,mapped
TABLET-WO-03594-OP-01,TABLET-WO-03594,1,SET5,1,OPER001,P023|P023,mapped
TABLET-WO-03595-OP-01,TABLET-WO-03595,1,SET5,1,OPER001,P023|P023,mapped
TABLET-WO-03596-OP-01,TABLET-WO-03596,1,SET5,1,OPER001,P023|P023,mapped
TABLET-WO-03597-OP-01,TABLET-WO-03597,1,SET5,1,OPER001,P023|P023,mapped
TABLET-WO-03598-OP-01,TABLET-WO-03598,1,SET5,1,OPER001,P023|P023,mapped
TABLET-WO-03599-OP-01,TABLET-WO-03599,1,SET5,1,OPER001,P023|P023,mapped
TABLET-WO-03600-OP-01,TABLET-WO-03600,1,SET5,1,OPER001,P023|P023,mapped
TABLET-WO-03601-OP-01,TABLET-WO-03601,1,SET5,1,OPER001,P023|P023,mapped
TABLET-WO-03602-OP-01,TABLET-WO-03602,1,SET5,1,OPER001,P023|P023,mapped
TABLET-WO-03603-OP-01,TABLET-WO-03603,1,SET5,1,OPER001,P023|P023,mapped
TABLET-WO-03604-OP-01,TABLET-WO-03604,1,SET5,1,OPER001,P023|P023,mapped
TABLET-WO-03605-OP-01,TABLET-WO-03605,1,SET5,1,OPER001,P023|P023,mapped
TABLET-WO-03606-OP-01,TABLET-WO-03606,1,SET5,1,OPER001,P023|P023,mapped
TABLET-WO-03607-OP-01,TABLET-WO-03607,1,SET5,1,OPER001,P023|P023,mapped
TABLET-WO-03608-OP-01,TABLET-WO-03608,1,SET5,1,OPER001,P023|P023,mapped
TABLET-WO-03609-OP-01,TABLET-WO-03609,1,SET5,1,OPER001,P023|P023,mapped
TABLET-WO-03610-OP-01,TABLET-WO-03610,1,SET5,1,OPER001,P023|P023,mapped
TABLET-WO-03611-OP-01,TABLET-WO-03611,1,SET5,1,OPER001,P023|P023,mapped
TABLET-WO-03612-OP-01,TABLET-WO-03612,1,SET5,1,OPER001,P023|P023,mapped
TABLET-WO-03613-OP-01,TABLET-WO-03613,1,SET5,1,OPER001,P023|P023,mapped
TABLET-WO-03614-OP-01,TABLET-WO-03614,1,SET5,1,OPER001,P023|P023,mapped
TABLET-WO-03615-OP-01,TABLET-WO-03615,1,SET5,1,OPER001,P023|P023,mapped
TABLET-WO-03616-OP-01,TABLET-WO-03616,1,SET5,1,OPER001,P023|P023,mapped
TABLET-WO-03617-OP-01,TABLET-WO-03617,1,SET5,1,OPER001,P023|P023,mapped
TABLET-WO-03618-OP-01,TABLET-WO-03618,1,SET5,1,OPER001,P023|P023,mapped
TABLET-WO-03619-OP-01,TABLET-WO-03619,1,SET5,1,OPER001,P023|P023,mapped
TABLET-WO-03620-OP-01,TABLET-WO-03620,1,SET5,1,OPER001,P023|P023,mapped
TABLET-WO-03621-OP-01,TABLET-WO-03621,1,SET5,1,OPER001,P023|P023,mapped
TABLET-WO-03622-OP-01,TABLET-WO-03622,1,SET5,1,OPER001,P023|P023,mapped
TABLET-WO-03623-OP-01,TABLET-WO-03623,1,SET5,1,OPER001,P023|P023,mapped
TABLET-WO-03624-OP-01,TABLET-WO-03624,1,SET5,1,OPER001,P023|P023,mapped
TABLET-WO-03625-OP-01,TABLET-WO-03625,1,SET5,1,OPER001,P023|P023,mapped
TABLET-WO-03626-OP-01,TABLET-WO-03626,1,SET5,1,OPER001,P023|P023,mapped
TABLET-WO-03627-OP-01,TABLET-WO-03627,1,SET5,1,OPER001,P023|P023,mapped
TABLET-WO-03628-OP-01,TABLET-WO-03628,1,SET5,1,OPER001,P023|P023,mapped
TABLET-WO-03629-OP-01,TABLET-WO-03629,1,SET5,1,OPER001,P023|P023,mapped
TABLET-WO-03630-OP-01,TABLET-WO-03630,1,SET5,1,OPER001,P023|P023,mapped
TABLET-WO-03631-OP-01,TABLET-WO-03631,1,SET5,3,OPER001,P023|P023,mapped
TABLET-WO-03632-OP-01,TABLET-WO-03632,1,SET5,4,OPER001,P023|P023,mapped
TABLET-WO-03633-OP-01,TABLET-WO-03633,1,SET5,3,OPER001,P023|P023,mapped
TABLET-WO-03634-OP-01,TABLET-WO-03634,1,SET5,3,OPER001,P023|P023,mapped
TABLET-WO-03635-OP-01,TABLET-WO-03635,1,SET5,1,OPER001,P023|P023,mapped
TABLET-WO-03636-OP-01,TABLET-WO-03636,1,SET5,1,OPER001,P023|P023,mapped
TABLET-WO-03637-OP-01,TABLET-WO-03637,1,SET5,1,OPER001,P023|P023,mapped
TABLET-WO-03638-OP-01,TABLET-WO-03638,1,SET5,1,OPER001,P023|P023,mapped
TABLET-WO-03639-OP-01,TABLET-WO-03639,1,SET5,1,OPER001,P023|P023,mapped
TABLET-WO-03640-OP-01,TABLET-WO-03640,1,SET5,1,OPER001,P023|P023,mapped
TABLET-WO-03641-OP-01,TABLET-WO-03641,1,SET5,1,OPER001,P023|P023,mapped
TABLET-WO-03642-OP-01,TABLET-WO-03642,1,SET5,1,OPER001,P023|P023,mapped
TABLET-WO-03643-OP-01,TABLET-WO-03643,1,SET5,1,OPER001,P023|P023,mapped
TABLET-WO-03644-OP-01,TABLET-WO-03644,1,SET5,1,OPER001,P023|P023,mapped
TABLET-WO-03645-OP-01,TABLET-WO-03645,1,SET5,1,OPER001,P023|P023,mapped
TABLET-WO-03646-OP-01,TABLET-WO-03646,1,SET5,1,OPER001,P023|P023,mapped
TABLET-WO-03647-OP-01,TABLET-WO-03647,1,SET5,1,OPER001,P023|P023,mapped
TABLET-WO-03648-OP-01,TABLET-WO-03648,1,SET5,1,OPER001,P023|P023,mapped
TABLET-WO-03649-OP-01,TABLET-WO-03649,1,SET5,1,OPER001,P023|P023,mapped
TABLET-WO-03650-OP-01,TABLET-WO-03650,1,SET5,1,OPER001,P023|P023,mapped
TABLET-WO-03651-OP-01,TABLET-WO-03651,1,SET5,1,OPER001,P023|P023,mapped
TABLET-WO-03652-OP-01,TABLET-WO-03652,1,SET5,1,OPER001,P023|P023,mapped
TABLET-WO-03653-OP-01,TABLET-WO-03653,1,SET5,2,OPER001,P023|P023,mapped
TABLET-WO-03654-OP-01,TABLET-WO-03654,1,SET5,2,OPER001,P023|P023,mapped
TABLET-WO-03655-OP-01,TABLET-WO-03655,1,SET5,1,OPER001,P023|P023,mapped
TABLET-WO-03656-OP-01,TABLET-WO-03656,1,SET5,2,OPER001,P023|P023,mapped
TABLET-WO-03657-OP-01,TABLET-WO-03657,1,SET5,2,OPER001,P023|P023,mapped
TABLET-WO-03658-OP-01,TABLET-WO-03658,1,SET5,1,OPER001,P023|P023,mapped
TABLET-WO-03659-OP-01,TABLET-WO-03659,1,SET5,1,OPER001,P023|P023,mapped
TABLET-WO-03660-OP-01,TABLET-WO-03660,1,SET5,1,OPER001,P023|P023,mapped
TABLET-WO-03661-OP-01,TABLET-WO-03661,1,SET5,1,OPER001,P023|P023,mapped
TABLET-WO-03662-OP-01,TABLET-WO-03662,1,SET5,1,OPER001,P023|P023,mapped
TABLET-WO-03663-OP-01,TABLET-WO-03663,1,SET5,1,OPER001,P023|P023,mapped
TABLET-WO-03664-OP-01,TABLET-WO-03664,1,SET5,1,OPER001,P023|P023,mapped
TABLET-WO-03665-OP-01,TABLET-WO-03665,1,SET5,1,OPER001,P023|P023,mapped
TABLET-WO-03666-OP-01,TABLET-WO-03666,1,SET5,2,OPER001,P023|P023,mapped
TABLET-WO-03667-OP-01,TABLET-WO-03667,1,SET5,4,OPER001,P023|P023,mapped
TABLET-WO-03668-OP-01,TABLET-WO-03668,1,SET5,3,OPER001,P023|P023,mapped
TABLET-WO-03669-OP-01,TABLET-WO-03669,1,SET5,3,OPER001,P023|P023,mapped
TABLET-WO-03670-OP-01,TABLET-WO-03670,1,SET5,1,OPER001,P023|P023,mapped
TABLET-WO-03671-OP-01,TABLET-WO-03671,1,SET5,1,OPER001,P023|P023,mapped
TABLET-WO-03672-OP-01,TABLET-WO-03672,1,SET5,1,OPER001,P023|P023,mapped
TABLET-WO-03673-OP-01,TABLET-WO-03673,1,SET5,1,OPER001,P023|P023,mapped
TABLET-WO-03674-OP-01,TABLET-WO-03674,1,SET5,1,OPER001,P023|P023,mapped
TABLET-WO-03675-OP-01,TABLET-WO-03675,1,SET5,1,OPER001,P023|P023,mapped
TABLET-WO-03676-OP-01,TABLET-WO-03676,1,SET5,1,OPER001,P023|P023,mapped
TABLET-WO-03677-OP-01,TABLET-WO-03677,1,SET5,1,OPER001,P023|P023,mapped
TABLET-WO-03678-OP-01,TABLET-WO-03678,1,SET5,1,OPER001,P023|P023,mapped
TABLET-WO-03679-OP-01,TABLET-WO-03679,1,SET5,3,OPER001,P023|P023,mapped
TABLET-WO-03680-OP-01,TABLET-WO-03680,1,SET5,3,OPER001,P023|P023,mapped
TABLET-WO-03681-OP-01,TABLET-WO-03681,1,SET5,3,OPER001,P023|P023,mapped
TABLET-WO-03682-OP-01,TABLET-WO-03682,1,SET5,4,OPER001,P023|P023,mapped
TABLET-WO-03683-OP-01,TABLET-WO-03683,1,SET5,2,OPER001,P023|P023,mapped
TABLET-WO-03684-OP-01,TABLET-WO-03684,1,SET5,1,OPER001,P023|P023,mapped
TABLET-WO-03685-OP-01,TABLET-WO-03685,1,SET5,1,OPER001,P023|P023,mapped
TABLET-WO-03686-OP-01,TABLET-WO-03686,1,SET5,1,OPER001,P023|P023,mapped
TABLET-WO-03687-OP-01,TABLET-WO-03687,1,SET5,1,OPER001,P023|P023,mapped
TABLET-WO-03688-OP-01,TABLET-WO-03688,1,SET5,1,OPER001,P023|P023,mapped
TABLET-WO-03689-OP-01,TABLET-WO-03689,1,SET5,1,OPER001,P023|P023,mapped
TABLET-WO-03690-OP-01,TABLET-WO-03690,1,SET5,1,OPER001,P023|P023,mapped
TABLET-WO-03691-OP-01,TABLET-WO-03691,1,SET5,1,OPER001,P023|P023,mapped
TABLET-WO-03692-OP-01,TABLET-WO-03692,1,SET5,1,OPER001,P023|P023,mapped
TABLET-WO-03693-OP-01,TABLET-WO-03693,1,SET5,1,OPER001,P023|P023,mapped
TABLET-WO-03694-OP-01,TABLET-WO-03694,1,SET5,1,OPER001,P023|P023,mapped
TABLET-WO-03695-OP-01,TABLET-WO-03695,1,SET5,1,OPER001,P023|P023,mapped
TABLET-WO-03696-OP-01,TABLET-WO-03696,1,SET5,1,OPER001,P023|P023,mapped
TABLET-WO-03697-OP-01,TABLET-WO-03697,1,SET5,1,OPER001,P023|P023,mapped
TABLET-WO-03698-OP-01,TABLET-WO-03698,1,SET5,1,OPER001,P023|P023,mapped
TABLET-WO-03699-OP-01,TABLET-WO-03699,1,SET5,1,OPER001,P023|P023,mapped
TABLET-WO-03700-OP-01,TABLET-WO-03700,1,SET5,1,OPER001,P023|P023,mapped
TABLET-WO-03701-OP-01,TABLET-WO-03701,1,SET5,1,OPER002,P030|P024|P030,mapped
TABLET-WO-03702-OP-01,TABLET-WO-03702,1,SET5,10,OPER002,P030|P024|P030,mapped
TABLET-WO-03703-OP-01,TABLET-WO-03703,1,SET5,12,OPER002,P030|P024|P030,mapped
TABLET-WO-03704-OP-01,TABLET-WO-03704,1,SET5,8,OPER002,P030|P024|P030,mapped
TABLET-WO-03705-OP-01,TABLET-WO-03705,1,SET5,3,OPER002,P030|P024|P030,mapped
TABLET-WO-03706-OP-01,TABLET-WO-03706,1,SET5,3,OPER002,P030|P024|P030,mapped
TABLET-WO-03707-OP-01,TABLET-WO-03707,1,SET5,1,OPER002,P030|P024|P030,mapped
TABLET-WO-03708-OP-01,TABLET-WO-03708,1,SET5,5,OPER002,P030|P024|P030,mapped
TABLET-WO-03709-OP-01,TABLET-WO-03709,1,SET5,4,OPER002,P030|P024|P030,mapped
TABLET-WO-03710-OP-01,TABLET-WO-03710,1,SET5,4,OPER002,P030|P024|P030,mapped
TABLET-WO-03711-OP-01,TABLET-WO-03711,1,SET5,4,OPER002,P030|P024|P030,mapped
TABLET-WO-03712-OP-01,TABLET-WO-03712,1,SET5,4,OPER002,P030|P024|P030,mapped
TABLET-WO-03713-OP-01,TABLET-WO-03713,1,SET5,3,OPER002,P030|P024|P030,mapped
TABLET-WO-03714-OP-01,TABLET-WO-03714,1,SET5,3,OPER002,P030|P024|P030,mapped
TABLET-WO-03715-OP-01,TABLET-WO-03715,1,SET5,4,OPER002,P030|P024|P030,mapped
TABLET-WO-03716-OP-01,TABLET-WO-03716,1,SET5,3,OPER002,P030|P024|P030,mapped
TABLET-WO-03717-OP-01,TABLET-WO-03717,1,SET5,2,OPER002,P030|P024|P030,mapped
TABLET-WO-03718-OP-01,TABLET-WO-03718,1,SET5,3,OPER002,P030|P024|P030,mapped
TABLET-WO-03719-OP-01,TABLET-WO-03719,1,SET5,2,OPER002,P030|P024|P030,mapped
TABLET-WO-03720-OP-01,TABLET-WO-03720,1,SET5,3,OPER002,P030|P024|P030,mapped
TABLET-WO-03721-OP-01,TABLET-WO-03721,1,SET5,3,OPER002,P030|P024|P030,mapped
TABLET-WO-03722-OP-01,TABLET-WO-03722,1,SET5,3,OPER002,P030|P024|P030,mapped
TABLET-WO-03723-OP-01,TABLET-WO-03723,1,SET5,4,OPER002,P030|P024|P030,mapped
TABLET-WO-03724-OP-01,TABLET-WO-03724,1,SET5,4,OPER002,P030|P024|P030,mapped
TABLET-WO-03725-OP-01,TABLET-WO-03725,1,SET5,4,OPER002,P030|P024|P030,mapped
TABLET-WO-03726-OP-01,TABLET-WO-03726,1,SET5,5,OPER002,P030|P024|P030,mapped
TABLET-WO-03727-OP-01,TABLET-WO-03727,1,SET5,5,OPER002,P030|P024|P030,mapped
TABLET-WO-03728-OP-01,TABLET-WO-03728,1,SET5,5,OPER002,P030|P024|P030,mapped
TABLET-WO-03729-OP-01,TABLET-WO-03729,1,SET5,6,OPER002,P030|P024|P030,mapped
TABLET-WO-03730-OP-01,TABLET-WO-03730,1,SET5,7,OPER002,P030|P024|P030,mapped
TABLET-WO-03731-OP-01,TABLET-WO-03731,1,SET5,7,OPER002,P030|P024|P030,mapped
TABLET-WO-03732-OP-01,TABLET-WO-03732,1,SET5,5,OPER002,P030|P024|P030,mapped
TABLET-WO-03733-OP-01,TABLET-WO-03733,1,SET5,3,OPER002,P030|P024|P030,mapped
TABLET-WO-03734-OP-01,TABLET-WO-03734,1,SET5,3,OPER002,P030|P024|P030,mapped
TABLET-WO-03735-OP-01,TABLET-WO-03735,1,SET5,3,OPER002,P030|P024|P030,mapped
TABLET-WO-03736-OP-01,TABLET-WO-03736,1,SET5,4,OPER002,P030|P024|P030,mapped
TABLET-WO-03737-OP-01,TABLET-WO-03737,1,SET5,4,OPER002,P030|P024|P030,mapped
TABLET-WO-03738-OP-01,TABLET-WO-03738,1,SET5,4,OPER002,P030|P024|P030,mapped
TABLET-WO-03739-OP-01,TABLET-WO-03739,1,SET5,4,OPER002,P030|P024|P030,mapped
TABLET-WO-03740-OP-01,TABLET-WO-03740,1,SET5,1,OPER002,P030|P024|P030,mapped
TABLET-WO-03741-OP-01,TABLET-WO-03741,1,SET5,7,OPER002,P030|P024|P030,mapped
TABLET-WO-03742-OP-01,TABLET-WO-03742,1,SET5,7,OPER002,P030|P024|P030,mapped
TABLET-WO-03743-OP-01,TABLET-WO-03743,1,SET5,8,OPER002,P030|P024|P030,mapped
TABLET-WO-03744-OP-01,TABLET-WO-03744,1,SET5,8,OPER002,P030|P024|P030,mapped
TABLET-WO-03745-OP-01,TABLET-WO-03745,1,SET5,1,OPER002,P030|P024|P030,mapped
TABLET-WO-03746-OP-01,TABLET-WO-03746,1,SET5,4,OPER002,P030|P024|P030,mapped
TABLET-WO-03747-OP-01,TABLET-WO-03747,1,SET5,3,OPER002,P030|P024|P030,mapped
TABLET-WO-03748-OP-01,TABLET-WO-03748,1,SET5,4,OPER002,P030|P024|P030,mapped
TABLET-WO-03749-OP-01,TABLET-WO-03749,1,SET5,4,OPER002,P030|P024|P030,mapped
TABLET-WO-03750-OP-01,TABLET-WO-03750,1,SET5,1,OPER002,P030|P024|P030,mapped
TABLET-WO-03751-OP-01,TABLET-WO-03751,1,SET5,3,OPER002,P030|P024|P030,mapped
TABLET-WO-03752-OP-01,TABLET-WO-03752,1,SET5,4,OPER002,P030|P024|P030,mapped
TABLET-WO-03753-OP-01,TABLET-WO-03753,1,SET5,4,OPER002,P030|P024|P030,mapped
TABLET-WO-03754-OP-01,TABLET-WO-03754,1,SET5,13,OPER002,P030|P024|P030,mapped
TABLET-WO-03755-OP-01,TABLET-WO-03755,1,SET5,7,OPER002,P030|P024|P030,mapped
TABLET-WO-03756-OP-01,TABLET-WO-03756,1,SET5,9,OPER002,P030|P024|P030,mapped
TABLET-WO-03757-OP-01,TABLET-WO-03757,1,SET5,10,OPER002,P030|P024|P030,mapped
TABLET-WO-03758-OP-01,TABLET-WO-03758,1,SET5,1,OPER002,P030|P024|P030,mapped
TABLET-WO-03759-OP-01,TABLET-WO-03759,1,SET5,9,OPER002,P030|P024|P030,mapped
TABLET-WO-03760-OP-01,TABLET-WO-03760,1,SET5,8,OPER002,P030|P024|P030,mapped
TABLET-WO-03761-OP-01,TABLET-WO-03761,1,SET5,1,OPER002,P030|P024|P030,mapped
TABLET-WO-03762-OP-01,TABLET-WO-03762,1,SET5,4,OPER002,P030|P024|P030,mapped
TABLET-WO-03763-OP-01,TABLET-WO-03763,1,SET5,4,OPER002,P030|P024|P030,mapped
TABLET-WO-03764-OP-01,TABLET-WO-03764,1,SET5,3,OPER002,P030|P024|P030,mapped
TABLET-WO-03765-OP-01,TABLET-WO-03765,1,SET5,4,OPER002,P030|P024|P030,mapped
TABLET-WO-03766-OP-01,TABLET-WO-03766,1,SET5,8,OPER002,P030|P024|P030,mapped
TABLET-WO-03767-OP-01,TABLET-WO-03767,1,SET5,8,OPER002,P030|P024|P030,mapped
TABLET-WO-03768-OP-01,TABLET-WO-03768,1,SET5,10,OPER002,P030|P024|P030,mapped
TABLET-WO-03769-OP-01,TABLET-WO-03769,1,SET5,6,OPER002,P030|P024|P030,mapped
TABLET-WO-03770-OP-01,TABLET-WO-03770,1,SET5,7,OPER002,P030|P024|P030,mapped
TABLET-WO-03771-OP-01,TABLET-WO-03771,1,SET5,7,OPER002,P030|P024|P030,mapped
TABLET-WO-03772-OP-01,TABLET-WO-03772,1,SET5,1,OPER002,P030|P024|P030,mapped
TABLET-WO-03773-OP-01,TABLET-WO-03773,1,SET5,6,OPER002,P030|P024|P030,mapped
TABLET-WO-03774-OP-01,TABLET-WO-03774,1,SET5,6,OPER002,P030|P024|P030,mapped
TABLET-WO-03775-OP-01,TABLET-WO-03775,1,SET5,7,OPER002,P030|P024|P030,mapped
TABLET-WO-03776-OP-01,TABLET-WO-03776,1,SET5,9,OPER002,P030|P024|P030,mapped
TABLET-WO-03777-OP-01,TABLET-WO-03777,1,SET5,8,OPER002,P030|P024|P030,mapped
TABLET-WO-03778-OP-01,TABLET-WO-03778,1,SET5,6,OPER002,P030|P024|P030,mapped
TABLET-WO-03779-OP-01,TABLET-WO-03779,1,SET5,6,OPER002,P030|P024|P030,mapped
TABLET-WO-03780-OP-01,TABLET-WO-03780,1,SET5,9,OPER002,P030|P024|P030,mapped
TABLET-WO-03781-OP-01,TABLET-WO-03781,1,SET5,1,OPER002,P030|P024|P030,mapped
TABLET-WO-03782-OP-01,TABLET-WO-03782,1,SET5,7,OPER002,P030|P024|P030,mapped
TABLET-WO-03783-OP-01,TABLET-WO-03783,1,SET5,7,OPER002,P030|P024|P030,mapped
TABLET-WO-03784-OP-01,TABLET-WO-03784,1,SET5,1,OPER002,P030|P024|P030,mapped
TABLET-WO-03785-OP-01,TABLET-WO-03785,1,SET5,7,OPER002,P030|P024|P030,mapped
TABLET-WO-03786-OP-01,TABLET-WO-03786,1,SET5,7,OPER002,P030|P024|P030,mapped
TABLET-WO-03787-OP-01,TABLET-WO-03787,1,SET5,1,OPER002,P030|P024|P030,mapped
TABLET-WO-03788-OP-01,TABLET-WO-03788,1,SET5,7,OPER002,P030|P024|P030,mapped
TABLET-WO-03789-OP-01,TABLET-WO-03789,1,SET5,6,OPER002,P030|P024|P030,mapped
TABLET-WO-03790-OP-01,TABLET-WO-03790,1,SET5,6,OPER002,P030|P024|P030,mapped
TABLET-WO-03791-OP-01,TABLET-WO-03791,1,SET5,5,OPER002,P030|P024|P030,mapped
TABLET-WO-03792-OP-01,TABLET-WO-03792,1,SET5,6,OPER002,P030|P024|P030,mapped
TABLET-WO-03793-OP-01,TABLET-WO-03793,1,SET5,9,OPER002,P030|P024|P030,mapped
TABLET-WO-03794-OP-01,TABLET-WO-03794,1,SET5,9,OPER002,P030|P024|P030,mapped
TABLET-WO-03795-OP-01,TABLET-WO-03795,1,SET5,5,OPER002,P030|P024|P030,mapped
TABLET-WO-03796-OP-01,TABLET-WO-03796,1,SET5,7,OPER002,P030|P024|P030,mapped
TABLET-WO-03797-OP-01,TABLET-WO-03797,1,SET5,7,OPER002,P030|P024|P030,mapped
TABLET-WO-03798-OP-01,TABLET-WO-03798,1,SET5,6,OPER002,P030|P024|P030,mapped
TABLET-WO-03799-OP-01,TABLET-WO-03799,1,SET5,5,OPER002,P030|P024|P030,mapped
TABLET-WO-03800-OP-01,TABLET-WO-03800,1,SET5,5,OPER002,P030|P024|P030,mapped
TABLET-WO-03801-OP-01,TABLET-WO-03801,1,SET5,5,OPER002,P030|P024|P030,mapped
TABLET-WO-03802-OP-01,TABLET-WO-03802,1,SET5,8,OPER002,P030|P024|P030,mapped
TABLET-WO-03803-OP-01,TABLET-WO-03803,1,SET5,6,OPER002,P030|P024|P030,mapped
TABLET-WO-03804-OP-01,TABLET-WO-03804,1,SET5,4,OPER002,P030|P024|P030,mapped
TABLET-WO-03805-OP-01,TABLET-WO-03805,1,SET5,7,OPER002,P030|P024|P030,mapped
TABLET-WO-03806-OP-01,TABLET-WO-03806,1,SET5,1,OPER002,P030|P024|P030,mapped
TABLET-WO-03807-OP-01,TABLET-WO-03807,1,SET5,1,OPER002,P030|P024|P030,mapped
TABLET-WO-03808-OP-01,TABLET-WO-03808,1,SET5,5,OPER002,P030|P024|P030,mapped
TABLET-WO-03809-OP-01,TABLET-WO-03809,1,SET5,5,OPER002,P030|P024|P030,mapped
TABLET-WO-03810-OP-01,TABLET-WO-03810,1,SET5,5,OPER002,P030|P024|P030,mapped
TABLET-WO-03811-OP-01,TABLET-WO-03811,1,SET5,5,OPER002,P030|P024|P030,mapped
TABLET-WO-03812-OP-01,TABLET-WO-03812,1,SET5,5,OPER002,P030|P024|P030,mapped
TABLET-WO-03813-OP-01,TABLET-WO-03813,1,SET5,1,OPER002,P030|P024|P030,mapped
TABLET-WO-03814-OP-01,TABLET-WO-03814,1,SET5,4,OPER002,P030|P024|P030,mapped
TABLET-WO-03815-OP-01,TABLET-WO-03815,1,SET5,6,OPER002,P030|P024|P030,mapped
TABLET-WO-03816-OP-01,TABLET-WO-03816,1,SET5,4,OPER002,P030|P024|P030,mapped
TABLET-WO-03817-OP-01,TABLET-WO-03817,1,SET5,4,OPER002,P030|P024|P030,mapped
TABLET-WO-03818-OP-01,TABLET-WO-03818,1,SET5,4,OPER002,P030|P024|P030,mapped
TABLET-WO-03819-OP-01,TABLET-WO-03819,1,SET5,1,OPER002,P030|P024|P030,mapped
TABLET-WO-03820-OP-01,TABLET-WO-03820,1,SET5,1,OPER002,P030|P024|P030,mapped
TABLET-WO-03821-OP-01,TABLET-WO-03821,1,SET5,1,OPER002,P030|P024|P030,mapped
TABLET-WO-03822-OP-01,TABLET-WO-03822,1,SET5,1,OPER002,P030|P024|P030,mapped
TABLET-WO-03823-OP-01,TABLET-WO-03823,1,SET5,1,OPER002,P030|P024|P030,mapped
TABLET-WO-03824-OP-01,TABLET-WO-03824,1,SET5,1,OPER002,P030|P024|P030,mapped
TABLET-WO-03825-OP-01,TABLET-WO-03825,1,SET5,1,OPER002,P030|P024|P030,mapped
TABLET-WO-03826-OP-01,TABLET-WO-03826,1,SET5,1,OPER002,P030|P024|P030,mapped
TABLET-WO-03827-OP-01,TABLET-WO-03827,1,SET5,4,OPER002,P030|P024|P030,mapped
TABLET-WO-03828-OP-01,TABLET-WO-03828,1,SET5,4,OPER002,P030|P024|P030,mapped
TABLET-WO-03829-OP-01,TABLET-WO-03829,1,SET5,5,OPER002,P030|P024|P030,mapped
TABLET-WO-03830-OP-01,TABLET-WO-03830,1,SET5,4,OPER002,P030|P024|P030,mapped
TABLET-WO-03831-OP-01,TABLET-WO-03831,1,SET5,6,OPER002,P030|P024|P030,mapped
TABLET-WO-03832-OP-01,TABLET-WO-03832,1,SET5,1,OPER002,P030|P024|P030,mapped
TABLET-WO-03833-OP-01,TABLET-WO-03833,1,SET5,6,OPER002,P030|P024|P030,mapped
TABLET-WO-03834-OP-01,TABLET-WO-03834,1,SET5,6,OPER002,P030|P024|P030,mapped
TABLET-WO-03835-OP-01,TABLET-WO-03835,1,SET5,6,OPER002,P030|P024|P030,mapped
TABLET-WO-03836-OP-01,TABLET-WO-03836,1,SET5,5,OPER002,P030|P024|P030,mapped
TABLET-WO-03837-OP-01,TABLET-WO-03837,1,SET5,5,OPER002,P030|P024|P030,mapped
TABLET-WO-03838-OP-01,TABLET-WO-03838,1,SET5,5,OPER002,P030|P024|P030,mapped
TABLET-WO-03839-OP-01,TABLET-WO-03839,1,SET5,1,OPER002,P030|P024|P030,mapped
TABLET-WO-03840-OP-01,TABLET-WO-03840,1,SET5,4,OPER002,P030|P024|P030,mapped
TABLET-WO-03841-OP-01,TABLET-WO-03841,1,SET5,6,OPER002,P030|P024|P030,mapped
TABLET-WO-03842-OP-01,TABLET-WO-03842,1,SET5,3,OPER002,P030|P024|P030,mapped
TABLET-WO-03843-OP-01,TABLET-WO-03843,1,SET5,1,OPER002,P030|P024|P030,mapped
TABLET-WO-03844-OP-01,TABLET-WO-03844,1,SET5,5,OPER002,P030|P024|P030,mapped
TABLET-WO-03845-OP-01,TABLET-WO-03845,1,SET5,6,OPER002,P030|P024|P030,mapped
TABLET-WO-03846-OP-01,TABLET-WO-03846,1,SET5,5,OPER002,P030|P024|P030,mapped
TABLET-WO-03847-OP-01,TABLET-WO-03847,1,SET5,4,OPER002,P030|P024|P030,mapped
TABLET-WO-03848-OP-01,TABLET-WO-03848,1,SET5,4,OPER002,P030|P024|P030,mapped
TABLET-WO-03849-OP-01,TABLET-WO-03849,1,SET5,1,OPER002,P038|P038,mapped
TABLET-WO-03850-OP-01,TABLET-WO-03850,1,SET5,1,OPER002,P038|P038,mapped
TABLET-WO-03851-OP-01,TABLET-WO-03851,1,SET5,1,OPER002,P038|P038,mapped
TABLET-WO-03852-OP-01,TABLET-WO-03852,1,SET5,1,OPER002,P038|P038,mapped
TABLET-WO-03853-OP-01,TABLET-WO-03853,1,SET5,3,OPER002,P038|P038,mapped
TABLET-WO-03854-OP-01,TABLET-WO-03854,1,SET5,3,OPER002,P038|P038,mapped
TABLET-WO-03855-OP-01,TABLET-WO-03855,1,SET5,2,OPER002,P038|P038,mapped
TABLET-WO-03856-OP-01,TABLET-WO-03856,1,SET5,4,OPER002,P038|P038,mapped
TABLET-WO-03857-OP-01,TABLET-WO-03857,1,SET5,1,OPER002,P038|P038,mapped
TABLET-WO-03858-OP-01,TABLET-WO-03858,1,SET5,1,OPER002,P038|P038,mapped
TABLET-WO-03859-OP-01,TABLET-WO-03859,1,SET5,1,OPER002,P038|P038,mapped
TABLET-WO-03860-OP-01,TABLET-WO-03860,1,SET5,1,OPER002,P038|P038,mapped
TABLET-WO-03861-OP-01,TABLET-WO-03861,1,SET5,1,OPER002,P038|P038,mapped
TABLET-WO-03862-OP-01,TABLET-WO-03862,1,SET5,2,OPER002,P038|P038,mapped
TABLET-WO-03863-OP-01,TABLET-WO-03863,1,SET5,3,OPER002,P038|P038,mapped
TABLET-WO-03864-OP-01,TABLET-WO-03864,1,SET5,3,OPER002,P038|P038,mapped
TABLET-WO-03865-OP-01,TABLET-WO-03865,1,SET5,3,OPER002,P038|P038,mapped
TABLET-WO-03866-OP-01,TABLET-WO-03866,1,SET5,1,OPER002,P038|P038,mapped
TABLET-WO-03867-OP-01,TABLET-WO-03867,1,SET5,1,OPER002,P038|P038,mapped
TABLET-WO-03868-OP-01,TABLET-WO-03868,1,SET5,1,OPER002,P038|P038,mapped
TABLET-WO-03869-OP-01,TABLET-WO-03869,1,SET5,1,OPER002,P038|P038,mapped
TABLET-WO-03870-OP-01,TABLET-WO-03870,1,SET5,1,OPER002,P038|P038,mapped
TABLET-WO-03871-OP-01,TABLET-WO-03871,1,SET5,1,OPER002,P038|P038,mapped
TABLET-WO-03872-OP-01,TABLET-WO-03872,1,SET5,1,OPER002,P038|P038,mapped
TABLET-WO-03873-OP-01,TABLET-WO-03873,1,SET5,1,OPER002,P038|P038,mapped
TABLET-WO-03874-OP-01,TABLET-WO-03874,1,SET5,1,OPER002,P038|P038,mapped
TABLET-WO-03875-OP-01,TABLET-WO-03875,1,SET5,1,OPER002,P038|P038,mapped
TABLET-WO-03876-OP-01,TABLET-WO-03876,1,SET5,1,OPER002,P038|P038,mapped
TABLET-WO-03877-OP-01,TABLET-WO-03877,1,SET5,1,OPER002,P038|P038,mapped
TABLET-WO-03878-OP-01,TABLET-WO-03878,1,SET5,1,OPER002,P038|P038,mapped
TABLET-WO-03879-OP-01,TABLET-WO-03879,1,SET5,1,OPER002,P038|P038,mapped
TABLET-WO-03880-OP-01,TABLET-WO-03880,1,SET5,1,OPER002,P038|P038,mapped
TABLET-WO-03881-OP-01,TABLET-WO-03881,1,SET5,1,OPER002,P038|P038,mapped
TABLET-WO-03882-OP-01,TABLET-WO-03882,1,SET5,1,OPER002,P038|P038,mapped
TABLET-WO-03883-OP-01,TABLET-WO-03883,1,SET5,1,OPER002,P038|P038,mapped
TABLET-WO-03884-OP-01,TABLET-WO-03884,1,SET5,2,OPER002,P038|P038,mapped
TABLET-WO-03885-OP-01,TABLET-WO-03885,1,SET5,2,OPER002,P038|P038,mapped
TABLET-WO-03886-OP-01,TABLET-WO-03886,1,SET5,2,OPER002,P038|P038,mapped
TABLET-WO-03887-OP-01,TABLET-WO-03887,1,SET5,2,OPER002,P038|P038,mapped
TABLET-WO-03888-OP-01,TABLET-WO-03888,1,SET5,7,OPER002,P038|P038,mapped
TABLET-WO-03889-OP-01,TABLET-WO-03889,1,SET5,8,OPER002,P038|P038,mapped
TABLET-WO-03890-OP-01,TABLET-WO-03890,1,SET5,6,OPER002,P038|P038,mapped
TABLET-WO-03891-OP-01,TABLET-WO-03891,1,SET5,8,OPER002,P038|P038,mapped
TABLET-WO-03892-OP-01,TABLET-WO-03892,1,SET5,7,OPER002,P038|P038,mapped
TABLET-WO-03893-OP-01,TABLET-WO-03893,1,SET5,1,OPER002,P038|P038,mapped
TABLET-WO-03894-OP-01,TABLET-WO-03894,1,SET5,1,OPER002,P038|P038,mapped
TABLET-WO-03895-OP-01,TABLET-WO-03895,1,SET5,1,OPER002,P038|P038,mapped
TABLET-WO-03896-OP-01,TABLET-WO-03896,1,SET5,1,OPER002,P038|P038,mapped
TABLET-WO-03897-OP-01,TABLET-WO-03897,1,SET5,6,OPER002,P038|P038,mapped
TABLET-WO-03898-OP-01,TABLET-WO-03898,1,SET5,10,OPER002,P038|P038,mapped
TABLET-WO-03899-OP-01,TABLET-WO-03899,1,SET5,6,OPER002,P038|P038,mapped
TABLET-WO-03900-OP-01,TABLET-WO-03900,1,SET5,8,OPER002,P038|P038,mapped
TABLET-WO-03901-OP-01,TABLET-WO-03901,1,SET5,8,OPER002,P038|P038,mapped
TABLET-WO-03902-OP-01,TABLET-WO-03902,1,SET5,4,OPER002,P038|P038,mapped
TABLET-WO-03903-OP-01,TABLET-WO-03903,1,SET5,6,OPER002,P038|P038,mapped
TABLET-WO-03904-OP-01,TABLET-WO-03904,1,SET5,7,OPER002,P038|P038,mapped
TABLET-WO-03905-OP-01,TABLET-WO-03905,1,SET5,4,OPER002,P038|P038,mapped
TABLET-WO-03906-OP-01,TABLET-WO-03906,1,SET5,1,OPER002,P038|P038,mapped
TABLET-WO-03907-OP-01,TABLET-WO-03907,1,SET5,1,OPER002,P038|P038,mapped
TABLET-WO-03908-OP-01,TABLET-WO-03908,1,SET5,1,OPER002,P038|P038,mapped
TABLET-WO-03909-OP-01,TABLET-WO-03909,1,SET5,1,OPER002,P038|P038,mapped
TABLET-WO-03910-OP-01,TABLET-WO-03910,1,SET5,3,OPER002,P038|P038,mapped
TABLET-WO-03911-OP-01,TABLET-WO-03911,1,SET5,2,OPER002,P038|P038,mapped
TABLET-WO-03912-OP-01,TABLET-WO-03912,1,SET5,3,OPER002,P038|P038,mapped
TABLET-WO-03913-OP-01,TABLET-WO-03913,1,SET5,1,OPER002,P038|P038,mapped
TABLET-WO-03914-OP-01,TABLET-WO-03914,1,SET5,12,OPER002,P038|P038,mapped
TABLET-WO-03915-OP-01,TABLET-WO-03915,1,SET5,18,OPER002,P038|P038,mapped
TABLET-WO-03916-OP-01,TABLET-WO-03916,1,SET5,12,OPER002,P038|P038,mapped
TABLET-WO-03917-OP-01,TABLET-WO-03917,1,SET5,12,OPER002,P038|P038,mapped
TABLET-WO-03918-OP-01,TABLET-WO-03918,1,SET5,1,OPER002,P038|P038,mapped
TABLET-WO-03919-OP-01,TABLET-WO-03919,1,SET5,1,OPER002,P038|P038,mapped
TABLET-WO-03920-OP-01,TABLET-WO-03920,1,SET5,1,OPER002,P038|P038,mapped
TABLET-WO-03921-OP-01,TABLET-WO-03921,1,SET5,1,OPER002,P038|P038,mapped
TABLET-WO-03922-OP-01,TABLET-WO-03922,1,SET5,1,OPER002,P038|P038,mapped
TABLET-WO-03923-OP-01,TABLET-WO-03923,1,SET5,5,OPER002,P038|P038,mapped
TABLET-WO-03924-OP-01,TABLET-WO-03924,1,SET5,3,OPER002,P038|P038,mapped
TABLET-WO-03925-OP-01,TABLET-WO-03925,1,SET5,4,OPER002,P038|P038,mapped
TABLET-WO-03926-OP-01,TABLET-WO-03926,1,SET5,4,OPER002,P038|P038,mapped
TABLET-WO-03927-OP-01,TABLET-WO-03927,1,SET5,9,OPER002,P038|P038,mapped
TABLET-WO-03928-OP-01,TABLET-WO-03928,1,SET5,10,OPER002,P038|P038,mapped
TABLET-WO-03929-OP-01,TABLET-WO-03929,1,SET5,12,OPER002,P038|P038,mapped
TABLET-WO-03930-OP-01,TABLET-WO-03930,1,SET5,6,OPER002,P038|P038,mapped
TABLET-WO-03931-OP-01,TABLET-WO-03931,1,SET5,1,OPER002,P038|P038,mapped
TABLET-WO-03932-OP-01,TABLET-WO-03932,1,SET5,1,OPER002,P038|P038,mapped
TABLET-WO-03933-OP-01,TABLET-WO-03933,1,SET5,1,OPER002,P038|P038,mapped
TABLET-WO-03934-OP-01,TABLET-WO-03934,1,SET5,1,OPER002,P038|P038,mapped
TABLET-WO-03935-OP-01,TABLET-WO-03935,1,SET5,1,OPER002,P038|P038,mapped
TABLET-WO-03936-OP-01,TABLET-WO-03936,1,SET5,11,OPER002,P038|P038,mapped
TABLET-WO-03937-OP-01,TABLET-WO-03937,1,SET5,7,OPER002,P038|P038,mapped
TABLET-WO-03938-OP-01,TABLET-WO-03938,1,SET5,12,OPER002,P038|P038,mapped
TABLET-WO-03939-OP-01,TABLET-WO-03939,1,SET5,10,OPER002,P038|P038,mapped
TABLET-WO-03940-OP-01,TABLET-WO-03940,1,SET5,1,OPER002,P038|P038,mapped
TABLET-WO-03941-OP-01,TABLET-WO-03941,1,SET5,1,OPER002,P038|P038,mapped
TABLET-WO-03942-OP-01,TABLET-WO-03942,1,SET5,1,OPER002,P038|P038,mapped
TABLET-WO-03943-OP-01,TABLET-WO-03943,1,SET5,2,OPER002,P038|P038,mapped
TABLET-WO-03944-OP-01,TABLET-WO-03944,1,SET5,2,OPER002,P038|P038,mapped
TABLET-WO-03945-OP-01,TABLET-WO-03945,1,SET5,1,OPER002,P038|P038,mapped
TABLET-WO-03946-OP-01,TABLET-WO-03946,1,SET5,1,OPER002,P038|P038,mapped
TABLET-WO-03947-OP-01,TABLET-WO-03947,1,SET5,1,OPER002,P038|P038,mapped
TABLET-WO-03948-OP-01,TABLET-WO-03948,1,SET5,1,OPER002,P038|P038,mapped
TABLET-WO-03949-OP-01,TABLET-WO-03949,1,SET5,11,OPER002,P038|P038,mapped
TABLET-WO-03950-OP-01,TABLET-WO-03950,1,SET5,10,OPER002,P038|P038,mapped
TABLET-WO-03951-OP-01,TABLET-WO-03951,1,SET5,12,OPER002,P038|P038,mapped
TABLET-WO-03952-OP-01,TABLET-WO-03952,1,SET5,12,OPER002,P038|P038,mapped
TABLET-WO-03953-OP-01,TABLET-WO-03953,1,SET5,1,OPER002,P038|P038,mapped
TABLET-WO-03954-OP-01,TABLET-WO-03954,1,SET5,4,OPER002,P038|P038,mapped
TABLET-WO-03955-OP-01,TABLET-WO-03955,1,SET5,4,OPER002,P038|P038,mapped
TABLET-WO-03956-OP-01,TABLET-WO-03956,1,SET5,3,OPER002,P038|P038,mapped
TABLET-WO-03957-OP-01,TABLET-WO-03957,1,SET5,1,OPER002,P038|P038,mapped
TABLET-WO-03958-OP-01,TABLET-WO-03958,1,SET5,1,OPER002,P038|P038,mapped
TABLET-WO-03959-OP-01,TABLET-WO-03959,1,SET5,1,OPER002,P038|P038,mapped
TABLET-WO-03960-OP-01,TABLET-WO-03960,1,SET5,1,OPER002,P038|P038,mapped
TABLET-WO-03961-OP-01,TABLET-WO-03961,1,SET5,1,OPER002,P038|P038,mapped
TABLET-WO-03962-OP-01,TABLET-WO-03962,1,SET5,7,OPER002,P038|P038,mapped
TABLET-WO-03963-OP-01,TABLET-WO-03963,1,SET5,4,OPER002,P038|P038,mapped
TABLET-WO-03964-OP-01,TABLET-WO-03964,1,SET5,6,OPER002,P038|P038,mapped
TABLET-WO-03965-OP-01,TABLET-WO-03965,1,SET5,5,OPER002,P038|P038,mapped
TABLET-WO-03966-OP-01,TABLET-WO-03966,1,SET5,4,OPER002,P038|P038,mapped
TABLET-WO-03967-OP-01,TABLET-WO-03967,1,SET5,1,OPER002,P038|P038,mapped
TABLET-WO-03968-OP-01,TABLET-WO-03968,1,SET5,1,OPER002,P038|P038,mapped
TABLET-WO-03969-OP-01,TABLET-WO-03969,1,SET5,1,OPER002,P038|P038,mapped
TABLET-WO-03970-OP-01,TABLET-WO-03970,1,SET5,1,OPER002,P038|P038,mapped
TABLET-WO-03971-OP-01,TABLET-WO-03971,1,SET5,6,OPER002,P038|P038,mapped
TABLET-WO-03972-OP-01,TABLET-WO-03972,1,SET5,8,OPER002,P038|P038,mapped
TABLET-WO-03973-OP-01,TABLET-WO-03973,1,SET5,4,OPER002,P038|P038,mapped
TABLET-WO-03974-OP-01,TABLET-WO-03974,1,SET5,5,OPER002,P038|P038,mapped
TABLET-WO-03975-OP-01,TABLET-WO-03975,1,SET5,5,OPER002,P038|P038,mapped
TABLET-WO-03976-OP-01,TABLET-WO-03976,1,SET5,6,OPER002,P038|P038,mapped
TABLET-WO-03977-OP-01,TABLET-WO-03977,1,SET5,5,OPER002,P038|P038,mapped
TABLET-WO-03978-OP-01,TABLET-WO-03978,1,SET5,4,OPER002,P038|P038,mapped
TABLET-WO-03979-OP-01,TABLET-WO-03979,1,SET5,4,OPER002,P038|P038,mapped
TABLET-WO-03980-OP-01,TABLET-WO-03980,1,SET5,1,OPER002,P038|P038,mapped
TABLET-WO-03981-OP-01,TABLET-WO-03981,1,SET5,1,OPER002,P038|P038,mapped
TABLET-WO-03982-OP-01,TABLET-WO-03982,1,SET5,1,OPER002,P038|P038,mapped
TABLET-WO-03983-OP-01,TABLET-WO-03983,1,SET5,1,OPER002,P038|P038,mapped
TABLET-WO-03984-OP-01,TABLET-WO-03984,1,SET5,2,OPER002,P038|P038,mapped
TABLET-WO-03985-OP-01,TABLET-WO-03985,1,SET5,2,OPER002,P038|P038,mapped
TABLET-WO-03986-OP-01,TABLET-WO-03986,1,SET5,3,OPER002,P038|P038,mapped
TABLET-WO-03987-OP-01,TABLET-WO-03987,1,SET5,1,OPER002,P038|P038,mapped
TABLET-WO-03988-OP-01,TABLET-WO-03988,1,SET5,1,OPER002,P038|P038,mapped
TABLET-WO-03989-OP-01,TABLET-WO-03989,1,SET5,1,OPER002,P038|P038,mapped
TABLET-WO-03990-OP-01,TABLET-WO-03990,1,SET5,1,OPER002,P038|P038,mapped
TABLET-WO-03991-OP-01,TABLET-WO-03991,1,SET5,1,OPER002,P038|P038,mapped
TABLET-WO-03992-OP-01,TABLET-WO-03992,1,SET5,1,OPER002,P038|P038,mapped
TABLET-WO-03993-OP-01,TABLET-WO-03993,1,SET5,1,OPER002,P038|P038,mapped
TABLET-WO-03994-OP-01,TABLET-WO-03994,1,SET5,1,OPER002,P038|P038,mapped
TABLET-WO-03995-OP-01,TABLET-WO-03995,1,SET5,1,OPER002,P038|P038,mapped
TABLET-WO-03996-OP-01,TABLET-WO-03996,1,SET5,1,OPER002,P038|P038,mapped
TABLET-WO-03997-OP-01,TABLET-WO-03997,1,SET5,1,OPER002,P039|P039,mapped
TABLET-WO-03998-OP-01,TABLET-WO-03998,1,SET5,1,OPER002,P039|P039,mapped
TABLET-WO-03999-OP-01,TABLET-WO-03999,1,SET5,1,OPER002,P039|P039,mapped
TABLET-WO-04000-OP-01,TABLET-WO-04000,1,SET5,1,OPER002,P039|P039,mapped
TABLET-WO-04001-OP-01,TABLET-WO-04001,1,SET5,1,OPER002,P039|P039,mapped
TABLET-WO-04002-OP-01,TABLET-WO-04002,1,SET5,1,OPER002,P039|P039,mapped
TABLET-WO-04003-OP-01,TABLET-WO-04003,1,SET5,1,OPER002,P039|P039,mapped
TABLET-WO-04004-OP-01,TABLET-WO-04004,1,SET5,1,OPER002,P039|P039,mapped
TABLET-WO-04005-OP-01,TABLET-WO-04005,1,SET5,1,OPER002,P039|P039,mapped
TABLET-WO-04006-OP-01,TABLET-WO-04006,1,SET5,1,OPER002,P039|P039,mapped
TABLET-WO-04007-OP-01,TABLET-WO-04007,1,SET5,1,OPER002,P039|P039,mapped
TABLET-WO-04008-OP-01,TABLET-WO-04008,1,SET5,1,OPER002,P039|P039,mapped
TABLET-WO-04009-OP-01,TABLET-WO-04009,1,SET5,1,OPER002,P039|P039,mapped
TABLET-WO-04010-OP-01,TABLET-WO-04010,1,SET5,2,OPER002,P039|P039,mapped
TABLET-WO-04011-OP-01,TABLET-WO-04011,1,SET5,2,OPER002,P039|P039,mapped
TABLET-WO-04012-OP-01,TABLET-WO-04012,1,SET5,2,OPER002,P039|P039,mapped
TABLET-WO-04013-OP-01,TABLET-WO-04013,1,SET5,3,OPER002,P039|P039,mapped
TABLET-WO-04014-OP-01,TABLET-WO-04014,1,SET5,1,OPER002,P039|P039,mapped
TABLET-WO-04015-OP-01,TABLET-WO-04015,1,SET5,3,OPER002,P039|P039,mapped
TABLET-WO-04016-OP-01,TABLET-WO-04016,1,SET5,2,OPER002,P039|P039,mapped
TABLET-WO-04017-OP-01,TABLET-WO-04017,1,SET5,2,OPER002,P039|P039,mapped
TABLET-WO-04018-OP-01,TABLET-WO-04018,1,SET5,2,OPER002,P039|P039,mapped
TABLET-WO-04019-OP-01,TABLET-WO-04019,1,SET5,1,OPER002,P039|P039,mapped
TABLET-WO-04020-OP-01,TABLET-WO-04020,1,SET5,1,OPER002,P039|P039,mapped
TABLET-WO-04021-OP-01,TABLET-WO-04021,1,SET5,1,OPER002,P039|P039,mapped
TABLET-WO-04022-OP-01,TABLET-WO-04022,1,SET5,1,OPER002,P039|P039,mapped
TABLET-WO-04023-OP-01,TABLET-WO-04023,1,SET5,1,OPER002,P039|P039,mapped
TABLET-WO-04024-OP-01,TABLET-WO-04024,1,SET5,1,OPER002,P039|P039,mapped
TABLET-WO-04025-OP-01,TABLET-WO-04025,1,SET5,1,OPER002,P039|P039,mapped
TABLET-WO-04026-OP-01,TABLET-WO-04026,1,SET5,1,OPER002,P039|P039,mapped
TABLET-WO-04027-OP-01,TABLET-WO-04027,1,SET5,1,OPER002,P039|P039,mapped
TABLET-WO-04028-OP-01,TABLET-WO-04028,1,SET5,1,OPER002,P039|P039,mapped
TABLET-WO-04029-OP-01,TABLET-WO-04029,1,SET5,1,OPER002,P039|P039,mapped
TABLET-WO-04030-OP-01,TABLET-WO-04030,1,SET5,1,OPER002,P039|P039,mapped
TABLET-WO-04031-OP-01,TABLET-WO-04031,1,SET5,1,OPER002,P039|P039,mapped
TABLET-WO-04032-OP-01,TABLET-WO-04032,1,SET5,1,OPER002,P039|P039,mapped
TABLET-WO-04033-OP-01,TABLET-WO-04033,1,SET5,1,OPER002,P039|P039,mapped
TABLET-WO-04034-OP-01,TABLET-WO-04034,1,SET5,1,OPER002,P039|P039,mapped
TABLET-WO-04035-OP-01,TABLET-WO-04035,1,SET5,1,OPER002,P039|P039,mapped
TABLET-WO-04036-OP-01,TABLET-WO-04036,1,SET5,4,OPER002,P039|P039,mapped
TABLET-WO-04037-OP-01,TABLET-WO-04037,1,SET5,3,OPER002,P039|P039,mapped
TABLET-WO-04038-OP-01,TABLET-WO-04038,1,SET5,3,OPER002,P039|P039,mapped
TABLET-WO-04039-OP-01,TABLET-WO-04039,1,SET5,3,OPER002,P039|P039,mapped
TABLET-WO-04040-OP-01,TABLET-WO-04040,1,SET5,1,OPER002,P039|P039,mapped
TABLET-WO-04041-OP-01,TABLET-WO-04041,1,SET5,1,OPER002,P039|P039,mapped
TABLET-WO-04042-OP-01,TABLET-WO-04042,1,SET5,1,OPER002,P039|P039,mapped
TABLET-WO-04043-OP-01,TABLET-WO-04043,1,SET5,1,OPER002,P039|P039,mapped
TABLET-WO-04044-OP-01,TABLET-WO-04044,1,SET5,1,OPER002,P039|P039,mapped
TABLET-WO-04045-OP-01,TABLET-WO-04045,1,SET5,2,OPER002,P039|P039,mapped
TABLET-WO-04046-OP-01,TABLET-WO-04046,1,SET5,2,OPER002,P039|P039,mapped
TABLET-WO-04047-OP-01,TABLET-WO-04047,1,SET5,2,OPER002,P039|P039,mapped
TABLET-WO-04048-OP-01,TABLET-WO-04048,1,SET5,1,OPER002,P039|P039,mapped
TABLET-WO-04049-OP-01,TABLET-WO-04049,1,SET5,2,OPER002,P039|P039,mapped
TABLET-WO-04050-OP-01,TABLET-WO-04050,1,SET5,1,OPER002,P039|P039,mapped
TABLET-WO-04051-OP-01,TABLET-WO-04051,1,SET5,1,OPER002,P039|P039,mapped
TABLET-WO-04052-OP-01,TABLET-WO-04052,1,SET5,1,OPER002,P039|P039,mapped
TABLET-WO-04053-OP-01,TABLET-WO-04053,1,SET5,1,OPER002,P039|P039,mapped
TABLET-WO-04054-OP-01,TABLET-WO-04054,1,SET5,1,OPER002,P039|P039,mapped
TABLET-WO-04055-OP-01,TABLET-WO-04055,1,SET5,1,OPER002,P039|P039,mapped
TABLET-WO-04056-OP-01,TABLET-WO-04056,1,SET5,1,OPER002,P039|P039,mapped
TABLET-WO-04057-OP-01,TABLET-WO-04057,1,SET5,1,OPER002,P039|P039,mapped
TABLET-WO-04058-OP-01,TABLET-WO-04058,1,SET5,1,OPER002,P039|P039,mapped
TABLET-WO-04059-OP-01,TABLET-WO-04059,1,SET5,1,OPER002,P039|P039,mapped
TABLET-WO-04060-OP-01,TABLET-WO-04060,1,SET5,1,OPER002,P039|P039,mapped
TABLET-WO-04061-OP-01,TABLET-WO-04061,1,SET5,1,OPER002,P039|P039,mapped
TABLET-WO-04062-OP-01,TABLET-WO-04062,1,SET5,7,OPER002,P039|P039,mapped
TABLET-WO-04063-OP-01,TABLET-WO-04063,1,SET5,7,OPER002,P039|P039,mapped
TABLET-WO-04064-OP-01,TABLET-WO-04064,1,SET5,6,OPER002,P039|P039,mapped
TABLET-WO-04065-OP-01,TABLET-WO-04065,1,SET5,6,OPER002,P039|P039,mapped
TABLET-WO-04066-OP-01,TABLET-WO-04066,1,SET5,1,OPER002,P039|P039,mapped
TABLET-WO-04067-OP-01,TABLET-WO-04067,1,SET5,1,OPER002,P039|P039,mapped
TABLET-WO-04068-OP-01,TABLET-WO-04068,1,SET5,1,OPER002,P039|P039,mapped
TABLET-WO-04069-OP-01,TABLET-WO-04069,1,SET5,1,OPER002,P039|P039,mapped
TABLET-WO-04070-OP-01,TABLET-WO-04070,1,SET5,1,OPER002,P039|P039,mapped
TABLET-WO-04071-OP-01,TABLET-WO-04071,1,SET5,1,OPER002,P039|P039,mapped
TABLET-WO-04072-OP-01,TABLET-WO-04072,1,SET5,1,OPER002,P039|P039,mapped
TABLET-WO-04073-OP-01,TABLET-WO-04073,1,SET5,1,OPER002,P039|P039,mapped
TABLET-WO-04074-OP-01,TABLET-WO-04074,1,SET5,1,OPER002,P039|P039,mapped
TABLET-WO-04075-OP-01,TABLET-WO-04075,1,SET5,2,OPER002,P039|P039,mapped
TABLET-WO-04076-OP-01,TABLET-WO-04076,1,SET5,2,OPER002,P039|P039,mapped
TABLET-WO-04077-OP-01,TABLET-WO-04077,1,SET5,2,OPER002,P039|P039,mapped
TABLET-WO-04078-OP-01,TABLET-WO-04078,1,SET5,2,OPER002,P039|P039,mapped
TABLET-WO-04079-OP-01,TABLET-WO-04079,1,SET5,1,OPER002,P039|P039,mapped
TABLET-WO-04080-OP-01,TABLET-WO-04080,1,SET5,1,OPER002,P039|P039,mapped
TABLET-WO-04081-OP-01,TABLET-WO-04081,1,SET5,1,OPER002,P039|P039,mapped
TABLET-WO-04082-OP-01,TABLET-WO-04082,1,SET5,1,OPER002,P039|P039,mapped
TABLET-WO-04083-OP-01,TABLET-WO-04083,1,SET5,1,OPER002,P039|P039,mapped
TABLET-WO-04084-OP-01,TABLET-WO-04084,1,SET5,2,OPER002,P039|P039,mapped
TABLET-WO-04085-OP-01,TABLET-WO-04085,1,SET5,4,OPER002,P039|P039,mapped
TABLET-WO-04086-OP-01,TABLET-WO-04086,1,SET5,3,OPER002,P039|P039,mapped
TABLET-WO-04087-OP-01,TABLET-WO-04087,1,SET5,3,OPER002,P039|P039,mapped
TABLET-WO-04088-OP-01,TABLET-WO-04088,1,SET5,1,OPER002,P039|P039,mapped
TABLET-WO-04089-OP-01,TABLET-WO-04089,1,SET5,1,OPER002,P039|P039,mapped
TABLET-WO-04090-OP-01,TABLET-WO-04090,1,SET5,1,OPER002,P039|P039,mapped
TABLET-WO-04091-OP-01,TABLET-WO-04091,1,SET5,1,OPER002,P039|P039,mapped
TABLET-WO-04092-OP-01,TABLET-WO-04092,1,SET5,1,OPER002,P039|P039,mapped
TABLET-WO-04093-OP-01,TABLET-WO-04093,1,SET5,1,OPER002,P039|P039,mapped
TABLET-WO-04094-OP-01,TABLET-WO-04094,1,SET5,1,OPER002,P039|P039,mapped
TABLET-WO-04095-OP-01,TABLET-WO-04095,1,SET5,1,OPER002,P039|P039,mapped
TABLET-WO-04096-OP-01,TABLET-WO-04096,1,SET5,1,OPER002,P039|P039,mapped
TABLET-WO-04097-OP-01,TABLET-WO-04097,1,SET5,4,OPER002,P039|P039,mapped
TABLET-WO-04098-OP-01,TABLET-WO-04098,1,SET5,5,OPER002,P039|P039,mapped
TABLET-WO-04099-OP-01,TABLET-WO-04099,1,SET5,3,OPER002,P039|P039,mapped
TABLET-WO-04100-OP-01,TABLET-WO-04100,1,SET5,4,OPER002,P039|P039,mapped
TABLET-WO-04101-OP-01,TABLET-WO-04101,1,SET5,1,OPER002,P039|P039,mapped
TABLET-WO-04102-OP-01,TABLET-WO-04102,1,SET5,6,OPER002,P039|P039,mapped
TABLET-WO-04103-OP-01,TABLET-WO-04103,1,SET5,5,OPER002,P039|P039,mapped
TABLET-WO-04104-OP-01,TABLET-WO-04104,1,SET5,7,OPER002,P039|P039,mapped
TABLET-WO-04105-OP-01,TABLET-WO-04105,1,SET5,1,OPER002,P039|P039,mapped
TABLET-WO-04106-OP-01,TABLET-WO-04106,1,SET5,1,OPER002,P039|P039,mapped
TABLET-WO-04107-OP-01,TABLET-WO-04107,1,SET5,1,OPER002,P039|P039,mapped
TABLET-WO-04108-OP-01,TABLET-WO-04108,1,SET5,1,OPER002,P039|P039,mapped
TABLET-WO-04109-OP-01,TABLET-WO-04109,1,SET5,1,OPER002,P039|P039,mapped
TABLET-WO-04110-OP-01,TABLET-WO-04110,1,SET5,3,OPER002,P039|P039,mapped
TABLET-WO-04111-OP-01,TABLET-WO-04111,1,SET5,2,OPER002,P039|P039,mapped
TABLET-WO-04112-OP-01,TABLET-WO-04112,1,SET5,2,OPER002,P039|P039,mapped
TABLET-WO-04113-OP-01,TABLET-WO-04113,1,SET5,2,OPER002,P039|P039,mapped
TABLET-WO-04114-OP-01,TABLET-WO-04114,1,SET5,2,OPER002,P039|P039,mapped
TABLET-WO-04115-OP-01,TABLET-WO-04115,1,SET5,1,OPER002,P039|P039,mapped
TABLET-WO-04116-OP-01,TABLET-WO-04116,1,SET5,1,OPER002,P039|P039,mapped
TABLET-WO-04117-OP-01,TABLET-WO-04117,1,SET5,1,OPER002,P039|P039,mapped
TABLET-WO-04118-OP-01,TABLET-WO-04118,1,SET5,1,OPER002,P039|P039,mapped
TABLET-WO-04119-OP-01,TABLET-WO-04119,1,SET5,4,OPER002,P039|P039,mapped
TABLET-WO-04120-OP-01,TABLET-WO-04120,1,SET5,4,OPER002,P039|P039,mapped
TABLET-WO-04121-OP-01,TABLET-WO-04121,1,SET5,3,OPER002,P039|P039,mapped
TABLET-WO-04122-OP-01,TABLET-WO-04122,1,SET5,1,OPER002,P039|P039,mapped
TABLET-WO-04123-OP-01,TABLET-WO-04123,1,SET5,4,OPER002,P039|P039,mapped
TABLET-WO-04124-OP-01,TABLET-WO-04124,1,SET5,3,OPER002,P039|P039,mapped
TABLET-WO-04125-OP-01,TABLET-WO-04125,1,SET5,5,OPER002,P039|P039,mapped
TABLET-WO-04126-OP-01,TABLET-WO-04126,1,SET5,3,OPER002,P039|P039,mapped
TABLET-WO-04127-OP-01,TABLET-WO-04127,1,SET5,1,OPER002,P039|P039,mapped
TABLET-WO-04128-OP-01,TABLET-WO-04128,1,SET5,1,OPER002,P039|P039,mapped
TABLET-WO-04129-OP-01,TABLET-WO-04129,1,SET5,1,OPER002,P039|P039,mapped
TABLET-WO-04130-OP-01,TABLET-WO-04130,1,SET5,1,OPER002,P039|P039,mapped
TABLET-WO-04131-OP-01,TABLET-WO-04131,1,SET5,1,OPER002,P039|P039,mapped
TABLET-WO-04132-OP-01,TABLET-WO-04132,1,SET5,2,OPER002,P039|P039,mapped
TABLET-WO-04133-OP-01,TABLET-WO-04133,1,SET5,2,OPER002,P039|P039,mapped
TABLET-WO-04134-OP-01,TABLET-WO-04134,1,SET5,2,OPER002,P039|P039,mapped
TABLET-WO-04135-OP-01,TABLET-WO-04135,1,SET5,1,OPER002,P039|P039,mapped
TABLET-WO-04136-OP-01,TABLET-WO-04136,1,SET5,7,OPER002,P039|P039,mapped
TABLET-WO-04137-OP-01,TABLET-WO-04137,1,SET5,6,OPER002,P039|P039,mapped
TABLET-WO-04138-OP-01,TABLET-WO-04138,1,SET5,6,OPER002,P039|P039,mapped
TABLET-WO-04139-OP-01,TABLET-WO-04139,1,SET5,7,OPER002,P039|P039,mapped
TABLET-WO-04140-OP-01,TABLET-WO-04140,1,SET5,1,OPER002,P039|P039,mapped
TABLET-WO-04141-OP-01,TABLET-WO-04141,1,SET5,1,OPER002,P039|P039,mapped
TABLET-WO-04142-OP-01,TABLET-WO-04142,1,SET5,1,OPER002,P039|P039,mapped
TABLET-WO-04143-OP-01,TABLET-WO-04143,1,SET5,1,OPER002,P039|P039,mapped
TABLET-WO-04144-OP-01,TABLET-WO-04144,1,SET5,1,OPER002,P039|P039,mapped
