work_order_id,product_id,product_name,quantity,priority,due_time,status,problem_instance
TABLET-WO-00001,P005,P005,2200,0,2018-02-08T00:00:00+00:00,planned,SET1
TABLET-WO-00002,P005,P005,3800,0,2018-02-01T00:00:00+00:00,planned,SET1
TABLET-WO-00003,P005,P005,2800,0,2018-02-22T00:00:00+00:00,planned,SET1
TABLET-WO-00004,P005,P005,2400,0,2018-02-15T00:00:00+00:00,planned,SET1
TABLET-WO-00005,P005,P005,4400,0,2018-03-22T00:00:00+00:00,planned,SET1
TABLET-WO-00006,P005,P005,5100,0,2018-03-29T00:00:00+00:00,planned,SET1
TABLET-WO-00007,P005,P005,4100,0,2018-03-01T00:00:00+00:00,planned,SET1
TABLET-WO-00008,P005,P005,3400,0,2018-03-08T00:00:00+00:00,planned,SET1
TABLET-WO-00009,P005,P005,0,0,2018-03-15T00:00:00+00:00,planned,SET1
TABLET-WO-00010,P005,P005,0,0,2018-04-26T00:00:00+00:00,planned,SET1
TABLET-WO-00011,P005,P005,0,0,2018-04-19T00:00:00+00:00,planned,SET1
TABLET-WO-00012,P005,P005,0,0,2018-04-05T00:00:00+00:00,planned,SET1
TABLET-WO-00013,P005,P005,0,0,2018-04-12T00:00:00+00:00,planned,SET1
TABLET-WO-00014,P005,P005,3300,0,2018-05-24T00:00:00+00:00,planned,SET1
TABLET-WO-00015,P005,P005,3800,0,2018-05-31T00:00:00+00:00,planned,SET1
TABLET-WO-00016,P005,P005,2200,0,2018-05-17T00:00:00+00:00,planned,SET1
TABLET-WO-00017,P005,P005,2700,0,2018-05-03T00:00:00+00:00,planned,SET1
TABLET-WO-00018,P005,P005,2400,0,2018-05-10T00:00:00+00:00,planned,SET1
TABLET-WO-00019,P005,P005,1200,0,2018-06-07T00:00:00+00:00,planned,SET1
TABLET-WO-00020,P005,P005,1200,0,2018-06-28T00:00:00+00:00,planned,SET1
TABLET-WO-00021,P005,P005,2000,0,2018-06-21T00:00:00+00:00,planned,SET1
TABLET-WO-00022,P005,P005,0,0,2018-06-14T00:00:00+00:00,planned,SET1
TABLET-WO-00023,P005,P005,0,0,2018-07-12T00:00:00+00:00,planned,SET1
TABLET-WO-00024,P005,P005,0,0,2018-07-26T00:00:00+00:00,planned,SET1
TABLET-WO-00025,P005,P005,0,0,2018-07-19T00:00:00+00:00,planned,SET1
TABLET-WO-00026,P005,P005,0,0,2018-07-05T00:00:00+00:00,planned,SET1
TABLET-WO-00027,P005,P005,0,0,2018-08-16T00:00:00+00:00,planned,SET1
TABLET-WO-00028,P005,P005,0,0,2018-08-23T00:00:00+00:00,planned,SET1
TABLET-WO-00029,P005,P005,0,0,2018-08-09T00:00:00+00:00,planned,SET1
TABLET-WO-00030,P005,P005,0,0,2018-08-30T00:00:00+00:00,planned,SET1
TABLET-WO-00031,P005,P005,0,0,2018-08-02T00:00:00+00:00,planned,SET1
TABLET-WO-00032,P005,P005,0,0,2018-09-13T00:00:00+00:00,planned,SET1
TABLET-WO-00033,P005,P005,0,0,2018-09-27T00:00:00+00:00,planned,SET1
TABLET-WO-00034,P005,P005,0,0,2018-09-06T00:00:00+00:00,planned,SET1
TABLET-WO-00035,P005,P005,0,0,2018-09-20T00:00:00+00:00,planned,SET1
TABLET-WO-00036,P005,P005,0,0,2018-10-25T00:00:00+00:00,planned,SET1
TABLET-WO-00037,P005,P005,0,0,2018-10-04T00:00:00+00:00,planned,SET1
TABLET-WO-00038,P005,P005,0,0,2018-10-18T00:00:00+00:00,planned,SET1
TABLET-WO-00039,P005,P005,0,0,2018-10-11T00:00:00+00:00,planned,SET1
TABLET-WO-00040,P005,P005,4600,0,2018-11-29T00:00:00+00:00,planned,SET1
TABLET-WO-00041,P005,P005,5000,0,2018-11-15T00:00:00+00:00,planned,SET1
TABLET-WO-00042,P005,P005,3300,0,2018-11-08T00:00:00+00:00,planned,SET1
TABLET-WO-00043,P005,P005,3000,0,2018-11-01T00:00:00+00:00,planned,SET1
TABLET-WO-00044,P005,P005,3300,0,2018-11-22T00:00:00+00:00,planned,SET1
TABLET-WO-00045,P005,P005,0,0,2018-12-06T00:00:00+00:00,planned,SET1
TABLET-WO-00046,P005,P005,0,0,2018-12-20T00:00:00+00:00,planned,SET1
TABLET-WO-00047,P005,P005,0,0,2018-12-27T00:00:00+00:00,planned,SET1
TABLET-WO-00048,P005,P005,0,0,2018-12-13T00:00:00+00:00,planned,SET1
TABLET-WO-00049,P005,P005,600,0,2019-01-03T00:00:00+00:00,planned,SET1
TABLET-WO-00050,P005,P005,600,0,2019-01-31T00:00:00+00:00,planned,SET1
TABLET-WO-00051,P005,P005,700,0,2019-01-10T00:00:00+00:00,planned,SET1
TABLET-WO-00052,P005,P005,700,0,2019-01-24T00:00:00+00:00,planned,SET1
TABLET-WO-00053,P005,P005,0,0,2019-01-17T00:00:00+00:00,planned,SET1
TABLET-WO-00054,P005,P005,3100,0,2019-02-07T00:00:00+00:00,planned,SET1
TABLET-WO-00055,P005,P005,2500,0,2019-02-14T00:00:00+00:00,planned,SET1
TABLET-WO-00056,P005,P005,2500,0,2019-02-28T00:00:00+00:00,planned,SET1
TABLET-WO-00057,P005,P005,2700,0,2019-02-21T00:00:00+00:00,planned,SET1
TABLET-WO-00058,P005,P005,0,0,2019-03-28T00:00:00+00:00,planned,SET1
TABLET-WO-00059,P005,P005,0,0,2019-03-07T00:00:00+00:00,planned,SET1
TABLET-WO-00060,P005,P005,0,0,2019-03-14T00:00:00+00:00,planned,SET1
TABLET-WO-00061,P005,P005,0,0,2019-03-21T00:00:00+00:00,planned,SET1
TABLET-WO-00062,P005,P005,600,0,2019-04-11T00:00:00+00:00,planned,SET1
TABLET-WO-00063,P005,P005,300,0,2019-04-25T00:00:00+00:00,planned,SET1
TABLET-WO-00064,P005,P005,300,0,2019-04-18T00:00:00+00:00,planned,SET1
TABLET-WO-00065,P005,P005,0,0,2019-04-04T00:00:00+00:00,planned,SET1
TABLET-WO-00066,P005,P005,200,0,2019-05-30T00:00:00+00:00,planned,SET1
TABLET-WO-00067,P005,P005,200,0,2019-05-02T00:00:00+00:00,planned,SET1
TABLET-WO-00068,P005,P005,300,0,2019-05-16T00:00:00+00:00,planned,SET1
TABLET-WO-00069,P005,P005,200,0,2019-05-23T00:00:00+00:00,planned,SET1
TABLET-WO-00070,P005,P005,300,0,2019-05-09T00:00:00+00:00,planned,SET1
TABLET-WO-00071,P005,P005,0,0,2019-06-27T00:00:00+00:00,planned,SET1
TABLET-WO-00072,P005,P005,0,0,2019-06-20T00:00:00+00:00,planned,SET1
TABLET-WO-00073,P005,P005,0,0,2019-06-06T00:00:00+00:00,planned,SET1
TABLET-WO-00074,P005,P005,0,0,2019-06-13T00:00:00+00:00,planned,SET1
TABLET-WO-00075,P005,P005,1200,0,2019-07-25T00:00:00+00:00,planned,SET1
TABLET-WO-00076,P005,P005,1300,0,2019-07-18T00:00:00+00:00,planned,SET1
TABLET-WO-00077,P005,P005,1100,0,2019-07-11T00:00:00+00:00,planned,SET1
TABLET-WO-00078,P005,P005,0,0,2019-07-04T00:00:00+00:00,planned,SET1
TABLET-WO-00079,P005,P005,0,0,2019-08-22T00:00:00+00:00,planned,SET1
TABLET-WO-00080,P005,P005,0,0,2019-08-15T00:00:00+00:00,planned,SET1
TABLET-WO-00081,P005,P005,0,0,2019-08-29T00:00:00+00:00,planned,SET1
TABLET-WO-00082,P005,P005,0,0,2019-08-08T00:00:00+00:00,planned,SET1
TABLET-WO-00083,P005,P005,0,0,2019-08-01T00:00:00+00:00,planned,SET1
TABLET-WO-00084,P005,P005,0,0,2019-09-05T00:00:00+00:00,planned,SET1
TABLET-WO-00085,P005,P005,0,0,2019-09-12T00:00:00+00:00,planned,SET1
TABLET-WO-00086,P005,P005,0,0,2019-09-26T00:00:00+00:00,planned,SET1
TABLET-WO-00087,P005,P005,0,0,2019-09-19T00:00:00+00:00,planned,SET1
TABLET-WO-00088,P005,P005,500,0,2019-10-31T00:00:00+00:00,planned,SET1
TABLET-WO-00089,P005,P005,600,0,2019-10-03T00:00:00+00:00,planned,SET1
TABLET-WO-00090,P005,P005,400,0,2019-10-10T00:00:00+00:00,planned,SET1
TABLET-WO-00091,P005,P005,400,0,2019-10-17T00:00:00+00:00,planned,SET1
TABLET-WO-00092,P005,P005,400,0,2019-10-24T00:00:00+00:00,planned,SET1
TABLET-WO-00093,P005,P005,2800,0,2019-11-07T00:00:00+00:00,planned,SET1
TABLET-WO-00094,P005,P005,4600,0,2019-11-14T00:00:00+00:00,planned,SET1
TABLET-WO-00095,P005,P005,3500,0,2019-11-21T00:00:00+00:00,planned,SET1
TABLET-WO-00096,P005,P005,3700,0,2019-11-28T00:00:00+00:00,planned,SET1
TABLET-WO-00097,P005,P005,0,0,2019-12-19T00:00:00+00:00,planned,SET1
TABLET-WO-00098,P005,P005,0,0,2019-12-05T00:00:00+00:00,planned,SET1
TABLET-WO-00099,P005,P005,0,0,2019-12-26T00:00:00+00:00,planned,SET1
TABLET-WO-00100,P005,P005,0,0,2019-12-12T00:00:00+00:00,planned,SET1
TABLET-WO-00101,P005,P005,400,0,2020-01-16T00:00:00+00:00,planned,SET1
TABLET-WO-00102,P005,P005,300,0,2020-01-23T00:00:00+00:00,planned,SET1
TABLET-WO-00103,P005,P005,400,0,2020-01-30T00:00:00+00:00,planned,SET1
TABLET-WO-00104,P005,P005,400,0,2020-01-02T00:00:00+00:00,planned,SET1
TABLET-WO-00105,P005,P005,300,0,2020-01-09T00:00:00+00:00,planned,SET1
TABLET-WO-00106,P005,P005,100,0,2020-02-27T00:00:00+00:00,planned,SET1
TABLET-WO-00107,P005,P005,100,0,2020-02-06T00:00:00+00:00,planned,SET1
TABLET-WO-00108,P005,P005,100,0,2020-02-20T00:00:00+00:00,planned,SET1
TABLET-WO-00109,P005,P005,0,0,2020-02-13T00:00:00+00:00,planned,SET1
TABLET-WO-00110,P005,P005,0,0,2020-03-12T00:00:00+00:00,planned,SET1
TABLET-WO-00111,P005,P005,0,0,2020-03-26T00:00:00+00:00,planned,SET1
TABLET-WO-00112,P005,P005,0,0,2020-03-05T00:00:00+00:00,planned,SET1
TABLET-WO-00113,P005,P005,0,0,2020-03-19T00:00:00+00:00,planned,SET1
TABLET-WO-00114,P005,P005,1700,0,2020-04-16T00:00:00+00:00,planned,SET1
TABLET-WO-00115,P005,P005,1900,0,2020-04-23T00:00:00+00:00,planned,SET1
TABLET-WO-00116,P005,P005,1900,0,2020-04-09T00:00:00+00:00,planned,SET1
TABLET-WO-00117,P005,P005,1900,0,2020-04-30T00:00:00+00:00,planned,SET1
TABLET-WO-00118,P005,P005,0,0,2020-04-02T00:00:00+00:00,planned,SET1
TABLET-WO-00119,P005,P005,0,0,2020-05-14T00:00:00+00:00,planned,SET1
TABLET-WO-00120,P005,P005,0,0,2020-05-21T00:00:00+00:00,planned,SET1
TABLET-WO-00121,P005,P005,0,0,2020-05-28T00:00:00+00:00,planned,SET1
TABLET-WO-00122,P005,P005,0,0,2020-05-07T00:00:00+00:00,planned,SET1
TABLET-WO-00123,P005,P005,1400,0,2020-06-18T00:00:00+00:00,planned,SET1
TABLET-WO-00124,P005,P005,1600,0,2020-06-04T00:00:00+00:00,planned,SET1
TABLET-WO-00125,P005,P005,1600,0,2020-06-11T00:00:00+00:00,planned,SET1
TABLET-WO-00126,P005,P005,800,0,2020-06-25T00:00:00+00:00,planned,SET1
TABLET-WO-00127,P005,P005,3300,0,2020-07-30T00:00:00+00:00,planned,SET1
TABLET-WO-00128,P005,P005,3200,0,2020-07-09T00:00:00+00:00,planned,SET1
TABLET-WO-00129,P005,P005,2700,0,2020-07-16T00:00:00+00:00,planned,SET1
TABLET-WO-00130,P005,P005,2200,0,2020-07-23T00:00:00+00:00,planned,SET1
TABLET-WO-00131,P005,P005,2900,0,2020-07-02T00:00:00+00:00,planned,SET1
TABLET-WO-00132,P005,P005,0,0,2020-08-20T00:00:00+00:00,planned,SET1
TABLET-WO-00133,P005,P005,0,0,2020-08-06T00:00:00+00:00,planned,SET1
TABLET-WO-00134,P005,P005,0,0,2020-08-27T00:00:00+00:00,planned,SET1
TABLET-WO-00135,P005,P005,0,0,2020-08-13T00:00:00+00:00,planned,SET1
TABLET-WO-00136,P005,P005,200,0,2020-09-17T00:00:00+00:00,planned,SET1
TABLET-WO-00137,P005,P005,200,0,2020-09-10T00:00:00+00:00,planned,SET1
TABLET-WO-00138,P005,P005,200,0,2020-09-24T00:00:00+00:00,planned,SET1
TABLET-WO-00139,P005,P005,0,0,2020-09-03T00:00:00+00:00,planned,SET1
TABLET-WO-00140,P005,P005,1900,0,2020-10-08T00:00:00+00:00,planned,SET1
TABLET-WO-00141,P005,P005,1800,0,2020-10-22T00:00:00+00:00,planned,SET1
TABLET-WO-00142,P005,P005,2100,0,2020-10-15T00:00:00+00:00,planned,SET1
TABLET-WO-00143,P005,P005,2600,0,2020-10-01T00:00:00+00:00,planned,SET1
TABLET-WO-00144,P005,P005,2400,0,2020-10-29T00:00:00+00:00,planned,SET1
TABLET-WO-00145,P005,P005,0,0,2020-11-19T00:00:00+00:00,planned,SET1
TABLET-WO-00146,P005,P005,0,0,2020-11-26T00:00:00+00:00,planned,SET1
TABLET-WO-00147,P005,P005,0,0,2020-11-12T00:00:00+00:00,planned,SET1
TABLET-WO-00148,P005,P005,0,0,2020-11-05T00:00:00+00:00,planned,SET1
TABLET-WO-00149,P006,P006,200,0,2018-02-08T00:00:00+00:00,planned,SET1
TABLET-WO-00150,P006,P006,0,0,2018-02-01T00:00:00+00:00,planned,SET1
TABLET-WO-00151,P006,P006,100,0,2018-02-22T00:00:00+00:00,planned,SET1
TABLET-WO-00152,P006,P006,200,0,2018-02-15T00:00:00+00:00,planned,SET1
TABLET-WO-00153,P006,P006,1900,0,2018-03-22T00:00:00+00:00,planned,SET1
TABLET-WO-00154,P006,P006,3000,0,2018-03-29T00:00:00+00:00,planned,SET1
TABLET-WO-00155,P006,P006,3700,0,2018-03-01T00:00:00+00:00,planned,SET1
TABLET-WO-00156,P006,P006,2800,0,2018-03-08T00:00:00+00:00,planned,SET1
TABLET-WO-00157,P006,P006,2400,0,2018-03-15T00:00:00+00:00,planned,SET1
TABLET-WO-00158,P006,P006,0,0,2018-04-26T00:00:00+00:00,planned,SET1
TABLET-WO-00159,P006,P006,2300,0,2018-04-19T00:00:00+00:00,planned,SET1
TABLET-WO-00160,P006,P006,2900,0,2018-04-05T00:00:00+00:00,planned,SET1
TABLET-WO-00161,P006,P006,2900,0,2018-04-12T00:00:00+00:00,planned,SET1
TABLET-WO-00162,P006,P006,2000,0,2018-05-24T00:00:00+00:00,planned,SET1
TABLET-WO-00163,P006,P006,2900,0,2018-05-31T00:00:00+00:00,planned,SET1
TABLET-WO-00164,P006,P006,2800,0,2018-05-17T00:00:00+00:00,planned,SET1
TABLET-WO-00165,P006,P006,2500,0,2018-05-03T00:00:00+00:00,planned,SET1
TABLET-WO-00166,P006,P006,2800,0,2018-05-10T00:00:00+00:00,planned,SET1
TABLET-WO-00167,P006,P006,1000,0,2018-06-07T00:00:00+00:00,planned,SET1
TABLET-WO-00168,P006,P006,900,0,2018-06-28T00:00:00+00:00,planned,SET1
TABLET-WO-00169,P006,P006,1300,0,2018-06-21T00:00:00+00:00,planned,SET1
TABLET-WO-00170,P006,P006,800,0,2018-06-14T00:00:00+00:00,planned,SET1
TABLET-WO-00171,P006,P006,900,0,2018-07-12T00:00:00+00:00,planned,SET1
TABLET-WO-00172,P006,P006,1100,0,2018-07-26T00:00:00+00:00,planned,SET1
TABLET-WO-00173,P006,P006,1500,0,2018-07-19T00:00:00+00:00,planned,SET1
TABLET-WO-00174,P006,P006,1600,0,2018-07-05T00:00:00+00:00,planned,SET1
TABLET-WO-00175,P006,P006,1800,0,2018-08-16T00:00:00+00:00,planned,SET1
TABLET-WO-00176,P006,P006,1100,0,2018-08-23T00:00:00+00:00,planned,SET1
TABLET-WO-00177,P006,P006,1600,0,2018-08-09T00:00:00+00:00,planned,SET1
TABLET-WO-00178,P006,P006,1200,0,2018-08-30T00:00:00+00:00,planned,SET1
TABLET-WO-00179,P006,P006,1900,0,2018-08-02T00:00:00+00:00,planned,SET1
TABLET-WO-00180,P006,P006,1800,0,2018-09-13T00:00:00+00:00,planned,SET1
TABLET-WO-00181,P006,P006,0,0,2018-09-27T00:00:00+00:00,planned,SET1
TABLET-WO-00182,P006,P006,1900,0,2018-09-06T00:00:00+00:00,planned,SET1
TABLET-WO-00183,P006,P006,1700,0,2018-09-20T00:00:00+00:00,planned,SET1
TABLET-WO-00184,P006,P006,1600,0,2018-10-25T00:00:00+00:00,planned,SET1
TABLET-WO-00185,P006,P006,1400,0,2018-10-04T00:00:00+00:00,planned,SET1
TABLET-WO-00186,P006,P006,0,0,2018-10-18T00:00:00+00:00,planned,SET1
TABLET-WO-00187,P006,P006,1500,0,2018-10-11T00:00:00+00:00,planned,SET1
TABLET-WO-00188,P006,P006,2000,0,2018-11-29T00:00:00+00:00,planned,SET1
TABLET-WO-00189,P006,P006,1300,0,2018-11-15T00:00:00+00:00,planned,SET1
TABLET-WO-00190,P006,P006,2000,0,2018-11-08T00:00:00+00:00,planned,SET1
TABLET-WO-00191,P006,P006,2100,0,2018-11-01T00:00:00+00:00,planned,SET1
TABLET-WO-00192,P006,P006,1200,0,2018-11-22T00:00:00+00:00,planned,SET1
TABLET-WO-00193,P006,P006,0,0,2018-12-06T00:00:00+00:00,planned,SET1
TABLET-WO-00194,P006,P006,1600,0,2018-12-20T00:00:00+00:00,planned,SET1
TABLET-WO-00195,P006,P006,1700,0,2018-12-27T00:00:00+00:00,planned,SET1
TABLET-WO-00196,P006,P006,1800,0,2018-12-13T00:00:00+00:00,planned,SET1
TABLET-WO-00197,P006,P006,2300,0,2019-01-03T00:00:00+00:00,planned,SET1
TABLET-WO-00198,P006,P006,1900,0,2019-01-31T00:00:00+00:00,planned,SET1
TABLET-WO-00199,P006,P006,2100,0,2019-01-10T00:00:00+00:00,planned,SET1
TABLET-WO-00200,P006,P006,1500,0,2019-01-24T00:00:00+00:00,planned,SET1
TABLET-WO-00201,P006,P006,2700,0,2019-01-17T00:00:00+00:00,planned,SET1
TABLET-WO-00202,P006,P006,2500,0,2019-02-07T00:00:00+00:00,planned,SET1
TABLET-WO-00203,P006,P006,2800,0,2019-02-14T00:00:00+00:00,planned,SET1
TABLET-WO-00204,P006,P006,3800,0,2019-02-28T00:00:00+00:00,planned,SET1
TABLET-WO-00205,P006,P006,3400,0,2019-02-21T00:00:00+00:00,planned,SET1
TABLET-WO-00206,P006,P006,3200,0,2019-03-28T00:00:00+00:00,planned,SET1
TABLET-WO-00207,P006,P006,3100,0,2019-03-07T00:00:00+00:00,planned,SET1
TABLET-WO-00208,P006,P006,2500,0,2019-03-14T00:00:00+00:00,planned,SET1
TABLET-WO-00209,P006,P006,2200,0,2019-03-21T00:00:00+00:00,planned,SET1
TABLET-WO-00210,P006,P006,1500,0,2019-04-11T00:00:00+00:00,planned,SET1
TABLET-WO-00211,P006,P006,1500,0,2019-04-25T00:00:00+00:00,planned,SET1
TABLET-WO-00212,P006,P006,2500,0,2019-04-18T00:00:00+00:00,planned,SET1
TABLET-WO-00213,P006,P006,1600,0,2019-04-04T00:00:00+00:00,planned,SET1
TABLET-WO-00214,P006,P006,1400,0,2019-05-30T00:00:00+00:00,planned,SET1
TABLET-WO-00215,P006,P006,0,0,2019-05-02T00:00:00+00:00,planned,SET1
TABLET-WO-00216,P006,P006,1600,0,2019-05-16T00:00:00+00:00,planned,SET1
TABLET-WO-00217,P006,P006,1300,0,2019-05-23T00:00:00+00:00,planned,SET1
TABLET-WO-00218,P006,P006,2000,0,2019-05-09T00:00:00+00:00,planned,SET1
TABLET-WO-00219,P006,P006,0,0,2019-06-27T00:00:00+00:00,planned,SET1
TABLET-WO-00220,P006,P006,2200,0,2019-06-20T00:00:00+00:00,planned,SET1
TABLET-WO-00221,P006,P006,2300,0,2019-06-06T00:00:00+00:00,planned,SET1
TABLET-WO-00222,P006,P006,1800,0,2019-06-13T00:00:00+00:00,planned,SET1
TABLET-WO-00223,P006,P006,1600,0,2019-07-25T00:00:00+00:00,planned,SET1
TABLET-WO-00224,P006,P006,0,0,2019-07-18T00:00:00+00:00,planned,SET1
TABLET-WO-00225,P006,P006,1800,0,2019-07-11T00:00:00+00:00,planned,SET1
TABLET-WO-00226,P006,P006,1600,0,2019-07-04T00:00:00+00:00,planned,SET1
TABLET-WO-00227,P006,P006,0,0,2019-08-22T00:00:00+00:00,planned,SET1
TABLET-WO-00228,P006,P006,2800,0,2019-08-15T00:00:00+00:00,planned,SET1
TABLET-WO-00229,P006,P006,2800,0,2019-08-29T00:00:00+00:00,planned,SET1
TABLET-WO-00230,P006,P006,2400,0,2019-08-08T00:00:00+00:00,planned,SET1
TABLET-WO-00231,P006,P006,2000,0,2019-08-01T00:00:00+00:00,planned,SET1
TABLET-WO-00232,P006,P006,0,0,2019-09-05T00:00:00+00:00,planned,SET1
TABLET-WO-00233,P006,P006,0,0,2019-09-12T00:00:00+00:00,planned,SET1
TABLET-WO-00234,P006,P006,2200,0,2019-09-26T00:00:00+00:00,planned,SET1
TABLET-WO-00235,P006,P006,2900,0,2019-09-19T00:00:00+00:00,planned,SET1
TABLET-WO-00236,P006,P006,3000,0,2019-10-31T00:00:00+00:00,planned,SET1
TABLET-WO-00237,P006,P006,3800,0,2019-10-03T00:00:00+00:00,planned,SET1
TABLET-WO-00238,P006,P006,3400,0,2019-10-10T00:00:00+00:00,planned,SET1
TABLET-WO-00239,P006,P006,3600,0,2019-10-17T00:00:00+00:00,planned,SET1
TABLET-WO-00240,P006,P006,4800,0,2019-10-24T00:00:00+00:00,planned,SET1
TABLET-WO-00241,P006,P006,0,0,2019-11-07T00:00:00+00:00,planned,SET1
TABLET-WO-00242,P006,P006,1900,0,2019-11-14T00:00:00+00:00,planned,SET1
TABLET-WO-00243,P006,P006,2300,0,2019-11-21T00:00:00+00:00,planned,SET1
TABLET-WO-00244,P006,P006,1600,0,2019-11-28T00:00:00+00:00,planned,SET1
TABLET-WO-00245,P006,P006,0,0,2019-12-19T00:00:00+00:00,planned,SET1
TABLET-WO-00246,P006,P006,2900,0,2019-12-05T00:00:00+00:00,planned,SET1
TABLET-WO-00247,P006,P006,3300,0,2019-12-26T00:00:00+00:00,planned,SET1
TABLET-WO-00248,P006,P006,4800,0,2019-12-12T00:00:00+00:00,planned,SET1
TABLET-WO-00249,P006,P006,6600,0,2020-01-16T00:00:00+00:00,planned,SET1
TABLET-WO-00250,P006,P006,6700,0,2020-01-23T00:00:00+00:00,planned,SET1
TABLET-WO-00251,P006,P006,5200,0,2020-01-30T00:00:00+00:00,planned,SET1
TABLET-WO-00252,P006,P006,5500,0,2020-01-02T00:00:00+00:00,planned,SET1
TABLET-WO-00253,P006,P006,0,0,2020-01-09T00:00:00+00:00,planned,SET1
TABLET-WO-00254,P006,P006,300,0,2020-02-27T00:00:00+00:00,planned,SET1
TABLET-WO-00255,P006,P006,0,0,2020-02-06T00:00:00+00:00,planned,SET1
TABLET-WO-00256,P006,P006,300,0,2020-02-20T00:00:00+00:00,planned,SET1
TABLET-WO-00257,P006,P006,400,0,2020-02-13T00:00:00+00:00,planned,SET1
TABLET-WO-00258,P006,P006,0,0,2020-03-12T00:00:00+00:00,planned,SET1
TABLET-WO-00259,P006,P006,0,0,2020-03-26T00:00:00+00:00,planned,SET1
TABLET-WO-00260,P006,P006,0,0,2020-03-05T00:00:00+00:00,planned,SET1
TABLET-WO-00261,P006,P006,0,0,2020-03-19T00:00:00+00:00,planned,SET1
TABLET-WO-00262,P006,P006,3100,0,2020-04-16T00:00:00+00:00,planned,SET1
TABLET-WO-00263,P006,P006,2400,0,2020-04-23T00:00:00+00:00,planned,SET1
TABLET-WO-00264,P006,P006,2200,0,2020-04-09T00:00:00+00:00,planned,SET1
TABLET-WO-00265,P006,P006,0,0,2020-04-30T00:00:00+00:00,planned,SET1
TABLET-WO-00266,P006,P006,2500,0,2020-04-02T00:00:00+00:00,planned,SET1
TABLET-WO-00267,P006,P006,0,0,2020-05-14T00:00:00+00:00,planned,SET1
TABLET-WO-00268,P006,P006,2400,0,2020-05-21T00:00:00+00:00,planned,SET1
TABLET-WO-00269,P006,P006,2200,0,2020-05-28T00:00:00+00:00,planned,SET1
TABLET-WO-00270,P006,P006,1500,0,2020-05-07T00:00:00+00:00,planned,SET1
TABLET-WO-00271,P006,P006,1200,0,2020-06-18T00:00:00+00:00,planned,SET1
TABLET-WO-00272,P006,P006,300,0,2020-06-04T00:00:00+00:00,planned,SET1
TABLET-WO-00273,P006,P006,300,0,2020-06-11T00:00:00+00:00,planned,SET1
TABLET-WO-00274,P006,P006,400,0,2020-06-25T00:00:00+00:00,planned,SET1
TABLET-WO-00275,P006,P006,3200,0,2020-07-30T00:00:00+00:00,planned,SET1
TABLET-WO-00276,P006,P006,4900,0,2020-07-09T00:00:00+00:00,planned,SET1
TABLET-WO-00277,P006,P006,3000,0,2020-07-16T00:00:00+00:00,planned,SET1
TABLET-WO-00278,P006,P006,5100,0,2020-07-23T00:00:00+00:00,planned,SET1
TABLET-WO-00279,P006,P006,2800,0,2020-07-02T00:00:00+00:00,planned,SET1
TABLET-WO-00280,P006,P006,2300,0,2020-08-20T00:00:00+00:00,planned,SET1
TABLET-WO-00281,P006,P006,0,0,2020-08-06T00:00:00+00:00,planned,SET1
TABLET-WO-00282,P006,P006,1800,0,2020-08-27T00:00:00+00:00,planned,SET1
TABLET-WO-00283,P006,P006,0,0,2020-08-13T00:00:00+00:00,planned,SET1
TABLET-WO-00284,P006,P006,1600,0,2020-09-17T00:00:00+00:00,planned,SET1
TABLET-WO-00285,P006,P006,1100,0,2020-09-10T00:00:00+00:00,planned,SET1
TABLET-WO-00286,P006,P006,1100,0,2020-09-24T00:00:00+00:00,planned,SET1
TABLET-WO-00287,P006,P006,1200,0,2020-09-03T00:00:00+00:00,planned,SET1
TABLET-WO-00288,P006,P006,4900,0,2020-10-08T00:00:00+00:00,planned,SET1
TABLET-WO-00289,P006,P006,4600,0,2020-10-22T00:00:00+00:00,planned,SET1
TABLET-WO-00290,P006,P006,3500,0,2020-10-15T00:00:00+00:00,planned,SET1
TABLET-WO-00291,P006,P006,3100,0,2020-10-01T00:00:00+00:00,planned,SET1
TABLET-WO-00292,P006,P006,2600,0,2020-10-29T00:00:00+00:00,planned,SET1
TABLET-WO-00293,P006,P006,0,0,2020-11-19T00:00:00+00:00,planned,SET1
TABLET-WO-00294,P006,P006,2900,0,2020-11-26T00:00:00+00:00,planned,SET1
TABLET-WO-00295,P006,P006,3000,0,2020-11-12T00:00:00+00:00,planned,SET1
TABLET-WO-00296,P006,P006,3100,0,2020-11-05T00:00:00+00:00,planned,SET1
TABLET-WO-00297,P001,P001,0,0,2018-02-08T00:00:00+00:00,planned,SET1
TABLET-WO-00298,P001,P001,0,0,2018-02-15T00:00:00+00:00,planned,SET1
TABLET-WO-00299,P001,P001,0,0,2018-02-01T00:00:00+00:00,planned,SET1
TABLET-WO-00300,P001,P001,0,0,2018-02-22T00:00:00+00:00,planned,SET1
TABLET-WO-00301,P001,P001,200,0,2018-03-15T00:00:00+00:00,planned,SET1
TABLET-WO-00302,P001,P001,200,0,2018-03-29T00:00:00+00:00,planned,SET1
TABLET-WO-00303,P001,P001,200,0,2018-03-08T00:00:00+00:00,planned,SET1
TABLET-WO-00304,P001,P001,300,0,2018-03-22T00:00:00+00:00,planned,SET1
TABLET-WO-00305,P001,P001,0,0,2018-03-01T00:00:00+00:00,planned,SET1
TABLET-WO-00306,P001,P001,0,0,2018-04-19T00:00:00+00:00,planned,SET1
TABLET-WO-00307,P001,P001,0,0,2018-04-12T00:00:00+00:00,planned,SET1
TABLET-WO-00308,P001,P001,0,0,2018-04-05T00:00:00+00:00,planned,SET1
TABLET-WO-00309,P001,P001,0,0,2018-04-26T00:00:00+00:00,planned,SET1
TABLET-WO-00310,P001,P001,200,0,2018-05-24T00:00:00+00:00,planned,SET1
TABLET-WO-00311,P001,P001,300,0,2018-05-17T00:00:00+00:00,planned,SET1
TABLET-WO-00312,P001,P001,200,0,2018-05-31T00:00:00+00:00,planned,SET1
TABLET-WO-00313,P001,P001,300,0,2018-05-10T00:00:00+00:00,planned,SET1
TABLET-WO-00314,P001,P001,0,0,2018-05-03T00:00:00+00:00,planned,SET1
TABLET-WO-00315,P001,P001,100,0,2018-06-14T00:00:00+00:00,planned,SET1
TABLET-WO-00316,P001,P001,100,0,2018-06-07T00:00:00+00:00,planned,SET1
TABLET-WO-00317,P001,P001,0,0,2018-06-21T00:00:00+00:00,planned,SET1
TABLET-WO-00318,P001,P001,0,0,2018-06-28T00:00:00+00:00,planned,SET1
TABLET-WO-00319,P001,P001,0,0,2018-07-26T00:00:00+00:00,planned,SET1
TABLET-WO-00320,P001,P001,0,0,2018-07-05T00:00:00+00:00,planned,SET1
TABLET-WO-00321,P001,P001,0,0,2018-07-12T00:00:00+00:00,planned,SET1
TABLET-WO-00322,P001,P001,0,0,2018-07-19T00:00:00+00:00,planned,SET1
TABLET-WO-00323,P001,P001,1400,0,2018-08-16T00:00:00+00:00,planned,SET1
TABLET-WO-00324,P001,P001,1700,0,2018-08-09T00:00:00+00:00,planned,SET1
TABLET-WO-00325,P001,P001,1500,0,2018-08-23T00:00:00+00:00,planned,SET1
TABLET-WO-00326,P001,P001,1100,0,2018-08-02T00:00:00+00:00,planned,SET1
TABLET-WO-00327,P001,P001,0,0,2018-08-30T00:00:00+00:00,planned,SET1
TABLET-WO-00328,P001,P001,0,0,2018-09-20T00:00:00+00:00,planned,SET1
TABLET-WO-00329,P001,P001,0,0,2018-09-06T00:00:00+00:00,planned,SET1
TABLET-WO-00330,P001,P001,0,0,2018-09-13T00:00:00+00:00,planned,SET1
TABLET-WO-00331,P001,P001,0,0,2018-09-27T00:00:00+00:00,planned,SET1
TABLET-WO-00332,P001,P001,300,0,2018-10-25T00:00:00+00:00,planned,SET1
TABLET-WO-00333,P001,P001,300,0,2018-10-11T00:00:00+00:00,planned,SET1
TABLET-WO-00334,P001,P001,500,0,2018-10-18T00:00:00+00:00,planned,SET1
TABLET-WO-00335,P001,P001,0,0,2018-10-04T00:00:00+00:00,planned,SET1
TABLET-WO-00336,P001,P001,300,0,2018-11-08T00:00:00+00:00,planned,SET1
TABLET-WO-00337,P001,P001,300,0,2018-11-22T00:00:00+00:00,planned,SET1
TABLET-WO-00338,P001,P001,400,0,2018-11-01T00:00:00+00:00,planned,SET1
TABLET-WO-00339,P001,P001,200,0,2018-11-29T00:00:00+00:00,planned,SET1
TABLET-WO-00340,P001,P001,200,0,2018-11-15T00:00:00+00:00,planned,SET1
TABLET-WO-00341,P001,P001,0,0,2018-12-06T00:00:00+00:00,planned,SET1
TABLET-WO-00342,P001,P001,0,0,2018-12-20T00:00:00+00:00,planned,SET1
TABLET-WO-00343,P001,P001,0,0,2018-12-13T00:00:00+00:00,planned,SET1
TABLET-WO-00344,P001,P001,0,0,2018-12-27T00:00:00+00:00,planned,SET1
TABLET-WO-00345,P001,P001,0,0,2019-01-03T00:00:00+00:00,planned,SET1
TABLET-WO-00346,P001,P001,0,0,2019-01-10T00:00:00+00:00,planned,SET1
TABLET-WO-00347,P001,P001,100,0,2019-01-24T00:00:00+00:00,planned,SET1
TABLET-WO-00348,P001,P001,0,0,2019-01-17T00:00:00+00:00,planned,SET1
TABLET-WO-00349,P001,P001,0,0,2019-01-31T00:00:00+00:00,planned,SET1
TABLET-WO-00350,P001,P001,100,0,2019-02-14T00:00:00+00:00,planned,SET1
TABLET-WO-00351,P001,P001,100,0,2019-02-21T00:00:00+00:00,planned,SET1
TABLET-WO-00352,P001,P001,100,0,2019-02-07T00:00:00+00:00,planned,SET1
TABLET-WO-00353,P001,P001,100,0,2019-02-28T00:00:00+00:00,planned,SET1
TABLET-WO-00354,P001,P001,0,0,2019-03-21T00:00:00+00:00,planned,SET1
TABLET-WO-00355,P001,P001,0,0,2019-03-28T00:00:00+00:00,planned,SET1
TABLET-WO-00356,P001,P001,0,0,2019-03-07T00:00:00+00:00,planned,SET1
TABLET-WO-00357,P001,P001,0,0,2019-03-14T00:00:00+00:00,planned,SET1
TABLET-WO-00358,P001,P001,100,0,2019-04-18T00:00:00+00:00,planned,SET1
TABLET-WO-00359,P001,P001,0,0,2019-04-04T00:00:00+00:00,planned,SET1
TABLET-WO-00360,P001,P001,0,0,2019-04-11T00:00:00+00:00,planned,SET1
TABLET-WO-00361,P001,P001,0,0,2019-04-25T00:00:00+00:00,planned,SET1
TABLET-WO-00362,P001,P001,300,0,2019-05-02T00:00:00+00:00,planned,SET1
TABLET-WO-00363,P001,P001,400,0,2019-05-23T00:00:00+00:00,planned,SET1
TABLET-WO-00364,P001,P001,300,0,2019-05-09T00:00:00+00:00,planned,SET1
TABLET-WO-00365,P001,P001,400,0,2019-05-30T00:00:00+00:00,planned,SET1
TABLET-WO-00366,P001,P001,0,0,2019-05-16T00:00:00+00:00,planned,SET1
TABLET-WO-00367,P001,P001,0,0,2019-06-20T00:00:00+00:00,planned,SET1
TABLET-WO-00368,P001,P001,0,0,2019-06-27T00:00:00+00:00,planned,SET1
TABLET-WO-00369,P001,P001,0,0,2019-06-06T00:00:00+00:00,planned,SET1
TABLET-WO-00370,P001,P001,0,0,2019-06-13T00:00:00+00:00,planned,SET1
TABLET-WO-00371,P001,P001,0,0,2019-07-04T00:00:00+00:00,planned,SET1
TABLET-WO-00372,P001,P001,0,0,2019-07-11T00:00:00+00:00,planned,SET1
TABLET-WO-00373,P001,P001,0,0,2019-07-18T00:00:00+00:00,planned,SET1
TABLET-WO-00374,P001,P001,0,0,2019-07-25T00:00:00+00:00,planned,SET1
TABLET-WO-00375,P001,P001,1600,0,2019-08-15T00:00:00+00:00,planned,SET1
TABLET-WO-00376,P001,P001,2300,0,2019-08-01T00:00:00+00:00,planned,SET1
TABLET-WO-00377,P001,P001,1500,0,2019-08-08T00:00:00+00:00,planned,SET1
TABLET-WO-00378,P001,P001,1400,0,2019-08-29T00:00:00+00:00,planned,SET1
TABLET-WO-00379,P001,P001,0,0,2019-08-22T00:00:00+00:00,planned,SET1
TABLET-WO-00380,P001,P001,0,0,2019-09-19T00:00:00+00:00,planned,SET1
TABLET-WO-00381,P001,P001,0,0,2019-09-12T00:00:00+00:00,planned,SET1
TABLET-WO-00382,P001,P001,0,0,2019-09-05T00:00:00+00:00,planned,SET1
TABLET-WO-00383,P001,P001,0,0,2019-09-26T00:00:00+00:00,planned,SET1
TABLET-WO-00384,P001,P001,300,0,2019-10-24T00:00:00+00:00,planned,SET1
TABLET-WO-00385,P001,P001,300,0,2019-10-03T00:00:00+00:00,planned,SET1
TABLET-WO-00386,P001,P001,400,0,2019-10-10T00:00:00+00:00,planned,SET1
TABLET-WO-00387,P001,P001,200,0,2019-10-17T00:00:00+00:00,planned,SET1
TABLET-WO-00388,P001,P001,200,0,2019-10-31T00:00:00+00:00,planned,SET1
TABLET-WO-00389,P001,P001,0,0,2019-11-14T00:00:00+00:00,planned,SET1
TABLET-WO-00390,P001,P001,0,0,2019-11-28T00:00:00+00:00,planned,SET1
TABLET-WO-00391,P001,P001,100,0,2019-11-07T00:00:00+00:00,planned,SET1
TABLET-WO-00392,P001,P001,100,0,2019-11-21T00:00:00+00:00,planned,SET1
TABLET-WO-00393,P001,P001,0,0,2019-12-05T00:00:00+00:00,planned,SET1
TABLET-WO-00394,P001,P001,0,0,2019-12-12T00:00:00+00:00,planned,SET1
TABLET-WO-00395,P001,P001,0,0,2019-12-19T00:00:00+00:00,planned,SET1
TABLET-WO-00396,P001,P001,0,0,2019-12-26T00:00:00+00:00,planned,SET1
TABLET-WO-00397,P001,P001,800,0,2020-01-16T00:00:00+00:00,planned,SET1
TABLET-WO-00398,P001,P001,900,0,2020-01-23T00:00:00+00:00,planned,SET1
TABLET-WO-00399,P001,P001,700,0,2020-01-30T00:00:00+00:00,planned,SET1
TABLET-WO-00400,P001,P001,900,0,2020-01-02T00:00:00+00:00,planned,SET1
TABLET-WO-00401,P001,P001,800,0,2020-01-09T00:00:00+00:00,planned,SET1
TABLET-WO-00402,P001,P001,200,0,2020-02-20T00:00:00+00:00,planned,SET1
TABLET-WO-00403,P001,P001,200,0,2020-02-06T00:00:00+00:00,planned,SET1
TABLET-WO-00404,P001,P001,200,0,2020-02-13T00:00:00+00:00,planned,SET1
TABLET-WO-00405,P001,P001,100,0,2020-02-27T00:00:00+00:00,planned,SET1
TABLET-WO-00406,P001,P001,0,0,2020-03-12T00:00:00+00:00,planned,SET1
TABLET-WO-00407,P001,P001,0,0,2020-03-26T00:00:00+00:00,planned,SET1
TABLET-WO-00408,P001,P001,0,0,2020-03-05T00:00:00+00:00,planned,SET1
TABLET-WO-00409,P001,P001,0,0,2020-03-19T00:00:00+00:00,planned,SET1
TABLET-WO-00410,P001,P001,1100,0,2020-04-02T00:00:00+00:00,planned,SET1
TABLET-WO-00411,P001,P001,1900,0,2020-04-30T00:00:00+00:00,planned,SET1
TABLET-WO-00412,P001,P001,1800,0,2020-04-16T00:00:00+00:00,planned,SET1
TABLET-WO-00413,P001,P001,1600,0,2020-04-09T00:00:00+00:00,planned,SET1
TABLET-WO-00414,P001,P001,0,0,2020-04-23T00:00:00+00:00,planned,SET1
TABLET-WO-00415,P001,P001,0,0,2020-05-21T00:00:00+00:00,planned,SET1
TABLET-WO-00416,P001,P001,0,0,2020-05-28T00:00:00+00:00,planned,SET1
TABLET-WO-00417,P001,P001,0,0,2020-05-07T00:00:00+00:00,planned,SET1
TABLET-WO-00418,P001,P001,0,0,2020-05-14T00:00:00+00:00,planned,SET1
TABLET-WO-00419,P001,P001,300,0,2020-06-18T00:00:00+00:00,planned,SET1
TABLET-WO-00420,P001,P001,400,0,2020-06-11T00:00:00+00:00,planned,SET1
TABLET-WO-00421,P001,P001,300,0,2020-06-04T00:00:00+00:00,planned,SET1
TABLET-WO-00422,P001,P001,0,0,2020-06-25T00:00:00+00:00,planned,SET1
TABLET-WO-00423,P001,P001,1800,0,2020-07-16T00:00:00+00:00,planned,SET1
TABLET-WO-00424,P001,P001,1800,0,2020-07-02T00:00:00+00:00,planned,SET1
TABLET-WO-00425,P001,P001,1800,0,2020-07-23T00:00:00+00:00,planned,SET1
TABLET-WO-00426,P001,P001,1900,0,2020-07-09T00:00:00+00:00,planned,SET1
TABLET-WO-00427,P001,P001,1100,0,2020-07-30T00:00:00+00:00,planned,SET1
TABLET-WO-00428,P001,P001,0,0,2020-08-27T00:00:00+00:00,planned,SET1
TABLET-WO-00429,P001,P001,0,0,2020-08-06T00:00:00+00:00,planned,SET1
TABLET-WO-00430,P001,P001,0,0,2020-08-20T00:00:00+00:00,planned,SET1
TABLET-WO-00431,P001,P001,0,0,2020-08-13T00:00:00+00:00,planned,SET1
TABLET-WO-00432,P001,P001,200,0,2020-09-17T00:00:00+00:00,planned,SET1
TABLET-WO-00433,P001,P001,200,0,2020-09-24T00:00:00+00:00,planned,SET1
TABLET-WO-00434,P001,P001,200,0,2020-09-03T00:00:00+00:00,planned,SET1
TABLET-WO-00435,P001,P001,0,0,2020-09-10T00:00:00+00:00,planned,SET1
TABLET-WO-00436,P001,P001,100,0,2020-10-22T00:00:00+00:00,planned,SET1
TABLET-WO-00437,P001,P001,100,0,2020-10-15T00:00:00+00:00,planned,SET1
TABLET-WO-00438,P001,P001,100,0,2020-10-01T00:00:00+00:00,planned,SET1
TABLET-WO-00439,P001,P001,100,0,2020-10-08T00:00:00+00:00,planned,SET1
TABLET-WO-00440,P001,P001,100,0,2020-10-29T00:00:00+00:00,planned,SET1
TABLET-WO-00441,P001,P001,0,0,2020-11-26T00:00:00+00:00,planned,SET1
TABLET-WO-00442,P001,P001,0,0,2020-11-19T00:00:00+00:00,planned,SET1
TABLET-WO-00443,P001,P001,0,0,2020-11-12T00:00:00+00:00,planned,SET1
TABLET-WO-00444,P001,P001,0,0,2020-11-05T00:00:00+00:00,planned,SET1
TABLET-WO-00445,P007,P007,2600,0,2018-02-08T00:00:00+00:00,planned,SET3
TABLET-WO-00446,P007,P007,0,0,2018-02-01T00:00:00+00:00,planned,SET3
TABLET-WO-00447,P007,P007,2800,0,2018-02-22T00:00:00+00:00,planned,SET3
TABLET-WO-00448,P007,P007,4000,0,2018-02-15T00:00:00+00:00,planned,SET3
TABLET-WO-00449,P007,P007,3800,0,2018-03-22T00:00:00+00:00,planned,SET3
TABLET-WO-00450,P007,P007,6000,0,2018-03-29T00:00:00+00:00,planned,SET3
TABLET-WO-00451,P007,P007,3500,0,2018-03-01T00:00:00+00:00,planned,SET3
TABLET-WO-00452,P007,P007,6300,0,2018-03-08T00:00:00+00:00,planned,SET3
TABLET-WO-00453,P007,P007,5500,0,2018-03-15T00:00:00+00:00,planned,SET3
TABLET-WO-00454,P007,P007,3000,0,2018-04-26T00:00:00+00:00,planned,SET3
TABLET-WO-00455,P007,P007,1900,0,2018-04-19T00:00:00+00:00,planned,SET3
TABLET-WO-00456,P007,P007,1900,0,2018-04-05T00:00:00+00:00,planned,SET3
TABLET-WO-00457,P007,P007,1900,0,2018-04-12T00:00:00+00:00,planned,SET3
TABLET-WO-00458,P007,P007,1900,0,2018-05-24T00:00:00+00:00,planned,SET3
TABLET-WO-00459,P007,P007,3300,0,2018-05-31T00:00:00+00:00,planned,SET3
TABLET-WO-00460,P007,P007,3000,0,2018-05-17T00:00:00+00:00,planned,SET3
TABLET-WO-00461,P007,P007,2800,0,2018-05-03T00:00:00+00:00,planned,SET3
TABLET-WO-00462,P007,P007,3300,0,2018-05-10T00:00:00+00:00,planned,SET3
TABLET-WO-00463,P007,P007,2600,0,2018-06-07T00:00:00+00:00,planned,SET3
TABLET-WO-00464,P007,P007,3500,0,2018-06-28T00:00:00+00:00,planned,SET3
TABLET-WO-00465,P007,P007,2600,0,2018-06-21T00:00:00+00:00,planned,SET3
TABLET-WO-00466,P007,P007,3400,0,2018-06-14T00:00:00+00:00,planned,SET3
TABLET-WO-00467,P007,P007,4300,0,2018-07-12T00:00:00+00:00,planned,SET3
TABLET-WO-00468,P007,P007,4200,0,2018-07-26T00:00:00+00:00,planned,SET3
TABLET-WO-00469,P007,P007,4800,0,2018-07-19T00:00:00+00:00,planned,SET3
TABLET-WO-00470,P007,P007,5200,0,2018-07-05T00:00:00+00:00,planned,SET3
TABLET-WO-00471,P007,P007,6000,0,2018-08-16T00:00:00+00:00,planned,SET3
TABLET-WO-00472,P007,P007,5000,0,2018-08-23T00:00:00+00:00,planned,SET3
TABLET-WO-00473,P007,P007,4200,0,2018-08-09T00:00:00+00:00,planned,SET3
TABLET-WO-00474,P007,P007,3900,0,2018-08-30T00:00:00+00:00,planned,SET3
TABLET-WO-00475,P007,P007,3400,0,2018-08-02T00:00:00+00:00,planned,SET3
TABLET-WO-00476,P007,P007,3200,0,2018-09-13T00:00:00+00:00,planned,SET3
TABLET-WO-00477,P007,P007,2800,0,2018-09-27T00:00:00+00:00,planned,SET3
TABLET-WO-00478,P007,P007,2900,0,2018-09-06T00:00:00+00:00,planned,SET3
TABLET-WO-00479,P007,P007,2500,0,2018-09-20T00:00:00+00:00,planned,SET3
TABLET-WO-00480,P007,P007,1700,0,2018-10-25T00:00:00+00:00,planned,SET3
TABLET-WO-00481,P007,P007,2500,0,2018-10-04T00:00:00+00:00,planned,SET3
TABLET-WO-00482,P007,P007,2400,0,2018-10-18T00:00:00+00:00,planned,SET3
TABLET-WO-00483,P007,P007,2700,0,2018-10-11T00:00:00+00:00,planned,SET3
TABLET-WO-00484,P007,P007,3000,0,2018-11-29T00:00:00+00:00,planned,SET3
TABLET-WO-00485,P007,P007,4300,0,2018-11-15T00:00:00+00:00,planned,SET3
TABLET-WO-00486,P007,P007,4000,0,2018-11-08T00:00:00+00:00,planned,SET3
TABLET-WO-00487,P007,P007,2600,0,2018-11-01T00:00:00+00:00,planned,SET3
TABLET-WO-00488,P007,P007,4100,0,2018-11-22T00:00:00+00:00,planned,SET3
TABLET-WO-00489,P007,P007,5500,0,2018-12-06T00:00:00+00:00,planned,SET3
TABLET-WO-00490,P007,P007,5400,0,2018-12-20T00:00:00+00:00,planned,SET3
TABLET-WO-00491,P007,P007,6000,0,2018-12-27T00:00:00+00:00,planned,SET3
TABLET-WO-00492,P007,P007,8400,0,2018-12-13T00:00:00+00:00,planned,SET3
TABLET-WO-00493,P007,P007,9400,0,2019-01-03T00:00:00+00:00,planned,SET3
TABLET-WO-00494,P007,P007,5500,0,2019-01-31T00:00:00+00:00,planned,SET3
TABLET-WO-00495,P007,P007,5800,0,2019-01-10T00:00:00+00:00,planned,SET3
TABLET-WO-00496,P007,P007,9400,0,2019-01-24T00:00:00+00:00,planned,SET3
TABLET-WO-00497,P007,P007,9100,0,2019-01-17T00:00:00+00:00,planned,SET3
TABLET-WO-00498,P007,P007,5200,0,2019-02-07T00:00:00+00:00,planned,SET3
TABLET-WO-00499,P007,P007,5200,0,2019-02-14T00:00:00+00:00,planned,SET3
TABLET-WO-00500,P007,P007,3300,0,2019-02-28T00:00:00+00:00,planned,SET3
TABLET-WO-00501,P007,P007,5300,0,2019-02-21T00:00:00+00:00,planned,SET3
TABLET-WO-00502,P007,P007,0,0,2019-03-28T00:00:00+00:00,planned,SET3
TABLET-WO-00503,P007,P007,4600,0,2019-03-07T00:00:00+00:00,planned,SET3
TABLET-WO-00504,P007,P007,4600,0,2019-03-14T00:00:00+00:00,planned,SET3
TABLET-WO-00505,P007,P007,0,0,2019-03-21T00:00:00+00:00,planned,SET3
TABLET-WO-00506,P007,P007,2500,0,2019-04-11T00:00:00+00:00,planned,SET3
TABLET-WO-00507,P007,P007,2000,0,2019-04-25T00:00:00+00:00,planned,SET3
TABLET-WO-00508,P007,P007,2500,0,2019-04-18T00:00:00+00:00,planned,SET3
TABLET-WO-00509,P007,P007,1800,0,2019-04-04T00:00:00+00:00,planned,SET3
TABLET-WO-00510,P007,P007,0,0,2019-05-30T00:00:00+00:00,planned,SET3
TABLET-WO-00511,P007,P007,1900,0,2019-05-02T00:00:00+00:00,planned,SET3
TABLET-WO-00512,P007,P007,1900,0,2019-05-16T00:00:00+00:00,planned,SET3
TABLET-WO-00513,P007,P007,2000,0,2019-05-23T00:00:00+00:00,planned,SET3
TABLET-WO-00514,P007,P007,1800,0,2019-05-09T00:00:00+00:00,planned,SET3
TABLET-WO-00515,P007,P007,0,0,2019-06-27T00:00:00+00:00,planned,SET3
TABLET-WO-00516,P007,P007,1800,0,2019-06-20T00:00:00+00:00,planned,SET3
TABLET-WO-00517,P007,P007,1900,0,2019-06-06T00:00:00+00:00,planned,SET3
TABLET-WO-00518,P007,P007,2000,0,2019-06-13T00:00:00+00:00,planned,SET3
TABLET-WO-00519,P007,P007,2300,0,2019-07-25T00:00:00+00:00,planned,SET3
TABLET-WO-00520,P007,P007,2400,0,2019-07-18T00:00:00+00:00,planned,SET3
TABLET-WO-00521,P007,P007,0,0,2019-07-11T00:00:00+00:00,planned,SET3
TABLET-WO-00522,P007,P007,3000,0,2019-07-04T00:00:00+00:00,planned,SET3
TABLET-WO-00523,P007,P007,10300,0,2019-08-22T00:00:00+00:00,planned,SET3
TABLET-WO-00524,P007,P007,8800,0,2019-08-15T00:00:00+00:00,planned,SET3
TABLET-WO-00525,P007,P007,7700,0,2019-08-29T00:00:00+00:00,planned,SET3
TABLET-WO-00526,P007,P007,9800,0,2019-08-08T00:00:00+00:00,planned,SET3
TABLET-WO-00527,P007,P007,8400,0,2019-08-01T00:00:00+00:00,planned,SET3
TABLET-WO-00528,P007,P007,8000,0,2019-09-05T00:00:00+00:00,planned,SET3
TABLET-WO-00529,P007,P007,8000,0,2019-09-12T00:00:00+00:00,planned,SET3
TABLET-WO-00530,P007,P007,5400,0,2019-09-26T00:00:00+00:00,planned,SET3
TABLET-WO-00531,P007,P007,0,0,2019-09-19T00:00:00+00:00,planned,SET3
TABLET-WO-00532,P007,P007,5000,0,2019-10-31T00:00:00+00:00,planned,SET3
TABLET-WO-00533,P007,P007,6100,0,2019-10-03T00:00:00+00:00,planned,SET3
TABLET-WO-00534,P007,P007,5100,0,2019-10-10T00:00:00+00:00,planned,SET3
TABLET-WO-00535,P007,P007,7800,0,2019-10-17T00:00:00+00:00,planned,SET3
TABLET-WO-00536,P007,P007,6200,0,2019-10-24T00:00:00+00:00,planned,SET3
TABLET-WO-00537,P007,P007,7700,0,2019-11-07T00:00:00+00:00,planned,SET3
TABLET-WO-00538,P007,P007,6800,0,2019-11-14T00:00:00+00:00,planned,SET3
TABLET-WO-00539,P007,P007,0,0,2019-11-21T00:00:00+00:00,planned,SET3
TABLET-WO-00540,P007,P007,5100,0,2019-11-28T00:00:00+00:00,planned,SET3
TABLET-WO-00541,P007,P007,5500,0,2019-12-19T00:00:00+00:00,planned,SET3
TABLET-WO-00542,P007,P007,5000,0,2019-12-05T00:00:00+00:00,planned,SET3
TABLET-WO-00543,P007,P007,5000,0,2019-12-26T00:00:00+00:00,planned,SET3
TABLET-WO-00544,P007,P007,0,0,2019-12-12T00:00:00+00:00,planned,SET3
TABLET-WO-00545,P007,P007,6300,0,2020-01-16T00:00:00+00:00,planned,SET3
TABLET-WO-00546,P007,P007,6400,0,2020-01-23T00:00:00+00:00,planned,SET3
TABLET-WO-00547,P007,P007,6400,0,2020-01-30T00:00:00+00:00,planned,SET3
TABLET-WO-00548,P007,P007,3600,0,2020-01-02T00:00:00+00:00,planned,SET3
TABLET-WO-00549,P007,P007,4800,0,2020-01-09T00:00:00+00:00,planned,SET3
TABLET-WO-00550,P007,P007,3400,0,2020-02-27T00:00:00+00:00,planned,SET3
TABLET-WO-00551,P007,P007,0,0,2020-02-06T00:00:00+00:00,planned,SET3
TABLET-WO-00552,P007,P007,3600,0,2020-02-20T00:00:00+00:00,planned,SET3
TABLET-WO-00553,P007,P007,3500,0,2020-02-13T00:00:00+00:00,planned,SET3
TABLET-WO-00554,P007,P007,0,0,2020-03-12T00:00:00+00:00,planned,SET3
TABLET-WO-00555,P007,P007,4000,0,2020-03-26T00:00:00+00:00,planned,SET3
TABLET-WO-00556,P007,P007,4000,0,2020-03-05T00:00:00+00:00,planned,SET3
TABLET-WO-00557,P007,P007,4500,0,2020-03-19T00:00:00+00:00,planned,SET3
TABLET-WO-00558,P007,P007,4500,0,2020-04-16T00:00:00+00:00,planned,SET3
TABLET-WO-00559,P007,P007,0,0,2020-04-23T00:00:00+00:00,planned,SET3
TABLET-WO-00560,P007,P007,4700,0,2020-04-09T00:00:00+00:00,planned,SET3
TABLET-WO-00561,P007,P007,5600,0,2020-04-30T00:00:00+00:00,planned,SET3
TABLET-WO-00562,P007,P007,5300,0,2020-04-02T00:00:00+00:00,planned,SET3
TABLET-WO-00563,P007,P007,5100,0,2020-05-14T00:00:00+00:00,planned,SET3
TABLET-WO-00564,P007,P007,5800,0,2020-05-21T00:00:00+00:00,planned,SET3
TABLET-WO-00565,P007,P007,5900,0,2020-05-28T00:00:00+00:00,planned,SET3
TABLET-WO-00566,P007,P007,6100,0,2020-05-07T00:00:00+00:00,planned,SET3
TABLET-WO-00567,P007,P007,6100,0,2020-06-18T00:00:00+00:00,planned,SET3
TABLET-WO-00568,P007,P007,6100,0,2020-06-04T00:00:00+00:00,planned,SET3
TABLET-WO-00569,P007,P007,0,0,2020-06-11T00:00:00+00:00,planned,SET3
TABLET-WO-00570,P007,P007,0,0,2020-06-25T00:00:00+00:00,planned,SET3
TABLET-WO-00571,P007,P007,6200,0,2020-07-30T00:00:00+00:00,planned,SET3
TABLET-WO-00572,P007,P007,4400,0,2020-07-09T00:00:00+00:00,planned,SET3
TABLET-WO-00573,P007,P007,4800,0,2020-07-16T00:00:00+00:00,planned,SET3
TABLET-WO-00574,P007,P007,4500,0,2020-07-23T00:00:00+00:00,planned,SET3
TABLET-WO-00575,P007,P007,3700,0,2020-07-02T00:00:00+00:00,planned,SET3
TABLET-WO-00576,P007,P007,3400,0,2020-08-20T00:00:00+00:00,planned,SET3
TABLET-WO-00577,P007,P007,3400,0,2020-08-06T00:00:00+00:00,planned,SET3
TABLET-WO-00578,P007,P007,3400,0,2020-08-27T00:00:00+00:00,planned,SET3
TABLET-WO-00579,P007,P007,3400,0,2020-08-13T00:00:00+00:00,planned,SET3
TABLET-WO-00580,P007,P007,2900,0,2020-09-17T00:00:00+00:00,planned,SET3
TABLET-WO-00581,P007,P007,3300,0,2020-09-10T00:00:00+00:00,planned,SET3
TABLET-WO-00582,P007,P007,0,0,2020-09-24T00:00:00+00:00,planned,SET3
TABLET-WO-00583,P007,P007,4700,0,2020-09-03T00:00:00+00:00,planned,SET3
TABLET-WO-00584,P007,P007,2600,0,2020-10-08T00:00:00+00:00,planned,SET3
TABLET-WO-00585,P007,P007,2200,0,2020-10-22T00:00:00+00:00,planned,SET3
TABLET-WO-00586,P007,P007,2700,0,2020-10-15T00:00:00+00:00,planned,SET3
TABLET-WO-00587,P007,P007,2300,0,2020-10-01T00:00:00+00:00,planned,SET3
TABLET-WO-00588,P007,P007,0,0,2020-10-29T00:00:00+00:00,planned,SET3
TABLET-WO-00589,P007,P007,2200,0,2020-11-19T00:00:00+00:00,planned,SET3
TABLET-WO-00590,P007,P007,2200,0,2020-11-26T00:00:00+00:00,planned,SET3
TABLET-WO-00591,P007,P007,2200,0,2020-11-12T00:00:00+00:00,planned,SET3
TABLET-WO-00592,P007,P007,2400,0,2020-11-05T00:00:00+00:00,planned,SET3
TABLET-WO-00593,P008,P008,0,0,2018-02-08T00:00:00+00:00,planned,SET3
TABLET-WO-00594,P008,P008,0,0,2018-02-01T00:00:00+00:00,planned,SET3
TABLET-WO-00595,P008,P008,0,0,2018-02-15T00:00:00+00:00,planned,SET3
TABLET-WO-00596,P008,P008,0,0,2018-02-22T00:00:00+00:00,planned,SET3
TABLET-WO-00597,P008,P008,0,0,2018-03-08T00:00:00+00:00,planned,SET3
TABLET-WO-00598,P008,P008,0,0,2018-03-15T00:00:00+00:00,planned,SET3
TABLET-WO-00599,P008,P008,0,0,2018-03-01T00:00:00+00:00,planned,SET3
TABLET-WO-00600,P008,P008,0,0,2018-03-29T00:00:00+00:00,planned,SET3
TABLET-WO-00601,P008,P008,0,0,2018-03-22T00:00:00+00:00,planned,SET3
TABLET-WO-00602,P008,P008,0,0,2018-04-12T00:00:00+00:00,planned,SET3
TABLET-WO-00603,P008,P008,0,0,2018-04-19T00:00:00+00:00,planned,SET3
TABLET-WO-00604,P008,P008,0,0,2018-04-26T00:00:00+00:00,planned,SET3
TABLET-WO-00605,P008,P008,0,0,2018-04-05T00:00:00+00:00,planned,SET3
TABLET-WO-00606,P008,P008,600,0,2018-05-24T00:00:00+00:00,planned,SET3
TABLET-WO-00607,P008,P008,800,0,2018-05-03T00:00:00+00:00,planned,SET3
TABLET-WO-00608,P008,P008,1000,0,2018-05-17T00:00:00+00:00,planned,SET3
TABLET-WO-00609,P008,P008,800,0,2018-05-31T00:00:00+00:00,planned,SET3
TABLET-WO-00610,P008,P008,0,0,2018-05-10T00:00:00+00:00,planned,SET3
TABLET-WO-00611,P008,P008,9200,0,2018-06-28T00:00:00+00:00,planned,SET3
TABLET-WO-00612,P008,P008,9700,0,2018-06-21T00:00:00+00:00,planned,SET3
TABLET-WO-00613,P008,P008,7700,0,2018-06-14T00:00:00+00:00,planned,SET3
TABLET-WO-00614,P008,P008,0,0,2018-06-07T00:00:00+00:00,planned,SET3
TABLET-WO-00615,P008,P008,0,0,2018-07-26T00:00:00+00:00,planned,SET3
TABLET-WO-00616,P008,P008,0,0,2018-07-12T00:00:00+00:00,planned,SET3
TABLET-WO-00617,P008,P008,0,0,2018-07-19T00:00:00+00:00,planned,SET3
TABLET-WO-00618,P008,P008,0,0,2018-07-05T00:00:00+00:00,planned,SET3
TABLET-WO-00619,P008,P008,8100,0,2018-08-02T00:00:00+00:00,planned,SET3
TABLET-WO-00620,P008,P008,7000,0,2018-08-09T00:00:00+00:00,planned,SET3
TABLET-WO-00621,P008,P008,7800,0,2018-08-30T00:00:00+00:00,planned,SET3
TABLET-WO-00622,P008,P008,5900,0,2018-08-16T00:00:00+00:00,planned,SET3
TABLET-WO-00623,P008,P008,0,0,2018-08-23T00:00:00+00:00,planned,SET3
TABLET-WO-00624,P008,P008,0,0,2018-09-27T00:00:00+00:00,planned,SET3
TABLET-WO-00625,P008,P008,0,0,2018-09-06T00:00:00+00:00,planned,SET3
TABLET-WO-00626,P008,P008,0,0,2018-09-20T00:00:00+00:00,planned,SET3
TABLET-WO-00627,P008,P008,0,0,2018-09-13T00:00:00+00:00,planned,SET3
TABLET-WO-00628,P008,P008,1900,0,2018-10-18T00:00:00+00:00,planned,SET3
TABLET-WO-00629,P008,P008,1700,0,2018-10-11T00:00:00+00:00,planned,SET3
TABLET-WO-00630,P008,P008,1400,0,2018-10-25T00:00:00+00:00,planned,SET3
TABLET-WO-00631,P008,P008,1400,0,2018-10-04T00:00:00+00:00,planned,SET3
TABLET-WO-00632,P008,P008,1300,0,2018-11-22T00:00:00+00:00,planned,SET3
TABLET-WO-00633,P008,P008,1400,0,2018-11-15T00:00:00+00:00,planned,SET3
TABLET-WO-00634,P008,P008,1400,0,2018-11-29T00:00:00+00:00,planned,SET3
TABLET-WO-00635,P008,P008,900,0,2018-11-01T00:00:00+00:00,planned,SET3
TABLET-WO-00636,P008,P008,1400,0,2018-11-08T00:00:00+00:00,planned,SET3
TABLET-WO-00637,P008,P008,0,0,2018-12-27T00:00:00+00:00,planned,SET3
TABLET-WO-00638,P008,P008,0,0,2018-12-13T00:00:00+00:00,planned,SET3
TABLET-WO-00639,P008,P008,0,0,2018-12-20T00:00:00+00:00,planned,SET3
TABLET-WO-00640,P008,P008,0,0,2018-12-06T00:00:00+00:00,planned,SET3
TABLET-WO-00641,P008,P008,10100,0,2019-01-17T00:00:00+00:00,planned,SET3
TABLET-WO-00642,P008,P008,11600,0,2019-01-03T00:00:00+00:00,planned,SET3
TABLET-WO-00643,P008,P008,8500,0,2019-01-31T00:00:00+00:00,planned,SET3
TABLET-WO-00644,P008,P008,11100,0,2019-01-10T00:00:00+00:00,planned,SET3
TABLET-WO-00645,P008,P008,9900,0,2019-01-24T00:00:00+00:00,planned,SET3
TABLET-WO-00646,P008,P008,3000,0,2019-02-14T00:00:00+00:00,planned,SET3
TABLET-WO-00647,P008,P008,2200,0,2019-02-28T00:00:00+00:00,planned,SET3
TABLET-WO-00648,P008,P008,2100,0,2019-02-21T00:00:00+00:00,planned,SET3
TABLET-WO-00649,P008,P008,2300,0,2019-02-07T00:00:00+00:00,planned,SET3
TABLET-WO-00650,P008,P008,0,0,2019-03-21T00:00:00+00:00,planned,SET3
TABLET-WO-00651,P008,P008,0,0,2019-03-28T00:00:00+00:00,planned,SET3
TABLET-WO-00652,P008,P008,0,0,2019-03-07T00:00:00+00:00,planned,SET3
TABLET-WO-00653,P008,P008,0,0,2019-03-14T00:00:00+00:00,planned,SET3
TABLET-WO-00654,P008,P008,4700,0,2019-04-25T00:00:00+00:00,planned,SET3
TABLET-WO-00655,P008,P008,3900,0,2019-04-11T00:00:00+00:00,planned,SET3
TABLET-WO-00656,P008,P008,4200,0,2019-04-04T00:00:00+00:00,planned,SET3
TABLET-WO-00657,P008,P008,0,0,2019-04-18T00:00:00+00:00,planned,SET3
TABLET-WO-00658,P008,P008,3500,0,2019-05-30T00:00:00+00:00,planned,SET3
TABLET-WO-00659,P008,P008,2500,0,2019-05-16T00:00:00+00:00,planned,SET3
TABLET-WO-00660,P008,P008,3000,0,2019-05-02T00:00:00+00:00,planned,SET3
TABLET-WO-00661,P008,P008,4200,0,2019-05-09T00:00:00+00:00,planned,SET3
TABLET-WO-00662,P008,P008,2800,0,2019-05-23T00:00:00+00:00,planned,SET3
TABLET-WO-00663,P008,P008,0,0,2019-06-20T00:00:00+00:00,planned,SET3
TABLET-WO-00664,P008,P008,0,0,2019-06-06T00:00:00+00:00,planned,SET3
TABLET-WO-00665,P008,P008,0,0,2019-06-13T00:00:00+00:00,planned,SET3
TABLET-WO-00666,P008,P008,0,0,2019-06-27T00:00:00+00:00,planned,SET3
TABLET-WO-00667,P008,P008,6300,0,2019-07-11T00:00:00+00:00,planned,SET3
TABLET-WO-00668,P008,P008,8900,0,2019-07-04T00:00:00+00:00,planned,SET3
TABLET-WO-00669,P008,P008,10400,0,2019-07-25T00:00:00+00:00,planned,SET3
TABLET-WO-00670,P008,P008,0,0,2019-07-18T00:00:00+00:00,planned,SET3
TABLET-WO-00671,P008,P008,3200,0,2019-08-15T00:00:00+00:00,planned,SET3
TABLET-WO-00672,P008,P008,2000,0,2019-08-29T00:00:00+00:00,planned,SET3
TABLET-WO-00673,P008,P008,2500,0,2019-08-08T00:00:00+00:00,planned,SET3
TABLET-WO-00674,P008,P008,2000,0,2019-08-22T00:00:00+00:00,planned,SET3
TABLET-WO-00675,P008,P008,0,0,2019-08-01T00:00:00+00:00,planned,SET3
TABLET-WO-00676,P008,P008,0,0,2019-09-26T00:00:00+00:00,planned,SET3
TABLET-WO-00677,P008,P008,0,0,2019-09-05T00:00:00+00:00,planned,SET3
TABLET-WO-00678,P008,P008,0,0,2019-09-12T00:00:00+00:00,planned,SET3
TABLET-WO-00679,P008,P008,0,0,2019-09-19T00:00:00+00:00,planned,SET3
TABLET-WO-00680,P008,P008,3800,0,2019-10-03T00:00:00+00:00,planned,SET3
TABLET-WO-00681,P008,P008,2700,0,2019-10-24T00:00:00+00:00,planned,SET3
TABLET-WO-00682,P008,P008,3500,0,2019-10-31T00:00:00+00:00,planned,SET3
TABLET-WO-00683,P008,P008,3000,0,2019-10-10T00:00:00+00:00,planned,SET3
TABLET-WO-00684,P008,P008,3000,0,2019-10-17T00:00:00+00:00,planned,SET3
TABLET-WO-00685,P008,P008,1400,0,2019-11-07T00:00:00+00:00,planned,SET3
TABLET-WO-00686,P008,P008,1700,0,2019-11-21T00:00:00+00:00,planned,SET3
TABLET-WO-00687,P008,P008,1700,0,2019-11-14T00:00:00+00:00,planned,SET3
TABLET-WO-00688,P008,P008,1600,0,2019-11-28T00:00:00+00:00,planned,SET3
TABLET-WO-00689,P008,P008,0,0,2019-12-12T00:00:00+00:00,planned,SET3
TABLET-WO-00690,P008,P008,0,0,2019-12-19T00:00:00+00:00,planned,SET3
TABLET-WO-00691,P008,P008,0,0,2019-12-05T00:00:00+00:00,planned,SET3
TABLET-WO-00692,P008,P008,0,0,2019-12-26T00:00:00+00:00,planned,SET3
TABLET-WO-00693,P008,P008,3300,0,2020-01-30T00:00:00+00:00,planned,SET3
TABLET-WO-00694,P008,P008,2200,0,2020-01-23T00:00:00+00:00,planned,SET3
TABLET-WO-00695,P008,P008,3600,0,2020-01-16T00:00:00+00:00,planned,SET3
TABLET-WO-00696,P008,P008,4100,0,2020-01-09T00:00:00+00:00,planned,SET3
TABLET-WO-00697,P008,P008,2700,0,2020-01-02T00:00:00+00:00,planned,SET3
TABLET-WO-00698,P008,P008,2300,0,2020-02-20T00:00:00+00:00,planned,SET3
TABLET-WO-00699,P008,P008,2700,0,2020-02-27T00:00:00+00:00,planned,SET3
TABLET-WO-00700,P008,P008,3800,0,2020-02-06T00:00:00+00:00,planned,SET3
TABLET-WO-00701,P008,P008,2400,0,2020-02-13T00:00:00+00:00,planned,SET3
TABLET-WO-00702,P008,P008,0,0,2020-03-05T00:00:00+00:00,planned,SET3
TABLET-WO-00703,P008,P008,0,0,2020-03-26T00:00:00+00:00,planned,SET3
TABLET-WO-00704,P008,P008,0,0,2020-03-12T00:00:00+00:00,planned,SET3
TABLET-WO-00705,P008,P008,0,0,2020-03-19T00:00:00+00:00,planned,SET3
TABLET-WO-00706,P008,P008,8000,0,2020-04-23T00:00:00+00:00,planned,SET3
TABLET-WO-00707,P008,P008,7000,0,2020-04-02T00:00:00+00:00,planned,SET3
TABLET-WO-00708,P008,P008,8800,0,2020-04-09T00:00:00+00:00,planned,SET3
TABLET-WO-00709,P008,P008,6700,0,2020-04-16T00:00:00+00:00,planned,SET3
TABLET-WO-00710,P008,P008,9000,0,2020-04-30T00:00:00+00:00,planned,SET3
TABLET-WO-00711,P008,P008,0,0,2020-05-14T00:00:00+00:00,planned,SET3
TABLET-WO-00712,P008,P008,0,0,2020-05-21T00:00:00+00:00,planned,SET3
TABLET-WO-00713,P008,P008,0,0,2020-05-28T00:00:00+00:00,planned,SET3
TABLET-WO-00714,P008,P008,0,0,2020-05-07T00:00:00+00:00,planned,SET3
TABLET-WO-00715,P008,P008,1800,0,2020-06-25T00:00:00+00:00,planned,SET3
TABLET-WO-00716,P008,P008,2300,0,2020-06-11T00:00:00+00:00,planned,SET3
TABLET-WO-00717,P008,P008,2400,0,2020-06-04T00:00:00+00:00,planned,SET3
TABLET-WO-00718,P008,P008,3500,0,2020-06-18T00:00:00+00:00,planned,SET3
TABLET-WO-00719,P008,P008,5700,0,2020-07-30T00:00:00+00:00,planned,SET3
TABLET-WO-00720,P008,P008,4600,0,2020-07-16T00:00:00+00:00,planned,SET3
TABLET-WO-00721,P008,P008,3800,0,2020-07-02T00:00:00+00:00,planned,SET3
TABLET-WO-00722,P008,P008,3500,0,2020-07-23T00:00:00+00:00,planned,SET3
TABLET-WO-00723,P008,P008,3300,0,2020-07-09T00:00:00+00:00,planned,SET3
TABLET-WO-00724,P008,P008,0,0,2020-08-27T00:00:00+00:00,planned,SET3
TABLET-WO-00725,P008,P008,0,0,2020-08-06T00:00:00+00:00,planned,SET3
TABLET-WO-00726,P008,P008,0,0,2020-08-13T00:00:00+00:00,planned,SET3
TABLET-WO-00727,P008,P008,0,0,2020-08-20T00:00:00+00:00,planned,SET3
TABLET-WO-00728,P008,P008,1700,0,2020-09-24T00:00:00+00:00,planned,SET3
TABLET-WO-00729,P008,P008,1500,0,2020-09-17T00:00:00+00:00,planned,SET3
TABLET-WO-00730,P008,P008,2000,0,2020-09-10T00:00:00+00:00,planned,SET3
TABLET-WO-00731,P008,P008,2000,0,2020-09-03T00:00:00+00:00,planned,SET3
TABLET-WO-00732,P008,P008,2200,0,2020-10-29T00:00:00+00:00,planned,SET3
TABLET-WO-00733,P008,P008,3400,0,2020-10-22T00:00:00+00:00,planned,SET3
TABLET-WO-00734,P008,P008,2900,0,2020-10-08T00:00:00+00:00,planned,SET3
TABLET-WO-00735,P008,P008,2500,0,2020-10-15T00:00:00+00:00,planned,SET3
TABLET-WO-00736,P008,P008,0,0,2020-10-01T00:00:00+00:00,planned,SET3
TABLET-WO-00737,P008,P008,0,0,2020-11-05T00:00:00+00:00,planned,SET3
TABLET-WO-00738,P008,P008,0,0,2020-11-12T00:00:00+00:00,planned,SET3
TABLET-WO-00739,P008,P008,0,0,2020-11-26T00:00:00+00:00,planned,SET3
TABLET-WO-00740,P008,P008,0,0,2020-11-19T00:00:00+00:00,planned,SET3
TABLET-WO-00741,P009,P009,0,0,2018-02-08T00:00:00+00:00,planned,SET3
TABLET-WO-00742,P009,P009,0,0,2018-02-01T00:00:00+00:00,planned,SET3
TABLET-WO-00743,P009,P009,0,0,2018-02-22T00:00:00+00:00,planned,SET3
TABLET-WO-00744,P009,P009,0,0,2018-02-15T00:00:00+00:00,planned,SET3
TABLET-WO-00745,P009,P009,8400,0,2018-03-22T00:00:00+00:00,planned,SET3
TABLET-WO-00746,P009,P009,0,0,2018-03-29T00:00:00+00:00,planned,SET3
TABLET-WO-00747,P009,P009,4900,0,2018-03-01T00:00:00+00:00,planned,SET3
TABLET-WO-00748,P009,P009,7000,0,2018-03-08T00:00:00+00:00,planned,SET3
TABLET-WO-00749,P009,P009,9500,0,2018-03-15T00:00:00+00:00,planned,SET3
TABLET-WO-00750,P009,P009,0,0,2018-04-26T00:00:00+00:00,planned,SET3
TABLET-WO-00751,P009,P009,0,0,2018-04-19T00:00:00+00:00,planned,SET3
TABLET-WO-00752,P009,P009,0,0,2018-04-05T00:00:00+00:00,planned,SET3
TABLET-WO-00753,P009,P009,0,0,2018-04-12T00:00:00+00:00,planned,SET3
TABLET-WO-00754,P009,P009,0,0,2018-05-24T00:00:00+00:00,planned,SET3
TABLET-WO-00755,P009,P009,0,0,2018-05-31T00:00:00+00:00,planned,SET3
TABLET-WO-00756,P009,P009,0,0,2018-05-17T00:00:00+00:00,planned,SET3
TABLET-WO-00757,P009,P009,0,0,2018-05-03T00:00:00+00:00,planned,SET3
TABLET-WO-00758,P009,P009,0,0,2018-05-10T00:00:00+00:00,planned,SET3
TABLET-WO-00759,P009,P009,0,0,2018-06-07T00:00:00+00:00,planned,SET3
TABLET-WO-00760,P009,P009,0,0,2018-06-28T00:00:00+00:00,planned,SET3
TABLET-WO-00761,P009,P009,0,0,2018-06-21T00:00:00+00:00,planned,SET3
TABLET-WO-00762,P009,P009,0,0,2018-06-14T00:00:00+00:00,planned,SET3
TABLET-WO-00763,P009,P009,0,0,2018-07-12T00:00:00+00:00,planned,SET3
TABLET-WO-00764,P009,P009,0,0,2018-07-26T00:00:00+00:00,planned,SET3
TABLET-WO-00765,P009,P009,0,0,2018-07-19T00:00:00+00:00,planned,SET3
TABLET-WO-00766,P009,P009,0,0,2018-07-05T00:00:00+00:00,planned,SET3
TABLET-WO-00767,P009,P009,0,0,2018-08-16T00:00:00+00:00,planned,SET3
TABLET-WO-00768,P009,P009,0,0,2018-08-23T00:00:00+00:00,planned,SET3
TABLET-WO-00769,P009,P009,0,0,2018-08-09T00:00:00+00:00,planned,SET3
TABLET-WO-00770,P009,P009,0,0,2018-08-30T00:00:00+00:00,planned,SET3
TABLET-WO-00771,P009,P009,6700,0,2018-08-02T00:00:00+00:00,planned,SET3
TABLET-WO-00772,P009,P009,8400,0,2018-09-13T00:00:00+00:00,planned,SET3
TABLET-WO-00773,P009,P009,7600,0,2018-09-27T00:00:00+00:00,planned,SET3
TABLET-WO-00774,P009,P009,5400,0,2018-09-06T00:00:00+00:00,planned,SET3
TABLET-WO-00775,P009,P009,6100,0,2018-09-20T00:00:00+00:00,planned,SET3
TABLET-WO-00776,P009,P009,6100,0,2018-10-25T00:00:00+00:00,planned,SET3
TABLET-WO-00777,P009,P009,0,0,2018-10-04T00:00:00+00:00,planned,SET3
TABLET-WO-00778,P009,P009,0,0,2018-10-18T00:00:00+00:00,planned,SET3
TABLET-WO-00779,P009,P009,0,0,2018-10-11T00:00:00+00:00,planned,SET3
TABLET-WO-00780,P009,P009,0,0,2018-11-29T00:00:00+00:00,planned,SET3
TABLET-WO-00781,P009,P009,0,0,2018-11-15T00:00:00+00:00,planned,SET3
TABLET-WO-00782,P009,P009,0,0,2018-11-08T00:00:00+00:00,planned,SET3
TABLET-WO-00783,P009,P009,0,0,2018-11-01T00:00:00+00:00,planned,SET3
TABLET-WO-00784,P009,P009,0,0,2018-11-22T00:00:00+00:00,planned,SET3
TABLET-WO-00785,P009,P009,0,0,2018-12-06T00:00:00+00:00,planned,SET3
TABLET-WO-00786,P009,P009,0,0,2018-12-20T00:00:00+00:00,planned,SET3
TABLET-WO-00787,P009,P009,0,0,2018-12-27T00:00:00+00:00,planned,SET3
TABLET-WO-00788,P009,P009,0,0,2018-12-13T00:00:00+00:00,planned,SET3
TABLET-WO-00789,P009,P009,0,0,2019-01-03T00:00:00+00:00,planned,SET3
TABLET-WO-00790,P009,P009,0,0,2019-01-31T00:00:00+00:00,planned,SET3
TABLET-WO-00791,P009,P009,0,0,2019-01-10T00:00:00+00:00,planned,SET3
TABLET-WO-00792,P009,P009,0,0,2019-01-24T00:00:00+00:00,planned,SET3
TABLET-WO-00793,P009,P009,0,0,2019-01-17T00:00:00+00:00,planned,SET3
TABLET-WO-00794,P009,P009,0,0,2019-02-07T00:00:00+00:00,planned,SET3
TABLET-WO-00795,P009,P009,0,0,2019-02-14T00:00:00+00:00,planned,SET3
TABLET-WO-00796,P009,P009,0,0,2019-02-28T00:00:00+00:00,planned,SET3
TABLET-WO-00797,P009,P009,0,0,2019-02-21T00:00:00+00:00,planned,SET3
TABLET-WO-00798,P009,P009,0,0,2019-03-28T00:00:00+00:00,planned,SET3
TABLET-WO-00799,P009,P009,0,0,2019-03-07T00:00:00+00:00,planned,SET3
TABLET-WO-00800,P009,P009,0,0,2019-03-14T00:00:00+00:00,planned,SET3
TABLET-WO-00801,P009,P009,0,0,2019-03-21T00:00:00+00:00,planned,SET3
TABLET-WO-00802,P009,P009,7200,0,2019-04-11T00:00:00+00:00,planned,SET3
TABLET-WO-00803,P009,P009,7800,0,2019-04-25T00:00:00+00:00,planned,SET3
TABLET-WO-00804,P009,P009,6600,0,2019-04-18T00:00:00+00:00,planned,SET3
TABLET-WO-00805,P009,P009,8400,0,2019-04-04T00:00:00+00:00,planned,SET3
TABLET-WO-00806,P009,P009,0,0,2019-05-30T00:00:00+00:00,planned,SET3
TABLET-WO-00807,P009,P009,0,0,2019-05-02T00:00:00+00:00,planned,SET3
TABLET-WO-00808,P009,P009,0,0,2019-05-16T00:00:00+00:00,planned,SET3
TABLET-WO-00809,P009,P009,0,0,2019-05-23T00:00:00+00:00,planned,SET3
TABLET-WO-00810,P009,P009,0,0,2019-05-09T00:00:00+00:00,planned,SET3
TABLET-WO-00811,P009,P009,0,0,2019-06-27T00:00:00+00:00,planned,SET3
TABLET-WO-00812,P009,P009,0,0,2019-06-20T00:00:00+00:00,planned,SET3
TABLET-WO-00813,P009,P009,0,0,2019-06-06T00:00:00+00:00,planned,SET3
TABLET-WO-00814,P009,P009,0,0,2019-06-13T00:00:00+00:00,planned,SET3
TABLET-WO-00815,P009,P009,0,0,2019-07-25T00:00:00+00:00,planned,SET3
TABLET-WO-00816,P009,P009,0,0,2019-07-18T00:00:00+00:00,planned,SET3
TABLET-WO-00817,P009,P009,0,0,2019-07-11T00:00:00+00:00,planned,SET3
TABLET-WO-00818,P009,P009,0,0,2019-07-04T00:00:00+00:00,planned,SET3
TABLET-WO-00819,P009,P009,11800,0,2019-08-22T00:00:00+00:00,planned,SET3
TABLET-WO-00820,P009,P009,11600,0,2019-08-15T00:00:00+00:00,planned,SET3
TABLET-WO-00821,P009,P009,9000,0,2019-08-29T00:00:00+00:00,planned,SET3
TABLET-WO-00822,P009,P009,0,0,2019-08-08T00:00:00+00:00,planned,SET3
TABLET-WO-00823,P009,P009,7900,0,2019-08-01T00:00:00+00:00,planned,SET3
TABLET-WO-00824,P009,P009,0,0,2019-09-05T00:00:00+00:00,planned,SET3
TABLET-WO-00825,P009,P009,0,0,2019-09-12T00:00:00+00:00,planned,SET3
TABLET-WO-00826,P009,P009,0,0,2019-09-26T00:00:00+00:00,planned,SET3
TABLET-WO-00827,P009,P009,0,0,2019-09-19T00:00:00+00:00,planned,SET3
TABLET-WO-00828,P009,P009,1600,0,2019-10-31T00:00:00+00:00,planned,SET3
TABLET-WO-00829,P009,P009,2400,0,2019-10-03T00:00:00+00:00,planned,SET3
TABLET-WO-00830,P009,P009,1900,0,2019-10-10T00:00:00+00:00,planned,SET3
TABLET-WO-00831,P009,P009,2100,0,2019-10-17T00:00:00+00:00,planned,SET3
TABLET-WO-00832,P009,P009,2000,0,2019-10-24T00:00:00+00:00,planned,SET3
TABLET-WO-00833,P009,P009,0,0,2019-11-07T00:00:00+00:00,planned,SET3
TABLET-WO-00834,P009,P009,0,0,2019-11-14T00:00:00+00:00,planned,SET3
TABLET-WO-00835,P009,P009,0,0,2019-11-21T00:00:00+00:00,planned,SET3
TABLET-WO-00836,P009,P009,0,0,2019-11-28T00:00:00+00:00,planned,SET3
TABLET-WO-00837,P009,P009,0,0,2019-12-19T00:00:00+00:00,planned,SET3
TABLET-WO-00838,P009,P009,0,0,2019-12-05T00:00:00+00:00,planned,SET3
TABLET-WO-00839,P009,P009,0,0,2019-12-26T00:00:00+00:00,planned,SET3
TABLET-WO-00840,P009,P009,0,0,2019-12-12T00:00:00+00:00,planned,SET3
TABLET-WO-00841,P009,P009,6200,0,2020-01-16T00:00:00+00:00,planned,SET3
TABLET-WO-00842,P009,P009,8200,0,2020-01-23T00:00:00+00:00,planned,SET3
TABLET-WO-00843,P009,P009,9600,0,2020-01-30T00:00:00+00:00,planned,SET3
TABLET-WO-00844,P009,P009,7700,0,2020-01-02T00:00:00+00:00,planned,SET3
TABLET-WO-00845,P009,P009,8500,0,2020-01-09T00:00:00+00:00,planned,SET3
TABLET-WO-00846,P009,P009,4200,0,2020-02-27T00:00:00+00:00,planned,SET3
TABLET-WO-00847,P009,P009,4200,0,2020-02-06T00:00:00+00:00,planned,SET3
TABLET-WO-00848,P009,P009,5400,0,2020-02-20T00:00:00+00:00,planned,SET3
TABLET-WO-00849,P009,P009,6200,0,2020-02-13T00:00:00+00:00,planned,SET3
TABLET-WO-00850,P009,P009,0,0,2020-03-12T00:00:00+00:00,planned,SET3
TABLET-WO-00851,P009,P009,0,0,2020-03-26T00:00:00+00:00,planned,SET3
TABLET-WO-00852,P009,P009,0,0,2020-03-05T00:00:00+00:00,planned,SET3
TABLET-WO-00853,P009,P009,0,0,2020-03-19T00:00:00+00:00,planned,SET3
TABLET-WO-00854,P009,P009,9300,0,2020-04-16T00:00:00+00:00,planned,SET3
TABLET-WO-00855,P009,P009,0,0,2020-04-23T00:00:00+00:00,planned,SET3
TABLET-WO-00856,P009,P009,8300,0,2020-04-09T00:00:00+00:00,planned,SET3
TABLET-WO-00857,P009,P009,5400,0,2020-04-30T00:00:00+00:00,planned,SET3
TABLET-WO-00858,P009,P009,7300,0,2020-04-02T00:00:00+00:00,planned,SET3
TABLET-WO-00859,P009,P009,0,0,2020-05-14T00:00:00+00:00,planned,SET3
TABLET-WO-00860,P009,P009,0,0,2020-05-21T00:00:00+00:00,planned,SET3
TABLET-WO-00861,P009,P009,0,0,2020-05-28T00:00:00+00:00,planned,SET3
TABLET-WO-00862,P009,P009,0,0,2020-05-07T00:00:00+00:00,planned,SET3
TABLET-WO-00863,P009,P009,0,0,2020-06-18T00:00:00+00:00,planned,SET3
TABLET-WO-00864,P009,P009,6200,0,2020-06-04T00:00:00+00:00,planned,SET3
TABLET-WO-00865,P009,P009,5100,0,2020-06-11T00:00:00+00:00,planned,SET3
TABLET-WO-00866,P009,P009,8600,0,2020-06-25T00:00:00+00:00,planned,SET3
TABLET-WO-00867,P009,P009,7800,0,2020-07-30T00:00:00+00:00,planned,SET3
TABLET-WO-00868,P009,P009,6200,0,2020-07-09T00:00:00+00:00,planned,SET3
TABLET-WO-00869,P009,P009,11000,0,2020-07-16T00:00:00+00:00,planned,SET3
TABLET-WO-00870,P009,P009,0,0,2020-07-23T00:00:00+00:00,planned,SET3
TABLET-WO-00871,P009,P009,6000,0,2020-07-02T00:00:00+00:00,planned,SET3
TABLET-WO-00872,P009,P009,0,0,2020-08-20T00:00:00+00:00,planned,SET3
TABLET-WO-00873,P009,P009,0,0,2020-08-06T00:00:00+00:00,planned,SET3
TABLET-WO-00874,P009,P009,0,0,2020-08-27T00:00:00+00:00,planned,SET3
TABLET-WO-00875,P009,P009,0,0,2020-08-13T00:00:00+00:00,planned,SET3
TABLET-WO-00876,P009,P009,100,0,2020-09-17T00:00:00+00:00,planned,SET3
TABLET-WO-00877,P009,P009,100,0,2020-09-10T00:00:00+00:00,planned,SET3
TABLET-WO-00878,P009,P009,100,0,2020-09-24T00:00:00+00:00,planned,SET3
TABLET-WO-00879,P009,P009,100,0,2020-09-03T00:00:00+00:00,planned,SET3
TABLET-WO-00880,P009,P009,5300,0,2020-10-08T00:00:00+00:00,planned,SET3
TABLET-WO-00881,P009,P009,5900,0,2020-10-22T00:00:00+00:00,planned,SET3
TABLET-WO-00882,P009,P009,5900,0,2020-10-15T00:00:00+00:00,planned,SET3
TABLET-WO-00883,P009,P009,6100,0,2020-10-01T00:00:00+00:00,planned,SET3
TABLET-WO-00884,P009,P009,6900,0,2020-10-29T00:00:00+00:00,planned,SET3
TABLET-WO-00885,P009,P009,0,0,2020-11-19T00:00:00+00:00,planned,SET3
TABLET-WO-00886,P009,P009,0,0,2020-11-26T00:00:00+00:00,planned,SET3
TABLET-WO-00887,P009,P009,0,0,2020-11-12T00:00:00+00:00,planned,SET3
TABLET-WO-00888,P009,P009,0,0,2020-11-05T00:00:00+00:00,planned,SET3
TABLET-WO-00889,P010,P010,1200,0,2018-02-15T00:00:00+00:00,planned,SET3
TABLET-WO-00890,P010,P010,800,0,2018-02-01T00:00:00+00:00,planned,SET3
TABLET-WO-00891,P010,P010,700,0,2018-02-08T00:00:00+00:00,planned,SET3
TABLET-WO-00892,P010,P010,1200,0,2018-02-22T00:00:00+00:00,planned,SET3
TABLET-WO-00893,P010,P010,1100,0,2018-03-15T00:00:00+00:00,planned,SET3
TABLET-WO-00894,P010,P010,1000,0,2018-03-01T00:00:00+00:00,planned,SET3
TABLET-WO-00895,P010,P010,1500,0,2018-03-22T00:00:00+00:00,planned,SET3
TABLET-WO-00896,P010,P010,800,0,2018-03-29T00:00:00+00:00,planned,SET3
TABLET-WO-00897,P010,P010,0,0,2018-03-08T00:00:00+00:00,planned,SET3
TABLET-WO-00898,P010,P010,0,0,2018-04-26T00:00:00+00:00,planned,SET3
TABLET-WO-00899,P010,P010,0,0,2018-04-19T00:00:00+00:00,planned,SET3
TABLET-WO-00900,P010,P010,0,0,2018-04-12T00:00:00+00:00,planned,SET3
TABLET-WO-00901,P010,P010,0,0,2018-04-05T00:00:00+00:00,planned,SET3
TABLET-WO-00902,P010,P010,1300,0,2018-05-03T00:00:00+00:00,planned,SET3
TABLET-WO-00903,P010,P010,1100,0,2018-05-24T00:00:00+00:00,planned,SET3
TABLET-WO-00904,P010,P010,1700,0,2018-05-10T00:00:00+00:00,planned,SET3
TABLET-WO-00905,P010,P010,2000,0,2018-05-31T00:00:00+00:00,planned,SET3
TABLET-WO-00906,P010,P010,1300,0,2018-05-17T00:00:00+00:00,planned,SET3
TABLET-WO-00907,P010,P010,300,0,2018-06-14T00:00:00+00:00,planned,SET3
TABLET-WO-00908,P010,P010,300,0,2018-06-21T00:00:00+00:00,planned,SET3
TABLET-WO-00909,P010,P010,200,0,2018-06-28T00:00:00+00:00,planned,SET3
TABLET-WO-00910,P010,P010,200,0,2018-06-07T00:00:00+00:00,planned,SET3
TABLET-WO-00911,P010,P010,0,0,2018-07-05T00:00:00+00:00,planned,SET3
TABLET-WO-00912,P010,P010,0,0,2018-07-26T00:00:00+00:00,planned,SET3
TABLET-WO-00913,P010,P010,0,0,2018-07-12T00:00:00+00:00,planned,SET3
TABLET-WO-00914,P010,P010,0,0,2018-07-19T00:00:00+00:00,planned,SET3
TABLET-WO-00915,P010,P010,300,0,2018-08-30T00:00:00+00:00,planned,SET3
TABLET-WO-00916,P010,P010,200,0,2018-08-16T00:00:00+00:00,planned,SET3
TABLET-WO-00917,P010,P010,300,0,2018-08-23T00:00:00+00:00,planned,SET3
TABLET-WO-00918,P010,P010,200,0,2018-08-02T00:00:00+00:00,planned,SET3
TABLET-WO-00919,P010,P010,0,0,2018-08-09T00:00:00+00:00,planned,SET3
TABLET-WO-00920,P010,P010,0,0,2018-09-20T00:00:00+00:00,planned,SET3
TABLET-WO-00921,P010,P010,0,0,2018-09-13T00:00:00+00:00,planned,SET3
TABLET-WO-00922,P010,P010,0,0,2018-09-27T00:00:00+00:00,planned,SET3
TABLET-WO-00923,P010,P010,0,0,2018-09-06T00:00:00+00:00,planned,SET3
TABLET-WO-00924,P010,P010,1600,0,2018-10-04T00:00:00+00:00,planned,SET3
TABLET-WO-00925,P010,P010,1200,0,2018-10-25T00:00:00+00:00,planned,SET3
TABLET-WO-00926,P010,P010,1900,0,2018-10-11T00:00:00+00:00,planned,SET3
TABLET-WO-00927,P010,P010,1200,0,2018-10-18T00:00:00+00:00,planned,SET3
TABLET-WO-00928,P010,P010,1700,0,2018-11-15T00:00:00+00:00,planned,SET3
TABLET-WO-00929,P010,P010,1700,0,2018-11-08T00:00:00+00:00,planned,SET3
TABLET-WO-00930,P010,P010,1800,0,2018-11-01T00:00:00+00:00,planned,SET3
TABLET-WO-00931,P010,P010,1100,0,2018-11-29T00:00:00+00:00,planned,SET3
TABLET-WO-00932,P010,P010,0,0,2018-11-22T00:00:00+00:00,planned,SET3
TABLET-WO-00933,P010,P010,0,0,2018-12-20T00:00:00+00:00,planned,SET3
TABLET-WO-00934,P010,P010,0,0,2018-12-06T00:00:00+00:00,planned,SET3
TABLET-WO-00935,P010,P010,0,0,2018-12-13T00:00:00+00:00,planned,SET3
TABLET-WO-00936,P010,P010,0,0,2018-12-27T00:00:00+00:00,planned,SET3
TABLET-WO-00937,P010,P010,300,0,2019-01-03T00:00:00+00:00,planned,SET3
TABLET-WO-00938,P010,P010,300,0,2019-01-31T00:00:00+00:00,planned,SET3
TABLET-WO-00939,P010,P010,300,0,2019-01-24T00:00:00+00:00,planned,SET3
TABLET-WO-00940,P010,P010,200,0,2019-01-10T00:00:00+00:00,planned,SET3
TABLET-WO-00941,P010,P010,0,0,2019-01-17T00:00:00+00:00,planned,SET3
TABLET-WO-00942,P010,P010,900,0,2019-02-07T00:00:00+00:00,planned,SET3
TABLET-WO-00943,P010,P010,1100,0,2019-02-28T00:00:00+00:00,planned,SET3
TABLET-WO-00944,P010,P010,1200,0,2019-02-21T00:00:00+00:00,planned,SET3
TABLET-WO-00945,P010,P010,1100,0,2019-02-14T00:00:00+00:00,planned,SET3
TABLET-WO-00946,P010,P010,0,0,2019-03-07T00:00:00+00:00,planned,SET3
TABLET-WO-00947,P010,P010,0,0,2019-03-28T00:00:00+00:00,planned,SET3
TABLET-WO-00948,P010,P010,0,0,2019-03-14T00:00:00+00:00,planned,SET3
TABLET-WO-00949,P010,P010,0,0,2019-03-21T00:00:00+00:00,planned,SET3
TABLET-WO-00950,P010,P010,1300,0,2019-04-04T00:00:00+00:00,planned,SET3
TABLET-WO-00951,P010,P010,800,0,2019-04-25T00:00:00+00:00,planned,SET3
TABLET-WO-00952,P010,P010,1000,0,2019-04-11T00:00:00+00:00,planned,SET3
TABLET-WO-00953,P010,P010,0,0,2019-04-18T00:00:00+00:00,planned,SET3
TABLET-WO-00954,P010,P010,500,0,2019-05-09T00:00:00+00:00,planned,SET3
TABLET-WO-00955,P010,P010,500,0,2019-05-23T00:00:00+00:00,planned,SET3
TABLET-WO-00956,P010,P010,500,0,2019-05-02T00:00:00+00:00,planned,SET3
TABLET-WO-00957,P010,P010,400,0,2019-05-16T00:00:00+00:00,planned,SET3
TABLET-WO-00958,P010,P010,0,0,2019-05-30T00:00:00+00:00,planned,SET3
TABLET-WO-00959,P010,P010,0,0,2019-06-27T00:00:00+00:00,planned,SET3
TABLET-WO-00960,P010,P010,0,0,2019-06-06T00:00:00+00:00,planned,SET3
TABLET-WO-00961,P010,P010,0,0,2019-06-13T00:00:00+00:00,planned,SET3
TABLET-WO-00962,P010,P010,0,0,2019-06-20T00:00:00+00:00,planned,SET3
TABLET-WO-00963,P010,P010,1100,0,2019-07-11T00:00:00+00:00,planned,SET3
TABLET-WO-00964,P010,P010,800,0,2019-07-04T00:00:00+00:00,planned,SET3
TABLET-WO-00965,P010,P010,800,0,2019-07-25T00:00:00+00:00,planned,SET3
TABLET-WO-00966,P010,P010,0,0,2019-07-18T00:00:00+00:00,planned,SET3
TABLET-WO-00967,P010,P010,500,0,2019-08-29T00:00:00+00:00,planned,SET3
TABLET-WO-00968,P010,P010,400,0,2019-08-08T00:00:00+00:00,planned,SET3
TABLET-WO-00969,P010,P010,500,0,2019-08-22T00:00:00+00:00,planned,SET3
TABLET-WO-00970,P010,P010,400,0,2019-08-01T00:00:00+00:00,planned,SET3
TABLET-WO-00971,P010,P010,600,0,2019-08-15T00:00:00+00:00,planned,SET3
TABLET-WO-00972,P010,P010,0,0,2019-09-05T00:00:00+00:00,planned,SET3
TABLET-WO-00973,P010,P010,0,0,2019-09-26T00:00:00+00:00,planned,SET3
TABLET-WO-00974,P010,P010,0,0,2019-09-12T00:00:00+00:00,planned,SET3
TABLET-WO-00975,P010,P010,0,0,2019-09-19T00:00:00+00:00,planned,SET3
TABLET-WO-00976,P010,P010,1500,0,2019-10-24T00:00:00+00:00,planned,SET3
TABLET-WO-00977,P010,P010,1300,0,2019-10-10T00:00:00+00:00,planned,SET3
TABLET-WO-00978,P010,P010,900,0,2019-10-17T00:00:00+00:00,planned,SET3
TABLET-WO-00979,P010,P010,1400,0,2019-10-31T00:00:00+00:00,planned,SET3
TABLET-WO-00980,P010,P010,0,0,2019-10-03T00:00:00+00:00,planned,SET3
TABLET-WO-00981,P010,P010,0,0,2019-11-14T00:00:00+00:00,planned,SET3
TABLET-WO-00982,P010,P010,0,0,2019-11-21T00:00:00+00:00,planned,SET3
TABLET-WO-00983,P010,P010,0,0,2019-11-07T00:00:00+00:00,planned,SET3
TABLET-WO-00984,P010,P010,0,0,2019-11-28T00:00:00+00:00,planned,SET3
TABLET-WO-00985,P010,P010,0,0,2019-12-05T00:00:00+00:00,planned,SET3
TABLET-WO-00986,P010,P010,0,0,2019-12-26T00:00:00+00:00,planned,SET3
TABLET-WO-00987,P010,P010,0,0,2019-12-19T00:00:00+00:00,planned,SET3
TABLET-WO-00988,P010,P010,0,0,2019-12-12T00:00:00+00:00,planned,SET3
TABLET-WO-00989,P010,P010,1400,0,2020-01-16T00:00:00+00:00,planned,SET3
TABLET-WO-00990,P010,P010,1000,0,2020-01-30T00:00:00+00:00,planned,SET3
TABLET-WO-00991,P010,P010,900,0,2020-01-09T00:00:00+00:00,planned,SET3
TABLET-WO-00992,P010,P010,900,0,2020-01-23T00:00:00+00:00,planned,SET3
TABLET-WO-00993,P010,P010,1200,0,2020-01-02T00:00:00+00:00,planned,SET3
TABLET-WO-00994,P010,P010,400,0,2020-02-20T00:00:00+00:00,planned,SET3
TABLET-WO-00995,P010,P010,300,0,2020-02-06T00:00:00+00:00,planned,SET3
TABLET-WO-00996,P010,P010,300,0,2020-02-27T00:00:00+00:00,planned,SET3
TABLET-WO-00997,P010,P010,200,0,2020-02-13T00:00:00+00:00,planned,SET3
TABLET-WO-00998,P010,P010,0,0,2020-03-12T00:00:00+00:00,planned,SET3
TABLET-WO-00999,P010,P010,0,0,2020-03-19T00:00:00+00:00,planned,SET3
TABLET-WO-01000,P010,P010,0,0,2020-03-05T00:00:00+00:00,planned,SET3
TABLET-WO-01001,P010,P010,0,0,2020-03-26T00:00:00+00:00,planned,SET3
TABLET-WO-01002,P010,P010,4100,0,2020-04-23T00:00:00+00:00,planned,SET3
TABLET-WO-01003,P010,P010,5100,0,2020-04-02T00:00:00+00:00,planned,SET3
TABLET-WO-01004,P010,P010,5000,0,2020-04-30T00:00:00+00:00,planned,SET3
TABLET-WO-01005,P010,P010,4600,0,2020-04-09T00:00:00+00:00,planned,SET3
TABLET-WO-01006,P010,P010,0,0,2020-04-16T00:00:00+00:00,planned,SET3
TABLET-WO-01007,P010,P010,0,0,2020-05-07T00:00:00+00:00,planned,SET3
TABLET-WO-01008,P010,P010,0,0,2020-05-28T00:00:00+00:00,planned,SET3
TABLET-WO-01009,P010,P010,0,0,2020-05-14T00:00:00+00:00,planned,SET3
TABLET-WO-01010,P010,P010,0,0,2020-05-21T00:00:00+00:00,planned,SET3
TABLET-WO-01011,P010,P010,0,0,2020-06-18T00:00:00+00:00,planned,SET3
TABLET-WO-01012,P010,P010,0,0,2020-06-11T00:00:00+00:00,planned,SET3
TABLET-WO-01013,P010,P010,0,0,2020-06-04T00:00:00+00:00,planned,SET3
TABLET-WO-01014,P010,P010,0,0,2020-06-25T00:00:00+00:00,planned,SET3
TABLET-WO-01015,P010,P010,3400,0,2020-07-02T00:00:00+00:00,planned,SET3
TABLET-WO-01016,P010,P010,4000,0,2020-07-16T00:00:00+00:00,planned,SET3
TABLET-WO-01017,P010,P010,2100,0,2020-07-09T00:00:00+00:00,planned,SET3
TABLET-WO-01018,P010,P010,2500,0,2020-07-30T00:00:00+00:00,planned,SET3
TABLET-WO-01019,P010,P010,0,0,2020-07-23T00:00:00+00:00,planned,SET3
TABLET-WO-01020,P010,P010,0,0,2020-08-06T00:00:00+00:00,planned,SET3
TABLET-WO-01021,P010,P010,0,0,2020-08-27T00:00:00+00:00,planned,SET3
TABLET-WO-01022,P010,P010,0,0,2020-08-20T00:00:00+00:00,planned,SET3
TABLET-WO-01023,P010,P010,0,0,2020-08-13T00:00:00+00:00,planned,SET3
TABLET-WO-01024,P010,P010,1100,0,2020-09-24T00:00:00+00:00,planned,SET3
TABLET-WO-01025,P010,P010,800,0,2020-09-17T00:00:00+00:00,planned,SET3
TABLET-WO-01026,P010,P010,1100,0,2020-09-10T00:00:00+00:00,planned,SET3
TABLET-WO-01027,P010,P010,900,0,2020-09-03T00:00:00+00:00,planned,SET3
TABLET-WO-01028,P010,P010,2900,0,2020-10-01T00:00:00+00:00,planned,SET3
TABLET-WO-01029,P010,P010,4000,0,2020-10-15T00:00:00+00:00,planned,SET3
TABLET-WO-01030,P010,P010,2900,0,2020-10-08T00:00:00+00:00,planned,SET3
TABLET-WO-01031,P010,P010,2800,0,2020-10-29T00:00:00+00:00,planned,SET3
TABLET-WO-01032,P010,P010,0,0,2020-10-22T00:00:00+00:00,planned,SET3
TABLET-WO-01033,P010,P010,0,0,2020-11-19T00:00:00+00:00,planned,SET3
TABLET-WO-01034,P010,P010,0,0,2020-11-05T00:00:00+00:00,planned,SET3
TABLET-WO-01035,P010,P010,0,0,2020-11-12T00:00:00+00:00,planned,SET3
TABLET-WO-01036,P010,P010,0,0,2020-11-26T00:00:00+00:00,planned,SET3
TABLET-WO-01037,P013,P013,1300,0,2018-02-22T00:00:00+00:00,planned,SET3
TABLET-WO-01038,P013,P013,800,0,2018-02-08T00:00:00+00:00,planned,SET3
TABLET-WO-01039,P013,P013,1100,0,2018-02-01T00:00:00+00:00,planned,SET3
TABLET-WO-01040,P013,P013,800,0,2018-02-15T00:00:00+00:00,planned,SET3
TABLET-WO-01041,P013,P013,0,0,2018-03-22T00:00:00+00:00,planned,SET3
TABLET-WO-01042,P013,P013,0,0,2018-03-08T00:00:00+00:00,planned,SET3
TABLET-WO-01043,P013,P013,0,0,2018-03-01T00:00:00+00:00,planned,SET3
TABLET-WO-01044,P013,P013,0,0,2018-03-15T00:00:00+00:00,planned,SET3
TABLET-WO-01045,P013,P013,0,0,2018-03-29T00:00:00+00:00,planned,SET3
TABLET-WO-01046,P013,P013,0,0,2018-04-19T00:00:00+00:00,planned,SET3
TABLET-WO-01047,P013,P013,0,0,2018-04-05T00:00:00+00:00,planned,SET3
TABLET-WO-01048,P013,P013,0,0,2018-04-12T00:00:00+00:00,planned,SET3
TABLET-WO-01049,P013,P013,0,0,2018-04-26T00:00:00+00:00,planned,SET3
TABLET-WO-01050,P013,P013,0,0,2018-05-03T00:00:00+00:00,planned,SET3
TABLET-WO-01051,P013,P013,0,0,2018-05-10T00:00:00+00:00,planned,SET3
TABLET-WO-01052,P013,P013,0,0,2018-05-17T00:00:00+00:00,planned,SET3
TABLET-WO-01053,P013,P013,0,0,2018-05-24T00:00:00+00:00,planned,SET3
TABLET-WO-01054,P013,P013,0,0,2018-05-31T00:00:00+00:00,planned,SET3
TABLET-WO-01055,P013,P013,600,0,2018-06-21T00:00:00+00:00,planned,SET3
TABLET-WO-01056,P013,P013,1200,0,2018-06-14T00:00:00+00:00,planned,SET3
TABLET-WO-01057,P013,P013,700,0,2018-06-07T00:00:00+00:00,planned,SET3
TABLET-WO-01058,P013,P013,0,0,2018-06-28T00:00:00+00:00,planned,SET3
TABLET-WO-01059,P013,P013,0,0,2018-07-19T00:00:00+00:00,planned,SET3
TABLET-WO-01060,P013,P013,0,0,2018-07-26T00:00:00+00:00,planned,SET3
TABLET-WO-01061,P013,P013,0,0,2018-07-12T00:00:00+00:00,planned,SET3
TABLET-WO-01062,P013,P013,0,0,2018-07-05T00:00:00+00:00,planned,SET3
TABLET-WO-01063,P013,P013,400,0,2018-08-30T00:00:00+00:00,planned,SET3
TABLET-WO-01064,P013,P013,300,0,2018-08-23T00:00:00+00:00,planned,SET3
TABLET-WO-01065,P013,P013,200,0,2018-08-02T00:00:00+00:00,planned,SET3
TABLET-WO-01066,P013,P013,400,0,2018-08-16T00:00:00+00:00,planned,SET3
TABLET-WO-01067,P013,P013,400,0,2018-08-09T00:00:00+00:00,planned,SET3
TABLET-WO-01068,P013,P013,0,0,2018-09-06T00:00:00+00:00,planned,SET3
TABLET-WO-01069,P013,P013,0,0,2018-09-13T00:00:00+00:00,planned,SET3
TABLET-WO-01070,P013,P013,0,0,2018-09-20T00:00:00+00:00,planned,SET3
TABLET-WO-01071,P013,P013,0,0,2018-09-27T00:00:00+00:00,planned,SET3
TABLET-WO-01072,P013,P013,0,0,2018-10-04T00:00:00+00:00,planned,SET3
TABLET-WO-01073,P013,P013,0,0,2018-10-18T00:00:00+00:00,planned,SET3
TABLET-WO-01074,P013,P013,0,0,2018-10-11T00:00:00+00:00,planned,SET3
TABLET-WO-01075,P013,P013,0,0,2018-10-25T00:00:00+00:00,planned,SET3
TABLET-WO-01076,P013,P013,0,0,2018-11-08T00:00:00+00:00,planned,SET3
TABLET-WO-01077,P013,P013,0,0,2018-11-15T00:00:00+00:00,planned,SET3
TABLET-WO-01078,P013,P013,0,0,2018-11-01T00:00:00+00:00,planned,SET3
TABLET-WO-01079,P013,P013,0,0,2018-11-22T00:00:00+00:00,planned,SET3
TABLET-WO-01080,P013,P013,0,0,2018-11-29T00:00:00+00:00,planned,SET3
TABLET-WO-01081,P013,P013,0,0,2018-12-13T00:00:00+00:00,planned,SET3
TABLET-WO-01082,P013,P013,0,0,2018-12-20T00:00:00+00:00,planned,SET3
TABLET-WO-01083,P013,P013,0,0,2018-12-27T00:00:00+00:00,planned,SET3
TABLET-WO-01084,P013,P013,0,0,2018-12-06T00:00:00+00:00,planned,SET3
TABLET-WO-01085,P013,P013,0,0,2019-01-17T00:00:00+00:00,planned,SET3
TABLET-WO-01086,P013,P013,0,0,2019-01-31T00:00:00+00:00,planned,SET3
TABLET-WO-01087,P013,P013,0,0,2019-01-10T00:00:00+00:00,planned,SET3
TABLET-WO-01088,P013,P013,0,0,2019-01-24T00:00:00+00:00,planned,SET3
TABLET-WO-01089,P013,P013,0,0,2019-01-03T00:00:00+00:00,planned,SET3
TABLET-WO-01090,P013,P013,0,0,2019-02-07T00:00:00+00:00,planned,SET3
TABLET-WO-01091,P013,P013,0,0,2019-02-28T00:00:00+00:00,planned,SET3
TABLET-WO-01092,P013,P013,0,0,2019-02-14T00:00:00+00:00,planned,SET3
TABLET-WO-01093,P013,P013,0,0,2019-02-21T00:00:00+00:00,planned,SET3
TABLET-WO-01094,P013,P013,0,0,2019-03-07T00:00:00+00:00,planned,SET3
TABLET-WO-01095,P013,P013,0,0,2019-03-28T00:00:00+00:00,planned,SET3
TABLET-WO-01096,P013,P013,0,0,2019-03-14T00:00:00+00:00,planned,SET3
TABLET-WO-01097,P013,P013,0,0,2019-03-21T00:00:00+00:00,planned,SET3
TABLET-WO-01098,P013,P013,0,0,2019-04-25T00:00:00+00:00,planned,SET3
TABLET-WO-01099,P013,P013,0,0,2019-04-04T00:00:00+00:00,planned,SET3
TABLET-WO-01100,P013,P013,0,0,2019-04-18T00:00:00+00:00,planned,SET3
TABLET-WO-01101,P013,P013,0,0,2019-04-11T00:00:00+00:00,planned,SET3
TABLET-WO-01102,P013,P013,1300,0,2019-05-02T00:00:00+00:00,planned,SET3
TABLET-WO-01103,P013,P013,1000,0,2019-05-09T00:00:00+00:00,planned,SET3
TABLET-WO-01104,P013,P013,1100,0,2019-05-23T00:00:00+00:00,planned,SET3
TABLET-WO-01105,P013,P013,1500,0,2019-05-16T00:00:00+00:00,planned,SET3
TABLET-WO-01106,P013,P013,0,0,2019-05-30T00:00:00+00:00,planned,SET3
TABLET-WO-01107,P013,P013,0,0,2019-06-27T00:00:00+00:00,planned,SET3
TABLET-WO-01108,P013,P013,0,0,2019-06-13T00:00:00+00:00,planned,SET3
TABLET-WO-01109,P013,P013,0,0,2019-06-06T00:00:00+00:00,planned,SET3
TABLET-WO-01110,P013,P013,0,0,2019-06-20T00:00:00+00:00,planned,SET3
TABLET-WO-01111,P013,P013,3500,0,2019-07-11T00:00:00+00:00,planned,SET3
TABLET-WO-01112,P013,P013,2700,0,2019-07-25T00:00:00+00:00,planned,SET3
TABLET-WO-01113,P013,P013,2300,0,2019-07-18T00:00:00+00:00,planned,SET3
TABLET-WO-01114,P013,P013,0,0,2019-07-04T00:00:00+00:00,planned,SET3
TABLET-WO-01115,P013,P013,500,0,2019-08-01T00:00:00+00:00,planned,SET3
TABLET-WO-01116,P013,P013,900,0,2019-08-15T00:00:00+00:00,planned,SET3
TABLET-WO-01117,P013,P013,700,0,2019-08-22T00:00:00+00:00,planned,SET3
TABLET-WO-01118,P013,P013,900,0,2019-08-08T00:00:00+00:00,planned,SET3
TABLET-WO-01119,P013,P013,800,0,2019-08-29T00:00:00+00:00,planned,SET3
TABLET-WO-01120,P013,P013,0,0,2019-09-26T00:00:00+00:00,planned,SET3
TABLET-WO-01121,P013,P013,0,0,2019-09-19T00:00:00+00:00,planned,SET3
TABLET-WO-01122,P013,P013,0,0,2019-09-12T00:00:00+00:00,planned,SET3
TABLET-WO-01123,P013,P013,0,0,2019-09-05T00:00:00+00:00,planned,SET3
TABLET-WO-01124,P013,P013,1000,0,2019-10-24T00:00:00+00:00,planned,SET3
TABLET-WO-01125,P013,P013,1000,0,2019-10-03T00:00:00+00:00,planned,SET3
TABLET-WO-01126,P013,P013,600,0,2019-10-31T00:00:00+00:00,planned,SET3
TABLET-WO-01127,P013,P013,500,0,2019-10-17T00:00:00+00:00,planned,SET3
TABLET-WO-01128,P013,P013,0,0,2019-10-10T00:00:00+00:00,planned,SET3
TABLET-WO-01129,P013,P013,400,0,2019-11-07T00:00:00+00:00,planned,SET3
TABLET-WO-01130,P013,P013,600,0,2019-11-14T00:00:00+00:00,planned,SET3
TABLET-WO-01131,P013,P013,400,0,2019-11-21T00:00:00+00:00,planned,SET3
TABLET-WO-01132,P013,P013,0,0,2019-11-28T00:00:00+00:00,planned,SET3
TABLET-WO-01133,P013,P013,0,0,2019-12-12T00:00:00+00:00,planned,SET3
TABLET-WO-01134,P013,P013,0,0,2019-12-05T00:00:00+00:00,planned,SET3
TABLET-WO-01135,P013,P013,0,0,2019-12-19T00:00:00+00:00,planned,SET3
TABLET-WO-01136,P013,P013,0,0,2019-12-26T00:00:00+00:00,planned,SET3
TABLET-WO-01137,P013,P013,1800,0,2020-01-30T00:00:00+00:00,planned,SET3
TABLET-WO-01138,P013,P013,1100,0,2020-01-23T00:00:00+00:00,planned,SET3
TABLET-WO-01139,P013,P013,1500,0,2020-01-09T00:00:00+00:00,planned,SET3
TABLET-WO-01140,P013,P013,1300,0,2020-01-16T00:00:00+00:00,planned,SET3
TABLET-WO-01141,P013,P013,0,0,2020-01-02T00:00:00+00:00,planned,SET3
TABLET-WO-01142,P013,P013,2700,0,2020-02-06T00:00:00+00:00,planned,SET3
TABLET-WO-01143,P013,P013,2600,0,2020-02-13T00:00:00+00:00,planned,SET3
TABLET-WO-01144,P013,P013,2300,0,2020-02-20T00:00:00+00:00,planned,SET3
TABLET-WO-01145,P013,P013,0,0,2020-02-27T00:00:00+00:00,planned,SET3
TABLET-WO-01146,P013,P013,0,0,2020-03-05T00:00:00+00:00,planned,SET3
TABLET-WO-01147,P013,P013,0,0,2020-03-19T00:00:00+00:00,planned,SET3
TABLET-WO-01148,P013,P013,0,0,2020-03-12T00:00:00+00:00,planned,SET3
TABLET-WO-01149,P013,P013,0,0,2020-03-26T00:00:00+00:00,planned,SET3
TABLET-WO-01150,P013,P013,1300,0,2020-04-23T00:00:00+00:00,planned,SET3
TABLET-WO-01151,P013,P013,1000,0,2020-04-30T00:00:00+00:00,planned,SET3
TABLET-WO-01152,P013,P013,1100,0,2020-04-09T00:00:00+00:00,planned,SET3
TABLET-WO-01153,P013,P013,800,0,2020-04-16T00:00:00+00:00,planned,SET3
TABLET-WO-01154,P013,P013,1000,0,2020-04-02T00:00:00+00:00,planned,SET3
TABLET-WO-01155,P013,P013,0,0,2020-05-21T00:00:00+00:00,planned,SET3
TABLET-WO-01156,P013,P013,0,0,2020-05-28T00:00:00+00:00,planned,SET3
TABLET-WO-01157,P013,P013,0,0,2020-05-07T00:00:00+00:00,planned,SET3
TABLET-WO-01158,P013,P013,0,0,2020-05-14T00:00:00+00:00,planned,SET3
TABLET-WO-01159,P013,P013,0,0,2020-06-04T00:00:00+00:00,planned,SET3
TABLET-WO-01160,P013,P013,0,0,2020-06-18T00:00:00+00:00,planned,SET3
TABLET-WO-01161,P013,P013,0,0,2020-06-11T00:00:00+00:00,planned,SET3
TABLET-WO-01162,P013,P013,0,0,2020-06-25T00:00:00+00:00,planned,SET3
TABLET-WO-01163,P013,P013,700,0,2020-07-30T00:00:00+00:00,planned,SET3
TABLET-WO-01164,P013,P013,600,0,2020-07-23T00:00:00+00:00,planned,SET3
TABLET-WO-01165,P013,P013,600,0,2020-07-02T00:00:00+00:00,planned,SET3
TABLET-WO-01166,P013,P013,900,0,2020-07-09T00:00:00+00:00,planned,SET3
TABLET-WO-01167,P013,P013,0,0,2020-07-16T00:00:00+00:00,planned,SET3
TABLET-WO-01168,P013,P013,0,0,2020-08-06T00:00:00+00:00,planned,SET3
TABLET-WO-01169,P013,P013,0,0,2020-08-20T00:00:00+00:00,planned,SET3
TABLET-WO-01170,P013,P013,0,0,2020-08-13T00:00:00+00:00,planned,SET3
TABLET-WO-01171,P013,P013,0,0,2020-08-27T00:00:00+00:00,planned,SET3
TABLET-WO-01172,P013,P013,1400,0,2020-09-03T00:00:00+00:00,planned,SET3
TABLET-WO-01173,P013,P013,1700,0,2020-09-17T00:00:00+00:00,planned,SET3
TABLET-WO-01174,P013,P013,1400,0,2020-09-10T00:00:00+00:00,planned,SET3
TABLET-WO-01175,P013,P013,1400,0,2020-09-24T00:00:00+00:00,planned,SET3
TABLET-WO-01176,P013,P013,5100,0,2020-10-22T00:00:00+00:00,planned,SET3
TABLET-WO-01177,P013,P013,3700,0,2020-10-08T00:00:00+00:00,planned,SET3
TABLET-WO-01178,P013,P013,3500,0,2020-10-29T00:00:00+00:00,planned,SET3
TABLET-WO-01179,P013,P013,5000,0,2020-10-01T00:00:00+00:00,planned,SET3
TABLET-WO-01180,P013,P013,3700,0,2020-10-15T00:00:00+00:00,planned,SET3
TABLET-WO-01181,P013,P013,0,0,2020-11-05T00:00:00+00:00,planned,SET3
TABLET-WO-01182,P013,P013,0,0,2020-11-26T00:00:00+00:00,planned,SET3
TABLET-WO-01183,P013,P013,0,0,2020-11-12T00:00:00+00:00,planned,SET3
TABLET-WO-01184,P013,P013,0,0,2020-11-19T00:00:00+00:00,planned,SET3
TABLET-WO-01185,P014,P014,0,0,2018-02-22T00:00:00+00:00,planned,SET3
TABLET-WO-01186,P014,P014,0,0,2018-02-01T00:00:00+00:00,planned,SET3
TABLET-WO-01187,P014,P014,0,0,2018-02-15T00:00:00+00:00,planned,SET3
TABLET-WO-01188,P014,P014,0,0,2018-02-08T00:00:00+00:00,planned,SET3
TABLET-WO-01189,P014,P014,100,0,2018-03-15T00:00:00+00:00,planned,SET3
TABLET-WO-01190,P014,P014,0,0,2018-03-22T00:00:00+00:00,planned,SET3
TABLET-WO-01191,P014,P014,0,0,2018-03-29T00:00:00+00:00,planned,SET3
TABLET-WO-01192,P014,P014,100,0,2018-03-08T00:00:00+00:00,planned,SET3
TABLET-WO-01193,P014,P014,0,0,2018-03-01T00:00:00+00:00,planned,SET3
TABLET-WO-01194,P014,P014,0,0,2018-04-19T00:00:00+00:00,planned,SET3
TABLET-WO-01195,P014,P014,0,0,2018-04-12T00:00:00+00:00,planned,SET3
TABLET-WO-01196,P014,P014,0,0,2018-04-26T00:00:00+00:00,planned,SET3
TABLET-WO-01197,P014,P014,0,0,2018-04-05T00:00:00+00:00,planned,SET3
TABLET-WO-01198,P014,P014,100,0,2018-05-10T00:00:00+00:00,planned,SET3
TABLET-WO-01199,P014,P014,100,0,2018-05-03T00:00:00+00:00,planned,SET3
TABLET-WO-01200,P014,P014,200,0,2018-05-17T00:00:00+00:00,planned,SET3
TABLET-WO-01201,P014,P014,100,0,2018-05-31T00:00:00+00:00,planned,SET3
TABLET-WO-01202,P014,P014,0,0,2018-05-24T00:00:00+00:00,planned,SET3
TABLET-WO-01203,P014,P014,300,0,2018-06-14T00:00:00+00:00,planned,SET3
TABLET-WO-01204,P014,P014,400,0,2018-06-28T00:00:00+00:00,planned,SET3
TABLET-WO-01205,P014,P014,300,0,2018-06-21T00:00:00+00:00,planned,SET3
TABLET-WO-01206,P014,P014,0,0,2018-06-07T00:00:00+00:00,planned,SET3
TABLET-WO-01207,P014,P014,0,0,2018-07-05T00:00:00+00:00,planned,SET3
TABLET-WO-01208,P014,P014,0,0,2018-07-19T00:00:00+00:00,planned,SET3
TABLET-WO-01209,P014,P014,0,0,2018-07-12T00:00:00+00:00,planned,SET3
TABLET-WO-01210,P014,P014,0,0,2018-07-26T00:00:00+00:00,planned,SET3
TABLET-WO-01211,P014,P014,0,0,2018-08-23T00:00:00+00:00,planned,SET3
TABLET-WO-01212,P014,P014,0,0,2018-08-02T00:00:00+00:00,planned,SET3
TABLET-WO-01213,P014,P014,0,0,2018-08-09T00:00:00+00:00,planned,SET3
TABLET-WO-01214,P014,P014,0,0,2018-08-30T00:00:00+00:00,planned,SET3
TABLET-WO-01215,P014,P014,0,0,2018-08-16T00:00:00+00:00,planned,SET3
TABLET-WO-01216,P014,P014,0,0,2018-09-20T00:00:00+00:00,planned,SET3
TABLET-WO-01217,P014,P014,0,0,2018-09-27T00:00:00+00:00,planned,SET3
TABLET-WO-01218,P014,P014,0,0,2018-09-13T00:00:00+00:00,planned,SET3
TABLET-WO-01219,P014,P014,0,0,2018-09-06T00:00:00+00:00,planned,SET3
TABLET-WO-01220,P014,P014,100,0,2018-10-25T00:00:00+00:00,planned,SET3
TABLET-WO-01221,P014,P014,100,0,2018-10-11T00:00:00+00:00,planned,SET3
TABLET-WO-01222,P014,P014,100,0,2018-10-18T00:00:00+00:00,planned,SET3
TABLET-WO-01223,P014,P014,0,0,2018-10-04T00:00:00+00:00,planned,SET3
TABLET-WO-01224,P014,P014,100,0,2018-11-22T00:00:00+00:00,planned,SET3
TABLET-WO-01225,P014,P014,100,0,2018-11-08T00:00:00+00:00,planned,SET3
TABLET-WO-01226,P014,P014,100,0,2018-11-15T00:00:00+00:00,planned,SET3
TABLET-WO-01227,P014,P014,100,0,2018-11-01T00:00:00+00:00,planned,SET3
TABLET-WO-01228,P014,P014,0,0,2018-11-29T00:00:00+00:00,planned,SET3
TABLET-WO-01229,P014,P014,0,0,2018-12-06T00:00:00+00:00,planned,SET3
TABLET-WO-01230,P014,P014,0,0,2018-12-20T00:00:00+00:00,planned,SET3
TABLET-WO-01231,P014,P014,0,0,2018-12-27T00:00:00+00:00,planned,SET3
TABLET-WO-01232,P014,P014,0,0,2018-12-13T00:00:00+00:00,planned,SET3
TABLET-WO-01233,P014,P014,0,0,2019-01-10T00:00:00+00:00,planned,SET3
TABLET-WO-01234,P014,P014,0,0,2019-01-03T00:00:00+00:00,planned,SET3
TABLET-WO-01235,P014,P014,0,0,2019-01-17T00:00:00+00:00,planned,SET3
TABLET-WO-01236,P014,P014,0,0,2019-01-31T00:00:00+00:00,planned,SET3
TABLET-WO-01237,P014,P014,0,0,2019-01-24T00:00:00+00:00,planned,SET3
TABLET-WO-01238,P014,P014,100,0,2019-02-07T00:00:00+00:00,planned,SET3
TABLET-WO-01239,P014,P014,100,0,2019-02-14T00:00:00+00:00,planned,SET3
TABLET-WO-01240,P014,P014,200,0,2019-02-28T00:00:00+00:00,planned,SET3
TABLET-WO-01241,P014,P014,100,0,2019-02-21T00:00:00+00:00,planned,SET3
TABLET-WO-01242,P014,P014,0,0,2019-03-21T00:00:00+00:00,planned,SET3
TABLET-WO-01243,P014,P014,0,0,2019-03-14T00:00:00+00:00,planned,SET3
TABLET-WO-01244,P014,P014,0,0,2019-03-07T00:00:00+00:00,planned,SET3
TABLET-WO-01245,P014,P014,0,0,2019-03-28T00:00:00+00:00,planned,SET3
TABLET-WO-01246,P014,P014,100,0,2019-04-25T00:00:00+00:00,planned,SET3
TABLET-WO-01247,P014,P014,100,0,2019-04-04T00:00:00+00:00,planned,SET3
TABLET-WO-01248,P014,P014,100,0,2019-04-11T00:00:00+00:00,planned,SET3
TABLET-WO-01249,P014,P014,100,0,2019-04-18T00:00:00+00:00,planned,SET3
TABLET-WO-01250,P014,P014,0,0,2019-05-16T00:00:00+00:00,planned,SET3
TABLET-WO-01251,P014,P014,0,0,2019-05-23T00:00:00+00:00,planned,SET3
TABLET-WO-01252,P014,P014,100,0,2019-05-09T00:00:00+00:00,planned,SET3
TABLET-WO-01253,P014,P014,0,0,2019-05-02T00:00:00+00:00,planned,SET3
TABLET-WO-01254,P014,P014,100,0,2019-05-30T00:00:00+00:00,planned,SET3
TABLET-WO-01255,P014,P014,0,0,2019-06-13T00:00:00+00:00,planned,SET3
TABLET-WO-01256,P014,P014,0,0,2019-06-20T00:00:00+00:00,planned,SET3
TABLET-WO-01257,P014,P014,0,0,2019-06-06T00:00:00+00:00,planned,SET3
TABLET-WO-01258,P014,P014,0,0,2019-06-27T00:00:00+00:00,planned,SET3
TABLET-WO-01259,P014,P014,0,0,2019-07-04T00:00:00+00:00,planned,SET3
TABLET-WO-01260,P014,P014,0,0,2019-07-11T00:00:00+00:00,planned,SET3
TABLET-WO-01261,P014,P014,0,0,2019-07-25T00:00:00+00:00,planned,SET3
TABLET-WO-01262,P014,P014,0,0,2019-07-18T00:00:00+00:00,planned,SET3
TABLET-WO-01263,P014,P014,100,0,2019-08-08T00:00:00+00:00,planned,SET3
TABLET-WO-01264,P014,P014,100,0,2019-08-01T00:00:00+00:00,planned,SET3
TABLET-WO-01265,P014,P014,100,0,2019-08-22T00:00:00+00:00,planned,SET3
TABLET-WO-01266,P014,P014,100,0,2019-08-29T00:00:00+00:00,planned,SET3
TABLET-WO-01267,P014,P014,100,0,2019-08-15T00:00:00+00:00,planned,SET3
TABLET-WO-01268,P014,P014,0,0,2019-09-19T00:00:00+00:00,planned,SET3
TABLET-WO-01269,P014,P014,0,0,2019-09-12T00:00:00+00:00,planned,SET3
TABLET-WO-01270,P014,P014,0,0,2019-09-05T00:00:00+00:00,planned,SET3
TABLET-WO-01271,P014,P014,0,0,2019-09-26T00:00:00+00:00,planned,SET3
TABLET-WO-01272,P014,P014,100,0,2019-10-24T00:00:00+00:00,planned,SET3
TABLET-WO-01273,P014,P014,200,0,2019-10-10T00:00:00+00:00,planned,SET3
TABLET-WO-01274,P014,P014,100,0,2019-10-03T00:00:00+00:00,planned,SET3
TABLET-WO-01275,P014,P014,100,0,2019-10-17T00:00:00+00:00,planned,SET3
TABLET-WO-01276,P014,P014,0,0,2019-10-31T00:00:00+00:00,planned,SET3
TABLET-WO-01277,P014,P014,0,0,2019-11-28T00:00:00+00:00,planned,SET3
TABLET-WO-01278,P014,P014,100,0,2019-11-21T00:00:00+00:00,planned,SET3
TABLET-WO-01279,P014,P014,100,0,2019-11-14T00:00:00+00:00,planned,SET3
TABLET-WO-01280,P014,P014,100,0,2019-11-07T00:00:00+00:00,planned,SET3
TABLET-WO-01281,P014,P014,0,0,2019-12-26T00:00:00+00:00,planned,SET3
TABLET-WO-01282,P014,P014,0,0,2019-12-12T00:00:00+00:00,planned,SET3
TABLET-WO-01283,P014,P014,0,0,2019-12-19T00:00:00+00:00,planned,SET3
TABLET-WO-01284,P014,P014,0,0,2019-12-05T00:00:00+00:00,planned,SET3
TABLET-WO-01285,P014,P014,200,0,2020-01-09T00:00:00+00:00,planned,SET3
TABLET-WO-01286,P014,P014,200,0,2020-01-02T00:00:00+00:00,planned,SET3
TABLET-WO-01287,P014,P014,200,0,2020-01-16T00:00:00+00:00,planned,SET3
TABLET-WO-01288,P014,P014,200,0,2020-01-23T00:00:00+00:00,planned,SET3
TABLET-WO-01289,P014,P014,0,0,2020-01-30T00:00:00+00:00,planned,SET3
TABLET-WO-01290,P014,P014,0,0,2020-02-20T00:00:00+00:00,planned,SET3
TABLET-WO-01291,P014,P014,0,0,2020-02-27T00:00:00+00:00,planned,SET3
TABLET-WO-01292,P014,P014,0,0,2020-02-13T00:00:00+00:00,planned,SET3
TABLET-WO-01293,P014,P014,0,0,2020-02-06T00:00:00+00:00,planned,SET3
TABLET-WO-01294,P014,P014,0,0,2020-03-19T00:00:00+00:00,planned,SET3
TABLET-WO-01295,P014,P014,0,0,2020-03-05T00:00:00+00:00,planned,SET3
TABLET-WO-01296,P014,P014,0,0,2020-03-26T00:00:00+00:00,planned,SET3
TABLET-WO-01297,P014,P014,0,0,2020-03-12T00:00:00+00:00,planned,SET3
TABLET-WO-01298,P014,P014,0,0,2020-04-02T00:00:00+00:00,planned,SET3
TABLET-WO-01299,P014,P014,0,0,2020-04-09T00:00:00+00:00,planned,SET3
TABLET-WO-01300,P014,P014,0,0,2020-04-23T00:00:00+00:00,planned,SET3
TABLET-WO-01301,P014,P014,0,0,2020-04-16T00:00:00+00:00,planned,SET3
TABLET-WO-01302,P014,P014,0,0,2020-04-30T00:00:00+00:00,planned,SET3
TABLET-WO-01303,P014,P014,0,0,2020-05-28T00:00:00+00:00,planned,SET3
TABLET-WO-01304,P014,P014,0,0,2020-05-07T00:00:00+00:00,planned,SET3
TABLET-WO-01305,P014,P014,0,0,2020-05-21T00:00:00+00:00,planned,SET3
TABLET-WO-01306,P014,P014,0,0,2020-05-14T00:00:00+00:00,planned,SET3
TABLET-WO-01307,P014,P014,300,0,2020-06-25T00:00:00+00:00,planned,SET3
TABLET-WO-01308,P014,P014,300,0,2020-06-11T00:00:00+00:00,planned,SET3
TABLET-WO-01309,P014,P014,200,0,2020-06-18T00:00:00+00:00,planned,SET3
TABLET-WO-01310,P014,P014,0,0,2020-06-04T00:00:00+00:00,planned,SET3
TABLET-WO-01311,P014,P014,100,0,2020-07-09T00:00:00+00:00,planned,SET3
TABLET-WO-01312,P014,P014,200,0,2020-07-30T00:00:00+00:00,planned,SET3
TABLET-WO-01313,P014,P014,200,0,2020-07-16T00:00:00+00:00,planned,SET3
TABLET-WO-01314,P014,P014,200,0,2020-07-02T00:00:00+00:00,planned,SET3
TABLET-WO-01315,P014,P014,200,0,2020-07-23T00:00:00+00:00,planned,SET3
TABLET-WO-01316,P014,P014,0,0,2020-08-20T00:00:00+00:00,planned,SET3
TABLET-WO-01317,P014,P014,0,0,2020-08-13T00:00:00+00:00,planned,SET3
TABLET-WO-01318,P014,P014,0,0,2020-08-06T00:00:00+00:00,planned,SET3
TABLET-WO-01319,P014,P014,0,0,2020-08-27T00:00:00+00:00,planned,SET3
TABLET-WO-01320,P014,P014,0,0,2020-09-03T00:00:00+00:00,planned,SET3
TABLET-WO-01321,P014,P014,0,0,2020-09-10T00:00:00+00:00,planned,SET3
TABLET-WO-01322,P014,P014,0,0,2020-09-24T00:00:00+00:00,planned,SET3
TABLET-WO-01323,P014,P014,0,0,2020-09-17T00:00:00+00:00,planned,SET3
TABLET-WO-01324,P014,P014,500,0,2020-10-22T00:00:00+00:00,planned,SET3
TABLET-WO-01325,P014,P014,400,0,2020-10-29T00:00:00+00:00,planned,SET3
TABLET-WO-01326,P014,P014,500,0,2020-10-01T00:00:00+00:00,planned,SET3
TABLET-WO-01327,P014,P014,600,0,2020-10-15T00:00:00+00:00,planned,SET3
TABLET-WO-01328,P014,P014,0,0,2020-10-08T00:00:00+00:00,planned,SET3
TABLET-WO-01329,P014,P014,0,0,2020-11-12T00:00:00+00:00,planned,SET3
TABLET-WO-01330,P014,P014,0,0,2020-11-05T00:00:00+00:00,planned,SET3
TABLET-WO-01331,P014,P014,0,0,2020-11-19T00:00:00+00:00,planned,SET3
TABLET-WO-01332,P014,P014,0,0,2020-11-26T00:00:00+00:00,planned,SET3
TABLET-WO-01333,P015,P015,100,0,2018-02-08T00:00:00+00:00,planned,SET3
TABLET-WO-01334,P015,P015,100,0,2018-02-01T00:00:00+00:00,planned,SET3
TABLET-WO-01335,P015,P015,100,0,2018-02-22T00:00:00+00:00,planned,SET3
TABLET-WO-01336,P015,P015,100,0,2018-02-15T00:00:00+00:00,planned,SET3
TABLET-WO-01337,P015,P015,100,0,2018-03-22T00:00:00+00:00,planned,SET3
TABLET-WO-01338,P015,P015,100,0,2018-03-29T00:00:00+00:00,planned,SET3
TABLET-WO-01339,P015,P015,200,0,2018-03-01T00:00:00+00:00,planned,SET3
TABLET-WO-01340,P015,P015,200,0,2018-03-08T00:00:00+00:00,planned,SET3
TABLET-WO-01341,P015,P015,200,0,2018-03-15T00:00:00+00:00,planned,SET3
TABLET-WO-01342,P015,P015,200,0,2018-04-26T00:00:00+00:00,planned,SET3
TABLET-WO-01343,P015,P015,200,0,2018-04-19T00:00:00+00:00,planned,SET3
TABLET-WO-01344,P015,P015,200,0,2018-04-05T00:00:00+00:00,planned,SET3
TABLET-WO-01345,P015,P015,200,0,2018-04-12T00:00:00+00:00,planned,SET3
TABLET-WO-01346,P015,P015,200,0,2018-05-24T00:00:00+00:00,planned,SET3
TABLET-WO-01347,P015,P015,200,0,2018-05-31T00:00:00+00:00,planned,SET3
TABLET-WO-01348,P015,P015,0,0,2018-05-17T00:00:00+00:00,planned,SET3
TABLET-WO-01349,P015,P015,100,0,2018-05-03T00:00:00+00:00,planned,SET3
TABLET-WO-01350,P015,P015,100,0,2018-05-10T00:00:00+00:00,planned,SET3
TABLET-WO-01351,P015,P015,0,0,2018-06-07T00:00:00+00:00,planned,SET3
TABLET-WO-01352,P015,P015,100,0,2018-06-28T00:00:00+00:00,planned,SET3
TABLET-WO-01353,P015,P015,100,0,2018-06-21T00:00:00+00:00,planned,SET3
TABLET-WO-01354,P015,P015,100,0,2018-06-14T00:00:00+00:00,planned,SET3
TABLET-WO-01355,P015,P015,0,0,2018-07-12T00:00:00+00:00,planned,SET3
TABLET-WO-01356,P015,P015,0,0,2018-07-26T00:00:00+00:00,planned,SET3
TABLET-WO-01357,P015,P015,0,0,2018-07-19T00:00:00+00:00,planned,SET3
TABLET-WO-01358,P015,P015,0,0,2018-07-05T00:00:00+00:00,planned,SET3
TABLET-WO-01359,P015,P015,200,0,2018-08-16T00:00:00+00:00,planned,SET3
TABLET-WO-01360,P015,P015,300,0,2018-08-23T00:00:00+00:00,planned,SET3
TABLET-WO-01361,P015,P015,300,0,2018-08-09T00:00:00+00:00,planned,SET3
TABLET-WO-01362,P015,P015,0,0,2018-08-30T00:00:00+00:00,planned,SET3
TABLET-WO-01363,P015,P015,200,0,2018-08-02T00:00:00+00:00,planned,SET3
TABLET-WO-01364,P015,P015,0,0,2018-09-13T00:00:00+00:00,planned,SET3
TABLET-WO-01365,P015,P015,0,0,2018-09-27T00:00:00+00:00,planned,SET3
TABLET-WO-01366,P015,P015,0,0,2018-09-06T00:00:00+00:00,planned,SET3
TABLET-WO-01367,P015,P015,0,0,2018-09-20T00:00:00+00:00,planned,SET3
TABLET-WO-01368,P015,P015,0,0,2018-10-25T00:00:00+00:00,planned,SET3
TABLET-WO-01369,P015,P015,0,0,2018-10-04T00:00:00+00:00,planned,SET3
TABLET-WO-01370,P015,P015,0,0,2018-10-18T00:00:00+00:00,planned,SET3
TABLET-WO-01371,P015,P015,0,0,2018-10-11T00:00:00+00:00,planned,SET3
TABLET-WO-01372,P015,P015,0,0,2018-11-29T00:00:00+00:00,planned,SET3
TABLET-WO-01373,P015,P015,0,0,2018-11-15T00:00:00+00:00,planned,SET3
TABLET-WO-01374,P015,P015,0,0,2018-11-08T00:00:00+00:00,planned,SET3
TABLET-WO-01375,P015,P015,0,0,2018-11-01T00:00:00+00:00,planned,SET3
TABLET-WO-01376,P015,P015,0,0,2018-11-22T00:00:00+00:00,planned,SET3
TABLET-WO-01377,P015,P015,0,0,2018-12-06T00:00:00+00:00,planned,SET3
TABLET-WO-01378,P015,P015,0,0,2018-12-20T00:00:00+00:00,planned,SET3
TABLET-WO-01379,P015,P015,0,0,2018-12-27T00:00:00+00:00,planned,SET3
TABLET-WO-01380,P015,P015,0,0,2018-12-13T00:00:00+00:00,planned,SET3
TABLET-WO-01381,P015,P015,100,0,2019-01-03T00:00:00+00:00,planned,SET3
TABLET-WO-01382,P015,P015,100,0,2019-01-31T00:00:00+00:00,planned,SET3
TABLET-WO-01383,P015,P015,100,0,2019-01-10T00:00:00+00:00,planned,SET3
TABLET-WO-01384,P015,P015,100,0,2019-01-24T00:00:00+00:00,planned,SET3
TABLET-WO-01385,P015,P015,100,0,2019-01-17T00:00:00+00:00,planned,SET3
TABLET-WO-01386,P015,P015,100,0,2019-02-07T00:00:00+00:00,planned,SET3
TABLET-WO-01387,P015,P015,100,0,2019-02-14T00:00:00+00:00,planned,SET3
TABLET-WO-01388,P015,P015,0,0,2019-02-28T00:00:00+00:00,planned,SET3
TABLET-WO-01389,P015,P015,100,0,2019-02-21T00:00:00+00:00,planned,SET3
TABLET-WO-01390,P015,P015,0,0,2019-03-28T00:00:00+00:00,planned,SET3
TABLET-WO-01391,P015,P015,0,0,2019-03-07T00:00:00+00:00,planned,SET3
TABLET-WO-01392,P015,P015,0,0,2019-03-14T00:00:00+00:00,planned,SET3
TABLET-WO-01393,P015,P015,0,0,2019-03-21T00:00:00+00:00,planned,SET3
TABLET-WO-01394,P015,P015,0,0,2019-04-11T00:00:00+00:00,planned,SET3
TABLET-WO-01395,P015,P015,100,0,2019-04-25T00:00:00+00:00,planned,SET3
TABLET-WO-01396,P015,P015,100,0,2019-04-18T00:00:00+00:00,planned,SET3
TABLET-WO-01397,P015,P015,100,0,2019-04-04T00:00:00+00:00,planned,SET3
TABLET-WO-01398,P015,P015,0,0,2019-05-30T00:00:00+00:00,planned,SET3
TABLET-WO-01399,P015,P015,0,0,2019-05-02T00:00:00+00:00,planned,SET3
TABLET-WO-01400,P015,P015,0,0,2019-05-16T00:00:00+00:00,planned,SET3
TABLET-WO-01401,P015,P015,0,0,2019-05-23T00:00:00+00:00,planned,SET3
TABLET-WO-01402,P015,P015,0,0,2019-05-09T00:00:00+00:00,planned,SET3
TABLET-WO-01403,P015,P015,0,0,2019-06-27T00:00:00+00:00,planned,SET3
TABLET-WO-01404,P015,P015,0,0,2019-06-20T00:00:00+00:00,planned,SET3
TABLET-WO-01405,P015,P015,0,0,2019-06-06T00:00:00+00:00,planned,SET3
TABLET-WO-01406,P015,P015,0,0,2019-06-13T00:00:00+00:00,planned,SET3
TABLET-WO-01407,P015,P015,0,0,2019-07-25T00:00:00+00:00,planned,SET3
TABLET-WO-01408,P015,P015,0,0,2019-07-18T00:00:00+00:00,planned,SET3
TABLET-WO-01409,P015,P015,0,0,2019-07-11T00:00:00+00:00,planned,SET3
TABLET-WO-01410,P015,P015,0,0,2019-07-04T00:00:00+00:00,planned,SET3
TABLET-WO-01411,P015,P015,100,0,2019-08-22T00:00:00+00:00,planned,SET3
TABLET-WO-01412,P015,P015,100,0,2019-08-15T00:00:00+00:00,planned,SET3
TABLET-WO-01413,P015,P015,0,0,2019-08-29T00:00:00+00:00,planned,SET3
TABLET-WO-01414,P015,P015,100,0,2019-08-08T00:00:00+00:00,planned,SET3
TABLET-WO-01415,P015,P015,200,0,2019-08-01T00:00:00+00:00,planned,SET3
TABLET-WO-01416,P015,P015,0,0,2019-09-05T00:00:00+00:00,planned,SET3
TABLET-WO-01417,P015,P015,0,0,2019-09-12T00:00:00+00:00,planned,SET3
TABLET-WO-01418,P015,P015,0,0,2019-09-26T00:00:00+00:00,planned,SET3
TABLET-WO-01419,P015,P015,0,0,2019-09-19T00:00:00+00:00,planned,SET3
TABLET-WO-01420,P015,P015,200,0,2019-10-31T00:00:00+00:00,planned,SET3
TABLET-WO-01421,P015,P015,200,0,2019-10-03T00:00:00+00:00,planned,SET3
TABLET-WO-01422,P015,P015,200,0,2019-10-10T00:00:00+00:00,planned,SET3
TABLET-WO-01423,P015,P015,100,0,2019-10-17T00:00:00+00:00,planned,SET3
TABLET-WO-01424,P015,P015,200,0,2019-10-24T00:00:00+00:00,planned,SET3
TABLET-WO-01425,P015,P015,100,0,2019-11-07T00:00:00+00:00,planned,SET3
TABLET-WO-01426,P015,P015,0,0,2019-11-14T00:00:00+00:00,planned,SET3
TABLET-WO-01427,P015,P015,100,0,2019-11-21T00:00:00+00:00,planned,SET3
TABLET-WO-01428,P015,P015,100,0,2019-11-28T00:00:00+00:00,planned,SET3
TABLET-WO-01429,P015,P015,0,0,2019-12-19T00:00:00+00:00,planned,SET3
TABLET-WO-01430,P015,P015,0,0,2019-12-05T00:00:00+00:00,planned,SET3
TABLET-WO-01431,P015,P015,0,0,2019-12-26T00:00:00+00:00,planned,SET3
TABLET-WO-01432,P015,P015,0,0,2019-12-12T00:00:00+00:00,planned,SET3
TABLET-WO-01433,P015,P015,0,0,2020-01-16T00:00:00+00:00,planned,SET3
TABLET-WO-01434,P015,P015,100,0,2020-01-23T00:00:00+00:00,planned,SET3
TABLET-WO-01435,P015,P015,100,0,2020-01-30T00:00:00+00:00,planned,SET3
TABLET-WO-01436,P015,P015,100,0,2020-01-02T00:00:00+00:00,planned,SET3
TABLET-WO-01437,P015,P015,100,0,2020-01-09T00:00:00+00:00,planned,SET3
TABLET-WO-01438,P015,P015,100,0,2020-02-27T00:00:00+00:00,planned,SET3
TABLET-WO-01439,P015,P015,100,0,2020-02-06T00:00:00+00:00,planned,SET3
TABLET-WO-01440,P015,P015,100,0,2020-02-20T00:00:00+00:00,planned,SET3
TABLET-WO-01441,P015,P015,100,0,2020-02-13T00:00:00+00:00,planned,SET3
TABLET-WO-01442,P015,P015,0,0,2020-03-12T00:00:00+00:00,planned,SET3
TABLET-WO-01443,P015,P015,0,0,2020-03-26T00:00:00+00:00,planned,SET3
TABLET-WO-01444,P015,P015,0,0,2020-03-05T00:00:00+00:00,planned,SET3
TABLET-WO-01445,P015,P015,0,0,2020-03-19T00:00:00+00:00,planned,SET3
TABLET-WO-01446,P015,P015,0,0,2020-04-16T00:00:00+00:00,planned,SET3
TABLET-WO-01447,P015,P015,0,0,2020-04-23T00:00:00+00:00,planned,SET3
TABLET-WO-01448,P015,P015,0,0,2020-04-09T00:00:00+00:00,planned,SET3
TABLET-WO-01449,P015,P015,0,0,2020-04-30T00:00:00+00:00,planned,SET3
TABLET-WO-01450,P015,P015,0,0,2020-04-02T00:00:00+00:00,planned,SET3
TABLET-WO-01451,P015,P015,0,0,2020-05-14T00:00:00+00:00,planned,SET3
TABLET-WO-01452,P015,P015,0,0,2020-05-21T00:00:00+00:00,planned,SET3
TABLET-WO-01453,P015,P015,0,0,2020-05-28T00:00:00+00:00,planned,SET3
TABLET-WO-01454,P015,P015,0,0,2020-05-07T00:00:00+00:00,planned,SET3
TABLET-WO-01455,P015,P015,0,0,2020-06-18T00:00:00+00:00,planned,SET3
TABLET-WO-01456,P015,P015,0,0,2020-06-04T00:00:00+00:00,planned,SET3
TABLET-WO-01457,P015,P015,0,0,2020-06-11T00:00:00+00:00,planned,SET3
TABLET-WO-01458,P015,P015,0,0,2020-06-25T00:00:00+00:00,planned,SET3
TABLET-WO-01459,P015,P015,0,0,2020-07-30T00:00:00+00:00,planned,SET3
TABLET-WO-01460,P015,P015,100,0,2020-07-09T00:00:00+00:00,planned,SET3
TABLET-WO-01461,P015,P015,100,0,2020-07-16T00:00:00+00:00,planned,SET3
TABLET-WO-01462,P015,P015,100,0,2020-07-23T00:00:00+00:00,planned,SET3
TABLET-WO-01463,P015,P015,0,0,2020-07-02T00:00:00+00:00,planned,SET3
TABLET-WO-01464,P015,P015,0,0,2020-08-20T00:00:00+00:00,planned,SET3
TABLET-WO-01465,P015,P015,0,0,2020-08-06T00:00:00+00:00,planned,SET3
TABLET-WO-01466,P015,P015,0,0,2020-08-27T00:00:00+00:00,planned,SET3
TABLET-WO-01467,P015,P015,0,0,2020-08-13T00:00:00+00:00,planned,SET3
TABLET-WO-01468,P015,P015,0,0,2020-09-17T00:00:00+00:00,planned,SET3
TABLET-WO-01469,P015,P015,0,0,2020-09-10T00:00:00+00:00,planned,SET3
TABLET-WO-01470,P015,P015,0,0,2020-09-24T00:00:00+00:00,planned,SET3
TABLET-WO-01471,P015,P015,0,0,2020-09-03T00:00:00+00:00,planned,SET3
TABLET-WO-01472,P015,P015,100,0,2020-10-08T00:00:00+00:00,planned,SET3
TABLET-WO-01473,P015,P015,100,0,2020-10-22T00:00:00+00:00,planned,SET3
TABLET-WO-01474,P015,P015,100,0,2020-10-15T00:00:00+00:00,planned,SET3
TABLET-WO-01475,P015,P015,100,0,2020-10-01T00:00:00+00:00,planned,SET3
TABLET-WO-01476,P015,P015,100,0,2020-10-29T00:00:00+00:00,planned,SET3
TABLET-WO-01477,P015,P015,0,0,2020-11-19T00:00:00+00:00,planned,SET3
TABLET-WO-01478,P015,P015,0,0,2020-11-26T00:00:00+00:00,planned,SET3
TABLET-WO-01479,P015,P015,0,0,2020-11-12T00:00:00+00:00,planned,SET3
TABLET-WO-01480,P015,P015,0,0,2020-11-05T00:00:00+00:00,planned,SET3
TABLET-WO-01481,P002,P002,12600,0,2018-02-22T00:00:00+00:00,planned,SET4
TABLET-WO-01482,P002,P002,13300,0,2018-02-01T00:00:00+00:00,planned,SET4
TABLET-WO-01483,P002,P002,18600,0,2018-02-08T00:00:00+00:00,planned,SET4
TABLET-WO-01484,P002,P002,0,0,2018-02-15T00:00:00+00:00,planned,SET4
TABLET-WO-01485,P002,P002,15800,0,2018-03-15T00:00:00+00:00,planned,SET4
TABLET-WO-01486,P002,P002,14000,0,2018-03-01T00:00:00+00:00,planned,SET4
TABLET-WO-01487,P002,P002,15100,0,2018-03-08T00:00:00+00:00,planned,SET4
TABLET-WO-01488,P002,P002,8700,0,2018-03-29T00:00:00+00:00,planned,SET4
TABLET-WO-01489,P002,P002,10200,0,2018-03-22T00:00:00+00:00,planned,SET4
TABLET-WO-01490,P002,P002,0,0,2018-04-12T00:00:00+00:00,planned,SET4
TABLET-WO-01491,P002,P002,12000,0,2018-04-19T00:00:00+00:00,planned,SET4
TABLET-WO-01492,P002,P002,12000,0,2018-04-26T00:00:00+00:00,planned,SET4
TABLET-WO-01493,P002,P002,12000,0,2018-04-05T00:00:00+00:00,planned,SET4
TABLET-WO-01494,P002,P002,24400,0,2018-05-24T00:00:00+00:00,planned,SET4
TABLET-WO-01495,P002,P002,19100,0,2018-05-03T00:00:00+00:00,planned,SET4
TABLET-WO-01496,P002,P002,22100,0,2018-05-31T00:00:00+00:00,planned,SET4
TABLET-WO-01497,P002,P002,22500,0,2018-05-10T00:00:00+00:00,planned,SET4
TABLET-WO-01498,P002,P002,0,0,2018-05-17T00:00:00+00:00,planned,SET4
TABLET-WO-01499,P002,P002,18400,0,2018-06-07T00:00:00+00:00,planned,SET4
TABLET-WO-01500,P002,P002,18600,0,2018-06-21T00:00:00+00:00,planned,SET4
TABLET-WO-01501,P002,P002,26100,0,2018-06-28T00:00:00+00:00,planned,SET4
TABLET-WO-01502,P002,P002,20000,0,2018-06-14T00:00:00+00:00,planned,SET4
TABLET-WO-01503,P002,P002,18000,0,2018-07-26T00:00:00+00:00,planned,SET4
TABLET-WO-01504,P002,P002,18000,0,2018-07-19T00:00:00+00:00,planned,SET4
TABLET-WO-01505,P002,P002,20000,0,2018-07-12T00:00:00+00:00,planned,SET4
TABLET-WO-01506,P002,P002,20000,0,2018-07-05T00:00:00+00:00,planned,SET4
TABLET-WO-01507,P002,P002,26200,0,2018-08-02T00:00:00+00:00,planned,SET4
TABLET-WO-01508,P002,P002,22700,0,2018-08-09T00:00:00+00:00,planned,SET4
TABLET-WO-01509,P002,P002,17200,0,2018-08-16T00:00:00+00:00,planned,SET4
TABLET-WO-01510,P002,P002,16100,0,2018-08-23T00:00:00+00:00,planned,SET4
TABLET-WO-01511,P002,P002,22700,0,2018-08-30T00:00:00+00:00,planned,SET4
TABLET-WO-01512,P002,P002,19000,0,2018-09-06T00:00:00+00:00,planned,SET4
TABLET-WO-01513,P002,P002,18500,0,2018-09-20T00:00:00+00:00,planned,SET4
TABLET-WO-01514,P002,P002,18000,0,2018-09-13T00:00:00+00:00,planned,SET4
TABLET-WO-01515,P002,P002,18000,0,2018-09-27T00:00:00+00:00,planned,SET4
TABLET-WO-01516,P002,P002,18600,0,2018-10-04T00:00:00+00:00,planned,SET4
TABLET-WO-01517,P002,P002,15200,0,2018-10-18T00:00:00+00:00,planned,SET4
TABLET-WO-01518,P002,P002,26600,0,2018-10-25T00:00:00+00:00,planned,SET4
TABLET-WO-01519,P002,P002,0,0,2018-10-11T00:00:00+00:00,planned,SET4
TABLET-WO-01520,P002,P002,5700,0,2018-11-29T00:00:00+00:00,planned,SET4
TABLET-WO-01521,P002,P002,5500,0,2018-11-22T00:00:00+00:00,planned,SET4
TABLET-WO-01522,P002,P002,9300,0,2018-11-08T00:00:00+00:00,planned,SET4
TABLET-WO-01523,P002,P002,7700,0,2018-11-15T00:00:00+00:00,planned,SET4
TABLET-WO-01524,P002,P002,7700,0,2018-11-01T00:00:00+00:00,planned,SET4
TABLET-WO-01525,P002,P002,7000,0,2018-12-27T00:00:00+00:00,planned,SET4
TABLET-WO-01526,P002,P002,5000,0,2018-12-06T00:00:00+00:00,planned,SET4
TABLET-WO-01527,P002,P002,8000,0,2018-12-13T00:00:00+00:00,planned,SET4
TABLET-WO-01528,P002,P002,10500,0,2018-12-20T00:00:00+00:00,planned,SET4
TABLET-WO-01529,P002,P002,18200,0,2019-01-24T00:00:00+00:00,planned,SET4
TABLET-WO-01530,P002,P002,11600,0,2019-01-17T00:00:00+00:00,planned,SET4
TABLET-WO-01531,P002,P002,12400,0,2019-01-10T00:00:00+00:00,planned,SET4
TABLET-WO-01532,P002,P002,11000,0,2019-01-03T00:00:00+00:00,planned,SET4
TABLET-WO-01533,P002,P002,0,0,2019-01-31T00:00:00+00:00,planned,SET4
TABLET-WO-01534,P002,P002,2400,0,2019-02-21T00:00:00+00:00,planned,SET4
TABLET-WO-01535,P002,P002,2800,0,2019-02-14T00:00:00+00:00,planned,SET4
TABLET-WO-01536,P002,P002,4500,0,2019-02-07T00:00:00+00:00,planned,SET4
TABLET-WO-01537,P002,P002,3600,0,2019-02-28T00:00:00+00:00,planned,SET4
TABLET-WO-01538,P002,P002,2000,0,2019-03-21T00:00:00+00:00,planned,SET4
TABLET-WO-01539,P002,P002,1700,0,2019-03-28T00:00:00+00:00,planned,SET4
TABLET-WO-01540,P002,P002,1700,0,2019-03-14T00:00:00+00:00,planned,SET4
TABLET-WO-01541,P002,P002,0,0,2019-03-07T00:00:00+00:00,planned,SET4
TABLET-WO-01542,P002,P002,1500,0,2019-04-11T00:00:00+00:00,planned,SET4
TABLET-WO-01543,P002,P002,1200,0,2019-04-04T00:00:00+00:00,planned,SET4
TABLET-WO-01544,P002,P002,1100,0,2019-04-18T00:00:00+00:00,planned,SET4
TABLET-WO-01545,P002,P002,1600,0,2019-04-25T00:00:00+00:00,planned,SET4
TABLET-WO-01546,P002,P002,4300,0,2019-05-16T00:00:00+00:00,planned,SET4
TABLET-WO-01547,P002,P002,5500,0,2019-05-23T00:00:00+00:00,planned,SET4
TABLET-WO-01548,P002,P002,5300,0,2019-05-30T00:00:00+00:00,planned,SET4
TABLET-WO-01549,P002,P002,7500,0,2019-05-02T00:00:00+00:00,planned,SET4
TABLET-WO-01550,P002,P002,4000,0,2019-05-09T00:00:00+00:00,planned,SET4
TABLET-WO-01551,P002,P002,2000,0,2019-06-27T00:00:00+00:00,planned,SET4
TABLET-WO-01552,P002,P002,2500,0,2019-06-13T00:00:00+00:00,planned,SET4
TABLET-WO-01553,P002,P002,5000,0,2019-06-20T00:00:00+00:00,planned,SET4
TABLET-WO-01554,P002,P002,7600,0,2019-06-06T00:00:00+00:00,planned,SET4
TABLET-WO-01555,P002,P002,9500,0,2019-07-18T00:00:00+00:00,planned,SET4
TABLET-WO-01556,P002,P002,9100,0,2019-07-04T00:00:00+00:00,planned,SET4
TABLET-WO-01557,P002,P002,9900,0,2019-07-11T00:00:00+00:00,planned,SET4
TABLET-WO-01558,P002,P002,9700,0,2019-07-25T00:00:00+00:00,planned,SET4
TABLET-WO-01559,P002,P002,15800,0,2019-08-22T00:00:00+00:00,planned,SET4
TABLET-WO-01560,P002,P002,14100,0,2019-08-08T00:00:00+00:00,planned,SET4
TABLET-WO-01561,P002,P002,14200,0,2019-08-29T00:00:00+00:00,planned,SET4
TABLET-WO-01562,P002,P002,9000,0,2019-08-15T00:00:00+00:00,planned,SET4
TABLET-WO-01563,P002,P002,13600,0,2019-08-01T00:00:00+00:00,planned,SET4
TABLET-WO-01564,P002,P002,0,0,2019-09-05T00:00:00+00:00,planned,SET4
TABLET-WO-01565,P002,P002,12400,0,2019-09-12T00:00:00+00:00,planned,SET4
TABLET-WO-01566,P002,P002,11500,0,2019-09-19T00:00:00+00:00,planned,SET4
TABLET-WO-01567,P002,P002,10800,0,2019-09-26T00:00:00+00:00,planned,SET4
TABLET-WO-01568,P002,P002,10500,0,2019-10-03T00:00:00+00:00,planned,SET4
TABLET-WO-01569,P002,P002,12400,0,2019-10-24T00:00:00+00:00,planned,SET4
TABLET-WO-01570,P002,P002,7600,0,2019-10-31T00:00:00+00:00,planned,SET4
TABLET-WO-01571,P002,P002,13400,0,2019-10-17T00:00:00+00:00,planned,SET4
TABLET-WO-01572,P002,P002,8300,0,2019-10-10T00:00:00+00:00,planned,SET4
TABLET-WO-01573,P002,P002,5600,0,2019-11-07T00:00:00+00:00,planned,SET4
TABLET-WO-01574,P002,P002,4800,0,2019-11-28T00:00:00+00:00,planned,SET4
TABLET-WO-01575,P002,P002,4100,0,2019-11-14T00:00:00+00:00,planned,SET4
TABLET-WO-01576,P002,P002,2500,0,2019-11-21T00:00:00+00:00,planned,SET4
TABLET-WO-01577,P002,P002,5700,0,2019-12-19T00:00:00+00:00,planned,SET4
TABLET-WO-01578,P002,P002,7800,0,2019-12-12T00:00:00+00:00,planned,SET4
TABLET-WO-01579,P002,P002,12000,0,2019-12-05T00:00:00+00:00,planned,SET4
TABLET-WO-01580,P002,P002,12800,0,2019-12-26T00:00:00+00:00,planned,SET4
TABLET-WO-01581,P002,P002,14200,0,2020-01-30T00:00:00+00:00,planned,SET4
TABLET-WO-01582,P002,P002,11600,0,2020-01-23T00:00:00+00:00,planned,SET4
TABLET-WO-01583,P002,P002,14100,0,2020-01-09T00:00:00+00:00,planned,SET4
TABLET-WO-01584,P002,P002,13400,0,2020-01-02T00:00:00+00:00,planned,SET4
TABLET-WO-01585,P002,P002,10000,0,2020-01-16T00:00:00+00:00,planned,SET4
TABLET-WO-01586,P002,P002,4800,0,2020-02-06T00:00:00+00:00,planned,SET4
TABLET-WO-01587,P002,P002,2700,0,2020-02-13T00:00:00+00:00,planned,SET4
TABLET-WO-01588,P002,P002,4900,0,2020-02-27T00:00:00+00:00,planned,SET4
TABLET-WO-01589,P002,P002,3000,0,2020-02-20T00:00:00+00:00,planned,SET4
TABLET-WO-01590,P002,P002,3600,0,2020-03-12T00:00:00+00:00,planned,SET4
TABLET-WO-01591,P002,P002,3700,0,2020-03-19T00:00:00+00:00,planned,SET4
TABLET-WO-01592,P002,P002,7000,0,2020-03-26T00:00:00+00:00,planned,SET4
TABLET-WO-01593,P002,P002,7600,0,2020-03-05T00:00:00+00:00,planned,SET4
TABLET-WO-01594,P002,P002,9100,0,2020-04-30T00:00:00+00:00,planned,SET4
TABLET-WO-01595,P002,P002,11000,0,2020-04-09T00:00:00+00:00,planned,SET4
TABLET-WO-01596,P002,P002,16200,0,2020-04-02T00:00:00+00:00,planned,SET4
TABLET-WO-01597,P002,P002,10700,0,2020-04-23T00:00:00+00:00,planned,SET4
TABLET-WO-01598,P002,P002,12300,0,2020-04-16T00:00:00+00:00,planned,SET4
TABLET-WO-01599,P002,P002,0,0,2020-05-07T00:00:00+00:00,planned,SET4
TABLET-WO-01600,P002,P002,0,0,2020-05-14T00:00:00+00:00,planned,SET4
TABLET-WO-01601,P002,P002,8700,0,2020-05-21T00:00:00+00:00,planned,SET4
TABLET-WO-01602,P002,P002,7500,0,2020-05-28T00:00:00+00:00,planned,SET4
TABLET-WO-01603,P002,P002,6600,0,2020-06-25T00:00:00+00:00,planned,SET4
TABLET-WO-01604,P002,P002,7600,0,2020-06-11T00:00:00+00:00,planned,SET4
TABLET-WO-01605,P002,P002,5500,0,2020-06-18T00:00:00+00:00,planned,SET4
TABLET-WO-01606,P002,P002,0,0,2020-06-04T00:00:00+00:00,planned,SET4
TABLET-WO-01607,P002,P002,32200,0,2020-07-02T00:00:00+00:00,planned,SET4
TABLET-WO-01608,P002,P002,18600,0,2020-07-30T00:00:00+00:00,planned,SET4
TABLET-WO-01609,P002,P002,28800,0,2020-07-16T00:00:00+00:00,planned,SET4
TABLET-WO-01610,P002,P002,33300,0,2020-07-23T00:00:00+00:00,planned,SET4
TABLET-WO-01611,P002,P002,28000,0,2020-07-09T00:00:00+00:00,planned,SET4
TABLET-WO-01612,P002,P002,16400,0,2020-08-13T00:00:00+00:00,planned,SET4
TABLET-WO-01613,P002,P002,14900,0,2020-08-27T00:00:00+00:00,planned,SET4
TABLET-WO-01614,P002,P002,0,0,2020-08-20T00:00:00+00:00,planned,SET4
TABLET-WO-01615,P002,P002,11000,0,2020-08-06T00:00:00+00:00,planned,SET4
TABLET-WO-01616,P002,P002,8000,0,2020-09-10T00:00:00+00:00,planned,SET4
TABLET-WO-01617,P002,P002,4700,0,2020-09-17T00:00:00+00:00,planned,SET4
TABLET-WO-01618,P002,P002,8300,0,2020-09-03T00:00:00+00:00,planned,SET4
TABLET-WO-01619,P002,P002,0,0,2020-09-24T00:00:00+00:00,planned,SET4
TABLET-WO-01620,P002,P002,10900,0,2020-10-08T00:00:00+00:00,planned,SET4
TABLET-WO-01621,P002,P002,10900,0,2020-10-15T00:00:00+00:00,planned,SET4
TABLET-WO-01622,P002,P002,9000,0,2020-10-22T00:00:00+00:00,planned,SET4
TABLET-WO-01623,P002,P002,17000,0,2020-10-01T00:00:00+00:00,planned,SET4
TABLET-WO-01624,P002,P002,12000,0,2020-10-29T00:00:00+00:00,planned,SET4
TABLET-WO-01625,P002,P002,7800,0,2020-11-26T00:00:00+00:00,planned,SET4
TABLET-WO-01626,P002,P002,10000,0,2020-11-05T00:00:00+00:00,planned,SET4
TABLET-WO-01627,P002,P002,10000,0,2020-11-12T00:00:00+00:00,planned,SET4
TABLET-WO-01628,P002,P002,0,0,2020-11-19T00:00:00+00:00,planned,SET4
TABLET-WO-01629,P011,P011,16800,0,2018-02-01T00:00:00+00:00,planned,SET4
TABLET-WO-01630,P011,P011,18500,0,2018-02-15T00:00:00+00:00,planned,SET4
TABLET-WO-01631,P011,P011,14300,0,2018-02-08T00:00:00+00:00,planned,SET4
TABLET-WO-01632,P011,P011,0,0,2018-02-22T00:00:00+00:00,planned,SET4
TABLET-WO-01633,P011,P011,28800,0,2018-03-01T00:00:00+00:00,planned,SET4
TABLET-WO-01634,P011,P011,21900,0,2018-03-22T00:00:00+00:00,planned,SET4
TABLET-WO-01635,P011,P011,24400,0,2018-03-29T00:00:00+00:00,planned,SET4
TABLET-WO-01636,P011,P011,30500,0,2018-03-15T00:00:00+00:00,planned,SET4
TABLET-WO-01637,P011,P011,19500,0,2018-03-08T00:00:00+00:00,planned,SET4
TABLET-WO-01638,P011,P011,25100,0,2018-04-12T00:00:00+00:00,planned,SET4
TABLET-WO-01639,P011,P011,25100,0,2018-04-05T00:00:00+00:00,planned,SET4
TABLET-WO-01640,P011,P011,26800,0,2018-04-19T00:00:00+00:00,planned,SET4
TABLET-WO-01641,P011,P011,26800,0,2018-04-26T00:00:00+00:00,planned,SET4
TABLET-WO-01642,P011,P011,26800,0,2018-05-10T00:00:00+00:00,planned,SET4
TABLET-WO-01643,P011,P011,20100,0,2018-05-17T00:00:00+00:00,planned,SET4
TABLET-WO-01644,P011,P011,28700,0,2018-05-31T00:00:00+00:00,planned,SET4
TABLET-WO-01645,P011,P011,32000,0,2018-05-03T00:00:00+00:00,planned,SET4
TABLET-WO-01646,P011,P011,0,0,2018-05-24T00:00:00+00:00,planned,SET4
TABLET-WO-01647,P011,P011,18600,0,2018-06-28T00:00:00+00:00,planned,SET4
TABLET-WO-01648,P011,P011,20400,0,2018-06-14T00:00:00+00:00,planned,SET4
TABLET-WO-01649,P011,P011,20400,0,2018-06-07T00:00:00+00:00,planned,SET4
TABLET-WO-01650,P011,P011,22800,0,2018-06-21T00:00:00+00:00,planned,SET4
TABLET-WO-01651,P011,P011,22800,0,2018-07-26T00:00:00+00:00,planned,SET4
TABLET-WO-01652,P011,P011,24500,0,2018-07-19T00:00:00+00:00,planned,SET4
TABLET-WO-01653,P011,P011,26700,0,2018-07-05T00:00:00+00:00,planned,SET4
TABLET-WO-01654,P011,P011,27000,0,2018-07-12T00:00:00+00:00,planned,SET4
TABLET-WO-01655,P011,P011,28000,0,2018-08-23T00:00:00+00:00,planned,SET4
TABLET-WO-01656,P011,P011,24800,0,2018-08-02T00:00:00+00:00,planned,SET4
TABLET-WO-01657,P011,P011,28200,0,2018-08-16T00:00:00+00:00,planned,SET4
TABLET-WO-01658,P011,P011,33900,0,2018-08-09T00:00:00+00:00,planned,SET4
TABLET-WO-01659,P011,P011,28900,0,2018-08-30T00:00:00+00:00,planned,SET4
TABLET-WO-01660,P011,P011,26100,0,2018-09-20T00:00:00+00:00,planned,SET4
TABLET-WO-01661,P011,P011,24200,0,2018-09-13T00:00:00+00:00,planned,SET4
TABLET-WO-01662,P011,P011,23200,0,2018-09-06T00:00:00+00:00,planned,SET4
TABLET-WO-01663,P011,P011,15600,0,2018-09-27T00:00:00+00:00,planned,SET4
TABLET-WO-01664,P011,P011,13000,0,2018-10-11T00:00:00+00:00,planned,SET4
TABLET-WO-01665,P011,P011,12100,0,2018-10-25T00:00:00+00:00,planned,SET4
TABLET-WO-01666,P011,P011,20900,0,2018-10-04T00:00:00+00:00,planned,SET4
TABLET-WO-01667,P011,P011,0,0,2018-10-18T00:00:00+00:00,planned,SET4
TABLET-WO-01668,P011,P011,31500,0,2018-11-22T00:00:00+00:00,planned,SET4
TABLET-WO-01669,P011,P011,40100,0,2018-11-01T00:00:00+00:00,planned,SET4
TABLET-WO-01670,P011,P011,23100,0,2018-11-15T00:00:00+00:00,planned,SET4
TABLET-WO-01671,P011,P011,21800,0,2018-11-29T00:00:00+00:00,planned,SET4
TABLET-WO-01672,P011,P011,24000,0,2018-11-08T00:00:00+00:00,planned,SET4
TABLET-WO-01673,P011,P011,25600,0,2018-12-13T00:00:00+00:00,planned,SET4
TABLET-WO-01674,P011,P011,26700,0,2018-12-20T00:00:00+00:00,planned,SET4
TABLET-WO-01675,P011,P011,25900,0,2018-12-06T00:00:00+00:00,planned,SET4
TABLET-WO-01676,P011,P011,27800,0,2018-12-27T00:00:00+00:00,planned,SET4
TABLET-WO-01677,P011,P011,29900,0,2019-01-03T00:00:00+00:00,planned,SET4
TABLET-WO-01678,P011,P011,21300,0,2019-01-24T00:00:00+00:00,planned,SET4
TABLET-WO-01679,P011,P011,21200,0,2019-01-10T00:00:00+00:00,planned,SET4
TABLET-WO-01680,P011,P011,27700,0,2019-01-17T00:00:00+00:00,planned,SET4
TABLET-WO-01681,P011,P011,0,0,2019-01-31T00:00:00+00:00,planned,SET4
TABLET-WO-01682,P011,P011,11300,0,2019-02-14T00:00:00+00:00,planned,SET4
TABLET-WO-01683,P011,P011,14500,0,2019-02-21T00:00:00+00:00,planned,SET4
TABLET-WO-01684,P011,P011,16400,0,2019-02-07T00:00:00+00:00,planned,SET4
TABLET-WO-01685,P011,P011,15600,0,2019-02-28T00:00:00+00:00,planned,SET4
TABLET-WO-01686,P011,P011,16800,0,2019-03-14T00:00:00+00:00,planned,SET4
TABLET-WO-01687,P011,P011,16800,0,2019-03-21T00:00:00+00:00,planned,SET4
TABLET-WO-01688,P011,P011,16500,0,2019-03-28T00:00:00+00:00,planned,SET4
TABLET-WO-01689,P011,P011,16400,0,2019-03-07T00:00:00+00:00,planned,SET4
TABLET-WO-01690,P011,P011,16400,0,2019-04-11T00:00:00+00:00,planned,SET4
TABLET-WO-01691,P011,P011,16800,0,2019-04-18T00:00:00+00:00,planned,SET4
TABLET-WO-01692,P011,P011,19400,0,2019-04-25T00:00:00+00:00,planned,SET4
TABLET-WO-01693,P011,P011,0,0,2019-04-04T00:00:00+00:00,planned,SET4
TABLET-WO-01694,P011,P011,17300,0,2019-05-02T00:00:00+00:00,planned,SET4
TABLET-WO-01695,P011,P011,23200,0,2019-05-23T00:00:00+00:00,planned,SET4
TABLET-WO-01696,P011,P011,22900,0,2019-05-09T00:00:00+00:00,planned,SET4
TABLET-WO-01697,P011,P011,22700,0,2019-05-30T00:00:00+00:00,planned,SET4
TABLET-WO-01698,P011,P011,25600,0,2019-05-16T00:00:00+00:00,planned,SET4
TABLET-WO-01699,P011,P011,23500,0,2019-06-20T00:00:00+00:00,planned,SET4
TABLET-WO-01700,P011,P011,23500,0,2019-06-06T00:00:00+00:00,planned,SET4
TABLET-WO-01701,P011,P011,21500,0,2019-06-27T00:00:00+00:00,planned,SET4
TABLET-WO-01702,P011,P011,18900,0,2019-06-13T00:00:00+00:00,planned,SET4
TABLET-WO-01703,P011,P011,15600,0,2019-07-25T00:00:00+00:00,planned,SET4
TABLET-WO-01704,P011,P011,14000,0,2019-07-11T00:00:00+00:00,planned,SET4
TABLET-WO-01705,P011,P011,12500,0,2019-07-18T00:00:00+00:00,planned,SET4
TABLET-WO-01706,P011,P011,18000,0,2019-07-04T00:00:00+00:00,planned,SET4
TABLET-WO-01707,P011,P011,24000,0,2019-08-22T00:00:00+00:00,planned,SET4
TABLET-WO-01708,P011,P011,25100,0,2019-08-29T00:00:00+00:00,planned,SET4
TABLET-WO-01709,P011,P011,21400,0,2019-08-08T00:00:00+00:00,planned,SET4
TABLET-WO-01710,P011,P011,18600,0,2019-08-15T00:00:00+00:00,planned,SET4
TABLET-WO-01711,P011,P011,0,0,2019-08-01T00:00:00+00:00,planned,SET4
TABLET-WO-01712,P011,P011,22000,0,2019-09-12T00:00:00+00:00,planned,SET4
TABLET-WO-01713,P011,P011,24500,0,2019-09-19T00:00:00+00:00,planned,SET4
TABLET-WO-01714,P011,P011,26800,0,2019-09-26T00:00:00+00:00,planned,SET4
TABLET-WO-01715,P011,P011,28900,0,2019-09-05T00:00:00+00:00,planned,SET4
TABLET-WO-01716,P011,P011,32500,0,2019-10-17T00:00:00+00:00,planned,SET4
TABLET-WO-01717,P011,P011,25800,0,2019-10-31T00:00:00+00:00,planned,SET4
TABLET-WO-01718,P011,P011,19600,0,2019-10-03T00:00:00+00:00,planned,SET4
TABLET-WO-01719,P011,P011,21400,0,2019-10-10T00:00:00+00:00,planned,SET4
TABLET-WO-01720,P011,P011,20700,0,2019-10-24T00:00:00+00:00,planned,SET4
TABLET-WO-01721,P011,P011,15900,0,2019-11-07T00:00:00+00:00,planned,SET4
TABLET-WO-01722,P011,P011,15400,0,2019-11-21T00:00:00+00:00,planned,SET4
TABLET-WO-01723,P011,P011,17600,0,2019-11-28T00:00:00+00:00,planned,SET4
TABLET-WO-01724,P011,P011,11600,0,2019-11-14T00:00:00+00:00,planned,SET4
TABLET-WO-01725,P011,P011,14600,0,2019-12-26T00:00:00+00:00,planned,SET4
TABLET-WO-01726,P011,P011,14600,0,2019-12-19T00:00:00+00:00,planned,SET4
TABLET-WO-01727,P011,P011,17800,0,2019-12-12T00:00:00+00:00,planned,SET4
TABLET-WO-01728,P011,P011,0,0,2019-12-05T00:00:00+00:00,planned,SET4
TABLET-WO-01729,P011,P011,22600,0,2020-01-02T00:00:00+00:00,planned,SET4
TABLET-WO-01730,P011,P011,14400,0,2020-01-09T00:00:00+00:00,planned,SET4
TABLET-WO-01731,P011,P011,20600,0,2020-01-16T00:00:00+00:00,planned,SET4
TABLET-WO-01732,P011,P011,20600,0,2020-01-30T00:00:00+00:00,planned,SET4
TABLET-WO-01733,P011,P011,23900,0,2020-01-23T00:00:00+00:00,planned,SET4
TABLET-WO-01734,P011,P011,17900,0,2020-02-27T00:00:00+00:00,planned,SET4
TABLET-WO-01735,P011,P011,19200,0,2020-02-13T00:00:00+00:00,planned,SET4
TABLET-WO-01736,P011,P011,26700,0,2020-02-06T00:00:00+00:00,planned,SET4
TABLET-WO-01737,P011,P011,0,0,2020-02-20T00:00:00+00:00,planned,SET4
TABLET-WO-01738,P011,P011,26000,0,2020-03-05T00:00:00+00:00,planned,SET4
TABLET-WO-01739,P011,P011,26000,0,2020-03-12T00:00:00+00:00,planned,SET4
TABLET-WO-01740,P011,P011,28600,0,2020-03-19T00:00:00+00:00,planned,SET4
TABLET-WO-01741,P011,P011,27900,0,2020-03-26T00:00:00+00:00,planned,SET4
TABLET-WO-01742,P011,P011,28400,0,2020-04-16T00:00:00+00:00,planned,SET4
TABLET-WO-01743,P011,P011,28700,0,2020-04-23T00:00:00+00:00,planned,SET4
TABLET-WO-01744,P011,P011,16700,0,2020-04-09T00:00:00+00:00,planned,SET4
TABLET-WO-01745,P011,P011,29900,0,2020-04-30T00:00:00+00:00,planned,SET4
TABLET-WO-01746,P011,P011,27300,0,2020-04-02T00:00:00+00:00,planned,SET4
TABLET-WO-01747,P011,P011,0,0,2020-05-21T00:00:00+00:00,planned,SET4
TABLET-WO-01748,P011,P011,15000,0,2020-05-07T00:00:00+00:00,planned,SET4
TABLET-WO-01749,P011,P011,18000,0,2020-05-14T00:00:00+00:00,planned,SET4
TABLET-WO-01750,P011,P011,18000,0,2020-05-28T00:00:00+00:00,planned,SET4
TABLET-WO-01751,P011,P011,19800,0,2020-06-11T00:00:00+00:00,planned,SET4
TABLET-WO-01752,P011,P011,18000,0,2020-06-18T00:00:00+00:00,planned,SET4
TABLET-WO-01753,P011,P011,12800,0,2020-06-25T00:00:00+00:00,planned,SET4
TABLET-WO-01754,P011,P011,15800,0,2020-06-04T00:00:00+00:00,planned,SET4
TABLET-WO-01755,P011,P011,33500,0,2020-07-09T00:00:00+00:00,planned,SET4
TABLET-WO-01756,P011,P011,30500,0,2020-07-02T00:00:00+00:00,planned,SET4
TABLET-WO-01757,P011,P011,28200,0,2020-07-16T00:00:00+00:00,planned,SET4
TABLET-WO-01758,P011,P011,30300,0,2020-07-30T00:00:00+00:00,planned,SET4
TABLET-WO-01759,P011,P011,24500,0,2020-07-23T00:00:00+00:00,planned,SET4
TABLET-WO-01760,P011,P011,24500,0,2020-08-13T00:00:00+00:00,planned,SET4
TABLET-WO-01761,P011,P011,26900,0,2020-08-27T00:00:00+00:00,planned,SET4
TABLET-WO-01762,P011,P011,22400,0,2020-08-20T00:00:00+00:00,planned,SET4
TABLET-WO-01763,P011,P011,18600,0,2020-08-06T00:00:00+00:00,planned,SET4
TABLET-WO-01764,P011,P011,14500,0,2020-09-17T00:00:00+00:00,planned,SET4
TABLET-WO-01765,P011,P011,19000,0,2020-09-03T00:00:00+00:00,planned,SET4
TABLET-WO-01766,P011,P011,12000,0,2020-09-24T00:00:00+00:00,planned,SET4
TABLET-WO-01767,P011,P011,15300,0,2020-09-10T00:00:00+00:00,planned,SET4
TABLET-WO-01768,P011,P011,28400,0,2020-10-01T00:00:00+00:00,planned,SET4
TABLET-WO-01769,P011,P011,30900,0,2020-10-08T00:00:00+00:00,planned,SET4
TABLET-WO-01770,P011,P011,16600,0,2020-10-15T00:00:00+00:00,planned,SET4
TABLET-WO-01771,P011,P011,20000,0,2020-10-29T00:00:00+00:00,planned,SET4
TABLET-WO-01772,P011,P011,0,0,2020-10-22T00:00:00+00:00,planned,SET4
TABLET-WO-01773,P011,P011,20000,0,2020-11-19T00:00:00+00:00,planned,SET4
TABLET-WO-01774,P011,P011,18000,0,2020-11-26T00:00:00+00:00,planned,SET4
TABLET-WO-01775,P011,P011,17000,0,2020-11-12T00:00:00+00:00,planned,SET4
TABLET-WO-01776,P011,P011,20000,0,2020-11-05T00:00:00+00:00,planned,SET4
TABLET-WO-01777,P012,P012,15400,0,2018-02-08T00:00:00+00:00,planned,SET4
TABLET-WO-01778,P012,P012,10800,0,2018-02-01T00:00:00+00:00,planned,SET4
TABLET-WO-01779,P012,P012,12300,0,2018-02-22T00:00:00+00:00,planned,SET4
TABLET-WO-01780,P012,P012,12100,0,2018-02-15T00:00:00+00:00,planned,SET4
TABLET-WO-01781,P012,P012,23200,0,2018-03-22T00:00:00+00:00,planned,SET4
TABLET-WO-01782,P012,P012,20200,0,2018-03-29T00:00:00+00:00,planned,SET4
TABLET-WO-01783,P012,P012,14400,0,2018-03-01T00:00:00+00:00,planned,SET4
TABLET-WO-01784,P012,P012,17100,0,2018-03-08T00:00:00+00:00,planned,SET4
TABLET-WO-01785,P012,P012,16400,0,2018-03-15T00:00:00+00:00,planned,SET4
TABLET-WO-01786,P012,P012,14000,0,2018-04-26T00:00:00+00:00,planned,SET4
TABLET-WO-01787,P012,P012,13500,0,2018-04-19T00:00:00+00:00,planned,SET4
TABLET-WO-01788,P012,P012,12700,0,2018-04-05T00:00:00+00:00,planned,SET4
TABLET-WO-01789,P012,P012,0,0,2018-04-12T00:00:00+00:00,planned,SET4
TABLET-WO-01790,P012,P012,29800,0,2018-05-24T00:00:00+00:00,planned,SET4
TABLET-WO-01791,P012,P012,29200,0,2018-05-31T00:00:00+00:00,planned,SET4
TABLET-WO-01792,P012,P012,16800,0,2018-05-17T00:00:00+00:00,planned,SET4
TABLET-WO-01793,P012,P012,30900,0,2018-05-03T00:00:00+00:00,planned,SET4
TABLET-WO-01794,P012,P012,0,0,2018-05-10T00:00:00+00:00,planned,SET4
TABLET-WO-01795,P012,P012,11400,0,2018-06-07T00:00:00+00:00,planned,SET4
TABLET-WO-01796,P012,P012,0,0,2018-06-28T00:00:00+00:00,planned,SET4
TABLET-WO-01797,P012,P012,13200,0,2018-06-21T00:00:00+00:00,planned,SET4
TABLET-WO-01798,P012,P012,10600,0,2018-06-14T00:00:00+00:00,planned,SET4
TABLET-WO-01799,P012,P012,0,0,2018-07-12T00:00:00+00:00,planned,SET4
TABLET-WO-01800,P012,P012,12000,0,2018-07-26T00:00:00+00:00,planned,SET4
TABLET-WO-01801,P012,P012,12600,0,2018-07-19T00:00:00+00:00,planned,SET4
TABLET-WO-01802,P012,P012,14500,0,2018-07-05T00:00:00+00:00,planned,SET4
TABLET-WO-01803,P012,P012,18900,0,2018-08-16T00:00:00+00:00,planned,SET4
TABLET-WO-01804,P012,P012,17000,0,2018-08-23T00:00:00+00:00,planned,SET4
TABLET-WO-01805,P012,P012,16200,0,2018-08-09T00:00:00+00:00,planned,SET4
TABLET-WO-01806,P012,P012,20000,0,2018-08-30T00:00:00+00:00,planned,SET4
TABLET-WO-01807,P012,P012,13700,0,2018-08-02T00:00:00+00:00,planned,SET4
TABLET-WO-01808,P012,P012,15400,0,2018-09-13T00:00:00+00:00,planned,SET4
TABLET-WO-01809,P012,P012,15400,0,2018-09-27T00:00:00+00:00,planned,SET4
TABLET-WO-01810,P012,P012,16000,0,2018-09-06T00:00:00+00:00,planned,SET4
TABLET-WO-01811,P012,P012,17000,0,2018-09-20T00:00:00+00:00,planned,SET4
TABLET-WO-01812,P012,P012,19000,0,2018-10-25T00:00:00+00:00,planned,SET4
TABLET-WO-01813,P012,P012,22500,0,2018-10-04T00:00:00+00:00,planned,SET4
TABLET-WO-01814,P012,P012,17000,0,2018-10-18T00:00:00+00:00,planned,SET4
TABLET-WO-01815,P012,P012,16900,0,2018-10-11T00:00:00+00:00,planned,SET4
TABLET-WO-01816,P012,P012,26800,0,2018-11-29T00:00:00+00:00,planned,SET4
TABLET-WO-01817,P012,P012,24700,0,2018-11-15T00:00:00+00:00,planned,SET4
TABLET-WO-01818,P012,P012,25700,0,2018-11-08T00:00:00+00:00,planned,SET4
TABLET-WO-01819,P012,P012,27500,0,2018-11-01T00:00:00+00:00,planned,SET4
TABLET-WO-01820,P012,P012,19600,0,2018-11-22T00:00:00+00:00,planned,SET4
TABLET-WO-01821,P012,P012,16000,0,2018-12-06T00:00:00+00:00,planned,SET4
TABLET-WO-01822,P012,P012,15500,0,2018-12-20T00:00:00+00:00,planned,SET4
TABLET-WO-01823,P012,P012,17600,0,2018-12-27T00:00:00+00:00,planned,SET4
TABLET-WO-01824,P012,P012,19800,0,2018-12-13T00:00:00+00:00,planned,SET4
TABLET-WO-01825,P012,P012,24000,0,2019-01-03T00:00:00+00:00,planned,SET4
TABLET-WO-01826,P012,P012,24700,0,2019-01-31T00:00:00+00:00,planned,SET4
TABLET-WO-01827,P012,P012,33100,0,2019-01-10T00:00:00+00:00,planned,SET4
TABLET-WO-01828,P012,P012,29500,0,2019-01-24T00:00:00+00:00,planned,SET4
TABLET-WO-01829,P012,P012,20700,0,2019-01-17T00:00:00+00:00,planned,SET4
TABLET-WO-01830,P012,P012,16300,0,2019-02-07T00:00:00+00:00,planned,SET4
TABLET-WO-01831,P012,P012,13000,0,2019-02-14T00:00:00+00:00,planned,SET4
TABLET-WO-01832,P012,P012,14700,0,2019-02-28T00:00:00+00:00,planned,SET4
TABLET-WO-01833,P012,P012,0,0,2019-02-21T00:00:00+00:00,planned,SET4
TABLET-WO-01834,P012,P012,10000,0,2019-03-28T00:00:00+00:00,planned,SET4
TABLET-WO-01835,P012,P012,12000,0,2019-03-07T00:00:00+00:00,planned,SET4
TABLET-WO-01836,P012,P012,11000,0,2019-03-14T00:00:00+00:00,planned,SET4
TABLET-WO-01837,P012,P012,8000,0,2019-03-21T00:00:00+00:00,planned,SET4
TABLET-WO-01838,P012,P012,10300,0,2019-04-11T00:00:00+00:00,planned,SET4
TABLET-WO-01839,P012,P012,0,0,2019-04-25T00:00:00+00:00,planned,SET4
TABLET-WO-01840,P012,P012,16600,0,2019-04-18T00:00:00+00:00,planned,SET4
TABLET-WO-01841,P012,P012,10400,0,2019-04-04T00:00:00+00:00,planned,SET4
TABLET-WO-01842,P012,P012,17600,0,2019-05-30T00:00:00+00:00,planned,SET4
TABLET-WO-01843,P012,P012,20400,0,2019-05-02T00:00:00+00:00,planned,SET4
TABLET-WO-01844,P012,P012,19000,0,2019-05-16T00:00:00+00:00,planned,SET4
TABLET-WO-01845,P012,P012,26400,0,2019-05-23T00:00:00+00:00,planned,SET4
TABLET-WO-01846,P012,P012,25800,0,2019-05-09T00:00:00+00:00,planned,SET4
TABLET-WO-01847,P012,P012,0,0,2019-06-27T00:00:00+00:00,planned,SET4
TABLET-WO-01848,P012,P012,20000,0,2019-06-20T00:00:00+00:00,planned,SET4
TABLET-WO-01849,P012,P012,16500,0,2019-06-06T00:00:00+00:00,planned,SET4
TABLET-WO-01850,P012,P012,9000,0,2019-06-13T00:00:00+00:00,planned,SET4
TABLET-WO-01851,P012,P012,8000,0,2019-07-25T00:00:00+00:00,planned,SET4
TABLET-WO-01852,P012,P012,5900,0,2019-07-18T00:00:00+00:00,planned,SET4
TABLET-WO-01853,P012,P012,9700,0,2019-07-11T00:00:00+00:00,planned,SET4
TABLET-WO-01854,P012,P012,8600,0,2019-07-04T00:00:00+00:00,planned,SET4
TABLET-WO-01855,P012,P012,20700,0,2019-08-22T00:00:00+00:00,planned,SET4
TABLET-WO-01856,P012,P012,22500,0,2019-08-15T00:00:00+00:00,planned,SET4
TABLET-WO-01857,P012,P012,14700,0,2019-08-29T00:00:00+00:00,planned,SET4
TABLET-WO-01858,P012,P012,18500,0,2019-08-08T00:00:00+00:00,planned,SET4
TABLET-WO-01859,P012,P012,23700,0,2019-08-01T00:00:00+00:00,planned,SET4
TABLET-WO-01860,P012,P012,0,0,2019-09-05T00:00:00+00:00,planned,SET4
TABLET-WO-01861,P012,P012,19000,0,2019-09-12T00:00:00+00:00,planned,SET4
TABLET-WO-01862,P012,P012,20000,0,2019-09-26T00:00:00+00:00,planned,SET4
TABLET-WO-01863,P012,P012,21000,0,2019-09-19T00:00:00+00:00,planned,SET4
TABLET-WO-01864,P012,P012,19000,0,2019-10-31T00:00:00+00:00,planned,SET4
TABLET-WO-01865,P012,P012,22600,0,2019-10-03T00:00:00+00:00,planned,SET4
TABLET-WO-01866,P012,P012,33000,0,2019-10-10T00:00:00+00:00,planned,SET4
TABLET-WO-01867,P012,P012,37800,0,2019-10-17T00:00:00+00:00,planned,SET4
TABLET-WO-01868,P012,P012,33000,0,2019-10-24T00:00:00+00:00,planned,SET4
TABLET-WO-01869,P012,P012,7300,0,2019-11-07T00:00:00+00:00,planned,SET4
TABLET-WO-01870,P012,P012,4900,0,2019-11-14T00:00:00+00:00,planned,SET4
TABLET-WO-01871,P012,P012,6500,0,2019-11-21T00:00:00+00:00,planned,SET4
TABLET-WO-01872,P012,P012,3000,0,2019-11-28T00:00:00+00:00,planned,SET4
TABLET-WO-01873,P012,P012,4000,0,2019-12-19T00:00:00+00:00,planned,SET4
TABLET-WO-01874,P012,P012,8000,0,2019-12-05T00:00:00+00:00,planned,SET4
TABLET-WO-01875,P012,P012,12000,0,2019-12-26T00:00:00+00:00,planned,SET4
TABLET-WO-01876,P012,P012,14200,0,2019-12-12T00:00:00+00:00,planned,SET4
TABLET-WO-01877,P012,P012,16600,0,2020-01-16T00:00:00+00:00,planned,SET4
TABLET-WO-01878,P012,P012,18800,0,2020-01-23T00:00:00+00:00,planned,SET4
TABLET-WO-01879,P012,P012,0,0,2020-01-30T00:00:00+00:00,planned,SET4
TABLET-WO-01880,P012,P012,13700,0,2020-01-02T00:00:00+00:00,planned,SET4
TABLET-WO-01881,P012,P012,21300,0,2020-01-09T00:00:00+00:00,planned,SET4
TABLET-WO-01882,P012,P012,12000,0,2020-02-27T00:00:00+00:00,planned,SET4
TABLET-WO-01883,P012,P012,12100,0,2020-02-06T00:00:00+00:00,planned,SET4
TABLET-WO-01884,P012,P012,15600,0,2020-02-20T00:00:00+00:00,planned,SET4
TABLET-WO-01885,P012,P012,18900,0,2020-02-13T00:00:00+00:00,planned,SET4
TABLET-WO-01886,P012,P012,19800,0,2020-03-12T00:00:00+00:00,planned,SET4
TABLET-WO-01887,P012,P012,21000,0,2020-03-26T00:00:00+00:00,planned,SET4
TABLET-WO-01888,P012,P012,20000,0,2020-03-05T00:00:00+00:00,planned,SET4
TABLET-WO-01889,P012,P012,0,0,2020-03-19T00:00:00+00:00,planned,SET4
TABLET-WO-01890,P012,P012,0,0,2020-04-16T00:00:00+00:00,planned,SET4
TABLET-WO-01891,P012,P012,37600,0,2020-04-23T00:00:00+00:00,planned,SET4
TABLET-WO-01892,P012,P012,25600,0,2020-04-09T00:00:00+00:00,planned,SET4
TABLET-WO-01893,P012,P012,34100,0,2020-04-30T00:00:00+00:00,planned,SET4
TABLET-WO-01894,P012,P012,40300,0,2020-04-02T00:00:00+00:00,planned,SET4
TABLET-WO-01895,P012,P012,0,0,2020-05-14T00:00:00+00:00,planned,SET4
TABLET-WO-01896,P012,P012,19000,0,2020-05-21T00:00:00+00:00,planned,SET4
TABLET-WO-01897,P012,P012,21000,0,2020-05-28T00:00:00+00:00,planned,SET4
TABLET-WO-01898,P012,P012,0,0,2020-05-07T00:00:00+00:00,planned,SET4
TABLET-WO-01899,P012,P012,24300,0,2020-06-18T00:00:00+00:00,planned,SET4
TABLET-WO-01900,P012,P012,14200,0,2020-06-04T00:00:00+00:00,planned,SET4
TABLET-WO-01901,P012,P012,24000,0,2020-06-11T00:00:00+00:00,planned,SET4
TABLET-WO-01902,P012,P012,22100,0,2020-06-25T00:00:00+00:00,planned,SET4
TABLET-WO-01903,P012,P012,18300,0,2020-07-30T00:00:00+00:00,planned,SET4
TABLET-WO-01904,P012,P012,16500,0,2020-07-09T00:00:00+00:00,planned,SET4
TABLET-WO-01905,P012,P012,0,0,2020-07-16T00:00:00+00:00,planned,SET4
TABLET-WO-01906,P012,P012,19300,0,2020-07-23T00:00:00+00:00,planned,SET4
TABLET-WO-01907,P012,P012,30500,0,2020-07-02T00:00:00+00:00,planned,SET4
TABLET-WO-01908,P012,P012,19000,0,2020-08-20T00:00:00+00:00,planned,SET4
TABLET-WO-01909,P012,P012,0,0,2020-08-06T00:00:00+00:00,planned,SET4
TABLET-WO-01910,P012,P012,21000,0,2020-08-27T00:00:00+00:00,planned,SET4
TABLET-WO-01911,P012,P012,0,0,2020-08-13T00:00:00+00:00,planned,SET4
TABLET-WO-01912,P012,P012,29000,0,2020-09-17T00:00:00+00:00,planned,SET4
TABLET-WO-01913,P012,P012,0,0,2020-09-10T00:00:00+00:00,planned,SET4
TABLET-WO-01914,P012,P012,24200,0,2020-09-24T00:00:00+00:00,planned,SET4
TABLET-WO-01915,P012,P012,30400,0,2020-09-03T00:00:00+00:00,planned,SET4
TABLET-WO-01916,P012,P012,28700,0,2020-10-08T00:00:00+00:00,planned,SET4
TABLET-WO-01917,P012,P012,25300,0,2020-10-22T00:00:00+00:00,planned,SET4
TABLET-WO-01918,P012,P012,23300,0,2020-10-15T00:00:00+00:00,planned,SET4
TABLET-WO-01919,P012,P012,17200,0,2020-10-01T00:00:00+00:00,planned,SET4
TABLET-WO-01920,P012,P012,23200,0,2020-10-29T00:00:00+00:00,planned,SET4
TABLET-WO-01921,P012,P012,18900,0,2020-11-19T00:00:00+00:00,planned,SET4
TABLET-WO-01922,P012,P012,16100,0,2020-11-26T00:00:00+00:00,planned,SET4
TABLET-WO-01923,P012,P012,17800,0,2020-11-12T00:00:00+00:00,planned,SET4
TABLET-WO-01924,P012,P012,14500,0,2020-11-05T00:00:00+00:00,planned,SET4
TABLET-WO-01925,P016,P016,4400,0,2018-02-15T00:00:00+00:00,planned,SET4
TABLET-WO-01926,P016,P016,4500,0,2018-02-01T00:00:00+00:00,planned,SET4
TABLET-WO-01927,P016,P016,5700,0,2018-02-22T00:00:00+00:00,planned,SET4
TABLET-WO-01928,P016,P016,0,0,2018-02-08T00:00:00+00:00,planned,SET4
TABLET-WO-01929,P016,P016,10700,0,2018-03-15T00:00:00+00:00,planned,SET4
TABLET-WO-01930,P016,P016,8600,0,2018-03-08T00:00:00+00:00,planned,SET4
TABLET-WO-01931,P016,P016,13800,0,2018-03-01T00:00:00+00:00,planned,SET4
TABLET-WO-01932,P016,P016,10400,0,2018-03-29T00:00:00+00:00,planned,SET4
TABLET-WO-01933,P016,P016,0,0,2018-03-22T00:00:00+00:00,planned,SET4
TABLET-WO-01934,P016,P016,0,0,2018-04-26T00:00:00+00:00,planned,SET4
TABLET-WO-01935,P016,P016,0,0,2018-04-05T00:00:00+00:00,planned,SET4
TABLET-WO-01936,P016,P016,0,0,2018-04-19T00:00:00+00:00,planned,SET4
TABLET-WO-01937,P016,P016,0,0,2018-04-12T00:00:00+00:00,planned,SET4
TABLET-WO-01938,P016,P016,7500,0,2018-05-17T00:00:00+00:00,planned,SET4
TABLET-WO-01939,P016,P016,8300,0,2018-05-31T00:00:00+00:00,planned,SET4
TABLET-WO-01940,P016,P016,10800,0,2018-05-03T00:00:00+00:00,planned,SET4
TABLET-WO-01941,P016,P016,8200,0,2018-05-24T00:00:00+00:00,planned,SET4
TABLET-WO-01942,P016,P016,0,0,2018-05-10T00:00:00+00:00,planned,SET4
TABLET-WO-01943,P016,P016,7400,0,2018-06-14T00:00:00+00:00,planned,SET4
TABLET-WO-01944,P016,P016,5600,0,2018-06-07T00:00:00+00:00,planned,SET4
TABLET-WO-01945,P016,P016,5200,0,2018-06-28T00:00:00+00:00,planned,SET4
TABLET-WO-01946,P016,P016,0,0,2018-06-21T00:00:00+00:00,planned,SET4
TABLET-WO-01947,P016,P016,0,0,2018-07-12T00:00:00+00:00,planned,SET4
TABLET-WO-01948,P016,P016,0,0,2018-07-05T00:00:00+00:00,planned,SET4
TABLET-WO-01949,P016,P016,0,0,2018-07-19T00:00:00+00:00,planned,SET4
TABLET-WO-01950,P016,P016,0,0,2018-07-26T00:00:00+00:00,planned,SET4
TABLET-WO-01951,P016,P016,7300,0,2018-08-02T00:00:00+00:00,planned,SET4
TABLET-WO-01952,P016,P016,8300,0,2018-08-16T00:00:00+00:00,planned,SET4
TABLET-WO-01953,P016,P016,7600,0,2018-08-30T00:00:00+00:00,planned,SET4
TABLET-WO-01954,P016,P016,7100,0,2018-08-09T00:00:00+00:00,planned,SET4
TABLET-WO-01955,P016,P016,0,0,2018-08-23T00:00:00+00:00,planned,SET4
TABLET-WO-01956,P016,P016,0,0,2018-09-20T00:00:00+00:00,planned,SET4
TABLET-WO-01957,P016,P016,0,0,2018-09-27T00:00:00+00:00,planned,SET4
TABLET-WO-01958,P016,P016,0,0,2018-09-06T00:00:00+00:00,planned,SET4
TABLET-WO-01959,P016,P016,0,0,2018-09-13T00:00:00+00:00,planned,SET4
TABLET-WO-01960,P016,P016,5300,0,2018-10-11T00:00:00+00:00,planned,SET4
TABLET-WO-01961,P016,P016,3200,0,2018-10-04T00:00:00+00:00,planned,SET4
TABLET-WO-01962,P016,P016,4100,0,2018-10-25T00:00:00+00:00,planned,SET4
TABLET-WO-01963,P016,P016,4500,0,2018-10-18T00:00:00+00:00,planned,SET4
TABLET-WO-01964,P016,P016,7500,0,2018-11-01T00:00:00+00:00,planned,SET4
TABLET-WO-01965,P016,P016,7700,0,2018-11-08T00:00:00+00:00,planned,SET4
TABLET-WO-01966,P016,P016,7900,0,2018-11-22T00:00:00+00:00,planned,SET4
TABLET-WO-01967,P016,P016,9100,0,2018-11-29T00:00:00+00:00,planned,SET4
TABLET-WO-01968,P016,P016,0,0,2018-11-15T00:00:00+00:00,planned,SET4
TABLET-WO-01969,P016,P016,0,0,2018-12-13T00:00:00+00:00,planned,SET4
TABLET-WO-01970,P016,P016,0,0,2018-12-06T00:00:00+00:00,planned,SET4
TABLET-WO-01971,P016,P016,0,0,2018-12-27T00:00:00+00:00,planned,SET4
TABLET-WO-01972,P016,P016,0,0,2018-12-20T00:00:00+00:00,planned,SET4
TABLET-WO-01973,P016,P016,10700,0,2019-01-24T00:00:00+00:00,planned,SET4
TABLET-WO-01974,P016,P016,10100,0,2019-01-17T00:00:00+00:00,planned,SET4
TABLET-WO-01975,P016,P016,9000,0,2019-01-10T00:00:00+00:00,planned,SET4
TABLET-WO-01976,P016,P016,8500,0,2019-01-31T00:00:00+00:00,planned,SET4
TABLET-WO-01977,P016,P016,0,0,2019-01-03T00:00:00+00:00,planned,SET4
TABLET-WO-01978,P016,P016,6800,0,2019-02-21T00:00:00+00:00,planned,SET4
TABLET-WO-01979,P016,P016,6000,0,2019-02-14T00:00:00+00:00,planned,SET4
TABLET-WO-01980,P016,P016,9200,0,2019-02-28T00:00:00+00:00,planned,SET4
TABLET-WO-01981,P016,P016,0,0,2019-02-07T00:00:00+00:00,planned,SET4
TABLET-WO-01982,P016,P016,0,0,2019-03-14T00:00:00+00:00,planned,SET4
TABLET-WO-01983,P016,P016,0,0,2019-03-07T00:00:00+00:00,planned,SET4
TABLET-WO-01984,P016,P016,0,0,2019-03-21T00:00:00+00:00,planned,SET4
TABLET-WO-01985,P016,P016,0,0,2019-03-28T00:00:00+00:00,planned,SET4
TABLET-WO-01986,P016,P016,5700,0,2019-04-11T00:00:00+00:00,planned,SET4
TABLET-WO-01987,P016,P016,4500,0,2019-04-04T00:00:00+00:00,planned,SET4
TABLET-WO-01988,P016,P016,5600,0,2019-04-25T00:00:00+00:00,planned,SET4
TABLET-WO-01989,P016,P016,4300,0,2019-04-18T00:00:00+00:00,planned,SET4
TABLET-WO-01990,P016,P016,9300,0,2019-05-30T00:00:00+00:00,planned,SET4
TABLET-WO-01991,P016,P016,11300,0,2019-05-02T00:00:00+00:00,planned,SET4
TABLET-WO-01992,P016,P016,15600,0,2019-05-23T00:00:00+00:00,planned,SET4
TABLET-WO-01993,P016,P016,11600,0,2019-05-16T00:00:00+00:00,planned,SET4
TABLET-WO-01994,P016,P016,0,0,2019-05-09T00:00:00+00:00,planned,SET4
TABLET-WO-01995,P016,P016,0,0,2019-06-20T00:00:00+00:00,planned,SET4
TABLET-WO-01996,P016,P016,0,0,2019-06-06T00:00:00+00:00,planned,SET4
TABLET-WO-01997,P016,P016,0,0,2019-06-27T00:00:00+00:00,planned,SET4
TABLET-WO-01998,P016,P016,0,0,2019-06-13T00:00:00+00:00,planned,SET4
TABLET-WO-01999,P016,P016,7700,0,2019-07-25T00:00:00+00:00,planned,SET4
TABLET-WO-02000,P016,P016,5800,0,2019-07-11T00:00:00+00:00,planned,SET4
TABLET-WO-02001,P016,P016,4800,0,2019-07-18T00:00:00+00:00,planned,SET4
TABLET-WO-02002,P016,P016,0,0,2019-07-04T00:00:00+00:00,planned,SET4
TABLET-WO-02003,P016,P016,6600,0,2019-08-01T00:00:00+00:00,planned,SET4
TABLET-WO-02004,P016,P016,10100,0,2019-08-22T00:00:00+00:00,planned,SET4
TABLET-WO-02005,P016,P016,10900,0,2019-08-08T00:00:00+00:00,planned,SET4
TABLET-WO-02006,P016,P016,5700,0,2019-08-29T00:00:00+00:00,planned,SET4
TABLET-WO-02007,P016,P016,0,0,2019-08-15T00:00:00+00:00,planned,SET4
TABLET-WO-02008,P016,P016,0,0,2019-09-12T00:00:00+00:00,planned,SET4
TABLET-WO-02009,P016,P016,0,0,2019-09-19T00:00:00+00:00,planned,SET4
TABLET-WO-02010,P016,P016,0,0,2019-09-05T00:00:00+00:00,planned,SET4
TABLET-WO-02011,P016,P016,0,0,2019-09-26T00:00:00+00:00,planned,SET4
TABLET-WO-02012,P016,P016,7000,0,2019-10-17T00:00:00+00:00,planned,SET4
TABLET-WO-02013,P016,P016,6500,0,2019-10-31T00:00:00+00:00,planned,SET4
TABLET-WO-02014,P016,P016,5300,0,2019-10-10T00:00:00+00:00,planned,SET4
TABLET-WO-02015,P016,P016,6000,0,2019-10-24T00:00:00+00:00,planned,SET4
TABLET-WO-02016,P016,P016,9300,0,2019-10-03T00:00:00+00:00,planned,SET4
TABLET-WO-02017,P016,P016,2900,0,2019-11-21T00:00:00+00:00,planned,SET4
TABLET-WO-02018,P016,P016,2700,0,2019-11-07T00:00:00+00:00,planned,SET4
TABLET-WO-02019,P016,P016,4100,0,2019-11-14T00:00:00+00:00,planned,SET4
TABLET-WO-02020,P016,P016,2600,0,2019-11-28T00:00:00+00:00,planned,SET4
TABLET-WO-02021,P016,P016,0,0,2019-12-19T00:00:00+00:00,planned,SET4
TABLET-WO-02022,P016,P016,0,0,2019-12-12T00:00:00+00:00,planned,SET4
TABLET-WO-02023,P016,P016,0,0,2019-12-26T00:00:00+00:00,planned,SET4
TABLET-WO-02024,P016,P016,0,0,2019-12-05T00:00:00+00:00,planned,SET4
TABLET-WO-02025,P016,P016,7100,0,2020-01-23T00:00:00+00:00,planned,SET4
TABLET-WO-02026,P016,P016,4500,0,2020-01-09T00:00:00+00:00,planned,SET4
TABLET-WO-02027,P016,P016,5500,0,2020-01-30T00:00:00+00:00,planned,SET4
TABLET-WO-02028,P016,P016,5700,0,2020-01-16T00:00:00+00:00,planned,SET4
TABLET-WO-02029,P016,P016,5900,0,2020-01-02T00:00:00+00:00,planned,SET4
TABLET-WO-02030,P016,P016,4100,0,2020-02-06T00:00:00+00:00,planned,SET4
TABLET-WO-02031,P016,P016,3300,0,2020-02-20T00:00:00+00:00,planned,SET4
TABLET-WO-02032,P016,P016,3500,0,2020-02-27T00:00:00+00:00,planned,SET4
TABLET-WO-02033,P016,P016,5300,0,2020-02-13T00:00:00+00:00,planned,SET4
TABLET-WO-02034,P016,P016,0,0,2020-03-19T00:00:00+00:00,planned,SET4
TABLET-WO-02035,P016,P016,0,0,2020-03-26T00:00:00+00:00,planned,SET4
TABLET-WO-02036,P016,P016,0,0,2020-03-05T00:00:00+00:00,planned,SET4
TABLET-WO-02037,P016,P016,0,0,2020-03-12T00:00:00+00:00,planned,SET4
TABLET-WO-02038,P016,P016,9100,0,2020-04-16T00:00:00+00:00,planned,SET4
TABLET-WO-02039,P016,P016,8800,0,2020-04-02T00:00:00+00:00,planned,SET4
TABLET-WO-02040,P016,P016,8600,0,2020-04-09T00:00:00+00:00,planned,SET4
TABLET-WO-02041,P016,P016,7800,0,2020-04-23T00:00:00+00:00,planned,SET4
TABLET-WO-02042,P016,P016,0,0,2020-04-30T00:00:00+00:00,planned,SET4
TABLET-WO-02043,P016,P016,0,0,2020-05-07T00:00:00+00:00,planned,SET4
TABLET-WO-02044,P016,P016,0,0,2020-05-28T00:00:00+00:00,planned,SET4
TABLET-WO-02045,P016,P016,0,0,2020-05-21T00:00:00+00:00,planned,SET4
TABLET-WO-02046,P016,P016,0,0,2020-05-14T00:00:00+00:00,planned,SET4
TABLET-WO-02047,P016,P016,3900,0,2020-06-04T00:00:00+00:00,planned,SET4
TABLET-WO-02048,P016,P016,5900,0,2020-06-11T00:00:00+00:00,planned,SET4
TABLET-WO-02049,P016,P016,4600,0,2020-06-18T00:00:00+00:00,planned,SET4
TABLET-WO-02050,P016,P016,6000,0,2020-06-25T00:00:00+00:00,planned,SET4
TABLET-WO-02051,P016,P016,10700,0,2020-07-30T00:00:00+00:00,planned,SET4
TABLET-WO-02052,P016,P016,8900,0,2020-07-02T00:00:00+00:00,planned,SET4
TABLET-WO-02053,P016,P016,10100,0,2020-07-23T00:00:00+00:00,planned,SET4
TABLET-WO-02054,P016,P016,8000,0,2020-07-16T00:00:00+00:00,planned,SET4
TABLET-WO-02055,P016,P016,0,0,2020-07-09T00:00:00+00:00,planned,SET4
TABLET-WO-02056,P016,P016,0,0,2020-08-20T00:00:00+00:00,planned,SET4
TABLET-WO-02057,P016,P016,0,0,2020-08-13T00:00:00+00:00,planned,SET4
TABLET-WO-02058,P016,P016,0,0,2020-08-27T00:00:00+00:00,planned,SET4
TABLET-WO-02059,P016,P016,0,0,2020-08-06T00:00:00+00:00,planned,SET4
TABLET-WO-02060,P016,P016,3500,0,2020-09-17T00:00:00+00:00,planned,SET4
TABLET-WO-02061,P016,P016,6000,0,2020-09-03T00:00:00+00:00,planned,SET4
TABLET-WO-02062,P016,P016,5600,0,2020-09-24T00:00:00+00:00,planned,SET4
TABLET-WO-02063,P016,P016,3900,0,2020-09-10T00:00:00+00:00,planned,SET4
TABLET-WO-02064,P016,P016,7200,0,2020-10-08T00:00:00+00:00,planned,SET4
TABLET-WO-02065,P016,P016,4200,0,2020-10-29T00:00:00+00:00,planned,SET4
TABLET-WO-02066,P016,P016,8000,0,2020-10-01T00:00:00+00:00,planned,SET4
TABLET-WO-02067,P016,P016,5600,0,2020-10-22T00:00:00+00:00,planned,SET4
TABLET-WO-02068,P016,P016,6600,0,2020-10-15T00:00:00+00:00,planned,SET4
TABLET-WO-02069,P016,P016,0,0,2020-11-05T00:00:00+00:00,planned,SET4
TABLET-WO-02070,P016,P016,0,0,2020-11-19T00:00:00+00:00,planned,SET4
TABLET-WO-02071,P016,P016,0,0,2020-11-12T00:00:00+00:00,planned,SET4
TABLET-WO-02072,P016,P016,0,0,2020-11-26T00:00:00+00:00,planned,SET4
TABLET-WO-02073,P017,P017,8300,0,2018-02-08T00:00:00+00:00,planned,SET4
TABLET-WO-02074,P017,P017,10000,0,2018-02-01T00:00:00+00:00,planned,SET4
TABLET-WO-02075,P017,P017,8200,0,2018-02-22T00:00:00+00:00,planned,SET4
TABLET-WO-02076,P017,P017,13500,0,2018-02-15T00:00:00+00:00,planned,SET4
TABLET-WO-02077,P017,P017,3900,0,2018-03-22T00:00:00+00:00,planned,SET4
TABLET-WO-02078,P017,P017,3300,0,2018-03-29T00:00:00+00:00,planned,SET4
TABLET-WO-02079,P017,P017,4200,0,2018-03-01T00:00:00+00:00,planned,SET4
TABLET-WO-02080,P017,P017,4300,0,2018-03-08T00:00:00+00:00,planned,SET4
TABLET-WO-02081,P017,P017,4200,0,2018-03-15T00:00:00+00:00,planned,SET4
TABLET-WO-02082,P017,P017,4200,0,2018-04-26T00:00:00+00:00,planned,SET4
TABLET-WO-02083,P017,P017,3500,0,2018-04-19T00:00:00+00:00,planned,SET4
TABLET-WO-02084,P017,P017,3500,0,2018-04-05T00:00:00+00:00,planned,SET4
TABLET-WO-02085,P017,P017,3000,0,2018-04-12T00:00:00+00:00,planned,SET4
TABLET-WO-02086,P017,P017,3000,0,2018-05-24T00:00:00+00:00,planned,SET4
TABLET-WO-02087,P017,P017,3400,0,2018-05-31T00:00:00+00:00,planned,SET4
TABLET-WO-02088,P017,P017,5600,0,2018-05-17T00:00:00+00:00,planned,SET4
TABLET-WO-02089,P017,P017,3600,0,2018-05-03T00:00:00+00:00,planned,SET4
TABLET-WO-02090,P017,P017,4500,0,2018-05-10T00:00:00+00:00,planned,SET4
TABLET-WO-02091,P017,P017,5000,0,2018-06-07T00:00:00+00:00,planned,SET4
TABLET-WO-02092,P017,P017,5000,0,2018-06-28T00:00:00+00:00,planned,SET4
TABLET-WO-02093,P017,P017,5500,0,2018-06-21T00:00:00+00:00,planned,SET4
TABLET-WO-02094,P017,P017,6000,0,2018-06-14T00:00:00+00:00,planned,SET4
TABLET-WO-02095,P017,P017,0,0,2018-07-12T00:00:00+00:00,planned,SET4
TABLET-WO-02096,P017,P017,0,0,2018-07-26T00:00:00+00:00,planned,SET4
TABLET-WO-02097,P017,P017,0,0,2018-07-19T00:00:00+00:00,planned,SET4
TABLET-WO-02098,P017,P017,0,0,2018-07-05T00:00:00+00:00,planned,SET4
TABLET-WO-02099,P017,P017,6500,0,2018-08-16T00:00:00+00:00,planned,SET4
TABLET-WO-02100,P017,P017,6000,0,2018-08-23T00:00:00+00:00,planned,SET4
TABLET-WO-02101,P017,P017,9700,0,2018-08-09T00:00:00+00:00,planned,SET4
TABLET-WO-02102,P017,P017,8600,0,2018-08-30T00:00:00+00:00,planned,SET4
TABLET-WO-02103,P017,P017,9200,0,2018-08-02T00:00:00+00:00,planned,SET4
TABLET-WO-02104,P017,P017,0,0,2018-09-13T00:00:00+00:00,planned,SET4
TABLET-WO-02105,P017,P017,0,0,2018-09-27T00:00:00+00:00,planned,SET4
TABLET-WO-02106,P017,P017,0,0,2018-09-06T00:00:00+00:00,planned,SET4
TABLET-WO-02107,P017,P017,0,0,2018-09-20T00:00:00+00:00,planned,SET4
TABLET-WO-02108,P017,P017,5600,0,2018-10-25T00:00:00+00:00,planned,SET4
TABLET-WO-02109,P017,P017,6600,0,2018-10-04T00:00:00+00:00,planned,SET4
TABLET-WO-02110,P017,P017,3700,0,2018-10-18T00:00:00+00:00,planned,SET4
TABLET-WO-02111,P017,P017,4100,0,2018-10-11T00:00:00+00:00,planned,SET4
TABLET-WO-02112,P017,P017,8600,0,2018-11-29T00:00:00+00:00,planned,SET4
TABLET-WO-02113,P017,P017,8800,0,2018-11-15T00:00:00+00:00,planned,SET4
TABLET-WO-02114,P017,P017,5400,0,2018-11-08T00:00:00+00:00,planned,SET4
TABLET-WO-02115,P017,P017,9600,0,2018-11-01T00:00:00+00:00,planned,SET4
TABLET-WO-02116,P017,P017,7900,0,2018-11-22T00:00:00+00:00,planned,SET4
TABLET-WO-02117,P017,P017,0,0,2018-12-06T00:00:00+00:00,planned,SET4
TABLET-WO-02118,P017,P017,0,0,2018-12-20T00:00:00+00:00,planned,SET4
TABLET-WO-02119,P017,P017,0,0,2018-12-27T00:00:00+00:00,planned,SET4
TABLET-WO-02120,P017,P017,0,0,2018-12-13T00:00:00+00:00,planned,SET4
TABLET-WO-02121,P017,P017,3900,0,2019-01-03T00:00:00+00:00,planned,SET4
TABLET-WO-02122,P017,P017,5800,0,2019-01-31T00:00:00+00:00,planned,SET4
TABLET-WO-02123,P017,P017,5600,0,2019-01-10T00:00:00+00:00,planned,SET4
TABLET-WO-02124,P017,P017,4700,0,2019-01-24T00:00:00+00:00,planned,SET4
TABLET-WO-02125,P017,P017,0,0,2019-01-17T00:00:00+00:00,planned,SET4
TABLET-WO-02126,P017,P017,12900,0,2019-02-07T00:00:00+00:00,planned,SET4
TABLET-WO-02127,P017,P017,0,0,2019-02-14T00:00:00+00:00,planned,SET4
TABLET-WO-02128,P017,P017,20300,0,2019-02-28T00:00:00+00:00,planned,SET4
TABLET-WO-02129,P017,P017,18800,0,2019-02-21T00:00:00+00:00,planned,SET4
TABLET-WO-02130,P017,P017,0,0,2019-03-28T00:00:00+00:00,planned,SET4
TABLET-WO-02131,P017,P017,0,0,2019-03-07T00:00:00+00:00,planned,SET4
TABLET-WO-02132,P017,P017,0,0,2019-03-14T00:00:00+00:00,planned,SET4
TABLET-WO-02133,P017,P017,0,0,2019-03-21T00:00:00+00:00,planned,SET4
TABLET-WO-02134,P017,P017,5800,0,2019-04-11T00:00:00+00:00,planned,SET4
TABLET-WO-02135,P017,P017,4600,0,2019-04-25T00:00:00+00:00,planned,SET4
TABLET-WO-02136,P017,P017,5200,0,2019-04-18T00:00:00+00:00,planned,SET4
TABLET-WO-02137,P017,P017,4300,0,2019-04-04T00:00:00+00:00,planned,SET4
TABLET-WO-02138,P017,P017,10000,0,2019-05-30T00:00:00+00:00,planned,SET4
TABLET-WO-02139,P017,P017,6600,0,2019-05-02T00:00:00+00:00,planned,SET4
TABLET-WO-02140,P017,P017,12500,0,2019-05-16T00:00:00+00:00,planned,SET4
TABLET-WO-02141,P017,P017,11400,0,2019-05-23T00:00:00+00:00,planned,SET4
TABLET-WO-02142,P017,P017,11600,0,2019-05-09T00:00:00+00:00,planned,SET4
TABLET-WO-02143,P017,P017,0,0,2019-06-27T00:00:00+00:00,planned,SET4
TABLET-WO-02144,P017,P017,0,0,2019-06-20T00:00:00+00:00,planned,SET4
TABLET-WO-02145,P017,P017,0,0,2019-06-06T00:00:00+00:00,planned,SET4
TABLET-WO-02146,P017,P017,0,0,2019-06-13T00:00:00+00:00,planned,SET4
TABLET-WO-02147,P017,P017,10600,0,2019-07-25T00:00:00+00:00,planned,SET4
TABLET-WO-02148,P017,P017,10800,0,2019-07-18T00:00:00+00:00,planned,SET4
TABLET-WO-02149,P017,P017,9200,0,2019-07-11T00:00:00+00:00,planned,SET4
TABLET-WO-02150,P017,P017,9400,0,2019-07-04T00:00:00+00:00,planned,SET4
TABLET-WO-02151,P017,P017,8100,0,2019-08-22T00:00:00+00:00,planned,SET4
TABLET-WO-02152,P017,P017,9500,0,2019-08-15T00:00:00+00:00,planned,SET4
TABLET-WO-02153,P017,P017,10600,0,2019-08-29T00:00:00+00:00,planned,SET4
TABLET-WO-02154,P017,P017,11800,0,2019-08-08T00:00:00+00:00,planned,SET4
TABLET-WO-02155,P017,P017,0,0,2019-08-01T00:00:00+00:00,planned,SET4
TABLET-WO-02156,P017,P017,0,0,2019-09-05T00:00:00+00:00,planned,SET4
TABLET-WO-02157,P017,P017,0,0,2019-09-12T00:00:00+00:00,planned,SET4
TABLET-WO-02158,P017,P017,0,0,2019-09-26T00:00:00+00:00,planned,SET4
TABLET-WO-02159,P017,P017,0,0,2019-09-19T00:00:00+00:00,planned,SET4
TABLET-WO-02160,P017,P017,11600,0,2019-10-31T00:00:00+00:00,planned,SET4
TABLET-WO-02161,P017,P017,12200,0,2019-10-03T00:00:00+00:00,planned,SET4
TABLET-WO-02162,P017,P017,0,0,2019-10-10T00:00:00+00:00,planned,SET4
TABLET-WO-02163,P017,P017,7300,0,2019-10-17T00:00:00+00:00,planned,SET4
TABLET-WO-02164,P017,P017,8900,0,2019-10-24T00:00:00+00:00,planned,SET4
TABLET-WO-02165,P017,P017,7800,0,2019-11-07T00:00:00+00:00,planned,SET4
TABLET-WO-02166,P017,P017,7600,0,2019-11-14T00:00:00+00:00,planned,SET4
TABLET-WO-02167,P017,P017,12400,0,2019-11-21T00:00:00+00:00,planned,SET4
TABLET-WO-02168,P017,P017,12100,0,2019-11-28T00:00:00+00:00,planned,SET4
TABLET-WO-02169,P017,P017,0,0,2019-12-19T00:00:00+00:00,planned,SET4
TABLET-WO-02170,P017,P017,0,0,2019-12-05T00:00:00+00:00,planned,SET4
TABLET-WO-02171,P017,P017,0,0,2019-12-26T00:00:00+00:00,planned,SET4
TABLET-WO-02172,P017,P017,0,0,2019-12-12T00:00:00+00:00,planned,SET4
TABLET-WO-02173,P017,P017,9900,0,2020-01-16T00:00:00+00:00,planned,SET4
TABLET-WO-02174,P017,P017,10200,0,2020-01-23T00:00:00+00:00,planned,SET4
TABLET-WO-02175,P017,P017,11800,0,2020-01-30T00:00:00+00:00,planned,SET4
TABLET-WO-02176,P017,P017,8100,0,2020-01-02T00:00:00+00:00,planned,SET4
TABLET-WO-02177,P017,P017,0,0,2020-01-09T00:00:00+00:00,planned,SET4
TABLET-WO-02178,P017,P017,0,0,2020-02-27T00:00:00+00:00,planned,SET4
TABLET-WO-02179,P017,P017,0,0,2020-02-06T00:00:00+00:00,planned,SET4
TABLET-WO-02180,P017,P017,0,0,2020-02-20T00:00:00+00:00,planned,SET4
TABLET-WO-02181,P017,P017,0,0,2020-02-13T00:00:00+00:00,planned,SET4
TABLET-WO-02182,P017,P017,0,0,2020-03-12T00:00:00+00:00,planned,SET4
TABLET-WO-02183,P017,P017,0,0,2020-03-26T00:00:00+00:00,planned,SET4
TABLET-WO-02184,P017,P017,0,0,2020-03-05T00:00:00+00:00,planned,SET4
TABLET-WO-02185,P017,P017,0,0,2020-03-19T00:00:00+00:00,planned,SET4
TABLET-WO-02186,P017,P017,7400,0,2020-04-16T00:00:00+00:00,planned,SET4
TABLET-WO-02187,P017,P017,4800,0,2020-04-23T00:00:00+00:00,planned,SET4
TABLET-WO-02188,P017,P017,6100,0,2020-04-09T00:00:00+00:00,planned,SET4
TABLET-WO-02189,P017,P017,7000,0,2020-04-30T00:00:00+00:00,planned,SET4
TABLET-WO-02190,P017,P017,4600,0,2020-04-02T00:00:00+00:00,planned,SET4
TABLET-WO-02191,P017,P017,0,0,2020-05-14T00:00:00+00:00,planned,SET4
TABLET-WO-02192,P017,P017,0,0,2020-05-21T00:00:00+00:00,planned,SET4
TABLET-WO-02193,P017,P017,0,0,2020-05-28T00:00:00+00:00,planned,SET4
TABLET-WO-02194,P017,P017,0,0,2020-05-07T00:00:00+00:00,planned,SET4
TABLET-WO-02195,P017,P017,700,0,2020-06-18T00:00:00+00:00,planned,SET4
TABLET-WO-02196,P017,P017,800,0,2020-06-04T00:00:00+00:00,planned,SET4
TABLET-WO-02197,P017,P017,0,0,2020-06-11T00:00:00+00:00,planned,SET4
TABLET-WO-02198,P017,P017,500,0,2020-06-25T00:00:00+00:00,planned,SET4
TABLET-WO-02199,P017,P017,7800,0,2020-07-30T00:00:00+00:00,planned,SET4
TABLET-WO-02200,P017,P017,4900,0,2020-07-09T00:00:00+00:00,planned,SET4
TABLET-WO-02201,P017,P017,4300,0,2020-07-16T00:00:00+00:00,planned,SET4
TABLET-WO-02202,P017,P017,6700,0,2020-07-23T00:00:00+00:00,planned,SET4
TABLET-WO-02203,P017,P017,8000,0,2020-07-02T00:00:00+00:00,planned,SET4
TABLET-WO-02204,P017,P017,0,0,2020-08-20T00:00:00+00:00,planned,SET4
TABLET-WO-02205,P017,P017,0,0,2020-08-06T00:00:00+00:00,planned,SET4
TABLET-WO-02206,P017,P017,0,0,2020-08-27T00:00:00+00:00,planned,SET4
TABLET-WO-02207,P017,P017,0,0,2020-08-13T00:00:00+00:00,planned,SET4
TABLET-WO-02208,P017,P017,0,0,2020-09-17T00:00:00+00:00,planned,SET4
TABLET-WO-02209,P017,P017,0,0,2020-09-10T00:00:00+00:00,planned,SET4
TABLET-WO-02210,P017,P017,0,0,2020-09-24T00:00:00+00:00,planned,SET4
TABLET-WO-02211,P017,P017,0,0,2020-09-03T00:00:00+00:00,planned,SET4
TABLET-WO-02212,P017,P017,4200,0,2020-10-08T00:00:00+00:00,planned,SET4
TABLET-WO-02213,P017,P017,4100,0,2020-10-22T00:00:00+00:00,planned,SET4
TABLET-WO-02214,P017,P017,5500,0,2020-10-15T00:00:00+00:00,planned,SET4
TABLET-WO-02215,P017,P017,5800,0,2020-10-01T00:00:00+00:00,planned,SET4
TABLET-WO-02216,P017,P017,4400,0,2020-10-29T00:00:00+00:00,planned,SET4
TABLET-WO-02217,P017,P017,0,0,2020-11-19T00:00:00+00:00,planned,SET4
TABLET-WO-02218,P017,P017,0,0,2020-11-26T00:00:00+00:00,planned,SET4
TABLET-WO-02219,P017,P017,0,0,2020-11-12T00:00:00+00:00,planned,SET4
TABLET-WO-02220,P017,P017,0,0,2020-11-05T00:00:00+00:00,planned,SET4
TABLET-WO-02221,P018,P018,3100,0,2018-02-22T00:00:00+00:00,planned,SET4
TABLET-WO-02222,P018,P018,5100,0,2018-02-08T00:00:00+00:00,planned,SET4
TABLET-WO-02223,P018,P018,3800,0,2018-02-01T00:00:00+00:00,planned,SET4
TABLET-WO-02224,P018,P018,0,0,2018-02-15T00:00:00+00:00,planned,SET4
TABLET-WO-02225,P018,P018,7000,0,2018-03-15T00:00:00+00:00,planned,SET4
TABLET-WO-02226,P018,P018,6300,0,2018-03-29T00:00:00+00:00,planned,SET4
TABLET-WO-02227,P018,P018,6800,0,2018-03-08T00:00:00+00:00,planned,SET4
TABLET-WO-02228,P018,P018,7300,0,2018-03-22T00:00:00+00:00,planned,SET4
TABLET-WO-02229,P018,P018,7600,0,2018-03-01T00:00:00+00:00,planned,SET4
TABLET-WO-02230,P018,P018,0,0,2018-04-05T00:00:00+00:00,planned,SET4
TABLET-WO-02231,P018,P018,0,0,2018-04-12T00:00:00+00:00,planned,SET4
TABLET-WO-02232,P018,P018,0,0,2018-04-19T00:00:00+00:00,planned,SET4
TABLET-WO-02233,P018,P018,0,0,2018-04-26T00:00:00+00:00,planned,SET4
TABLET-WO-02234,P018,P018,6900,0,2018-05-31T00:00:00+00:00,planned,SET4
TABLET-WO-02235,P018,P018,8400,0,2018-05-24T00:00:00+00:00,planned,SET4
TABLET-WO-02236,P018,P018,4500,0,2018-05-10T00:00:00+00:00,planned,SET4
TABLET-WO-02237,P018,P018,5500,0,2018-05-17T00:00:00+00:00,planned,SET4
TABLET-WO-02238,P018,P018,8700,0,2018-05-03T00:00:00+00:00,planned,SET4
TABLET-WO-02239,P018,P018,4800,0,2018-06-21T00:00:00+00:00,planned,SET4
TABLET-WO-02240,P018,P018,5700,0,2018-06-28T00:00:00+00:00,planned,SET4
TABLET-WO-02241,P018,P018,7200,0,2018-06-14T00:00:00+00:00,planned,SET4
TABLET-WO-02242,P018,P018,6300,0,2018-06-07T00:00:00+00:00,planned,SET4
TABLET-WO-02243,P018,P018,0,0,2018-07-05T00:00:00+00:00,planned,SET4
TABLET-WO-02244,P018,P018,0,0,2018-07-12T00:00:00+00:00,planned,SET4
TABLET-WO-02245,P018,P018,0,0,2018-07-19T00:00:00+00:00,planned,SET4
TABLET-WO-02246,P018,P018,0,0,2018-07-26T00:00:00+00:00,planned,SET4
TABLET-WO-02247,P018,P018,8600,0,2018-08-09T00:00:00+00:00,planned,SET4
TABLET-WO-02248,P018,P018,6100,0,2018-08-02T00:00:00+00:00,planned,SET4
TABLET-WO-02249,P018,P018,9000,0,2018-08-30T00:00:00+00:00,planned,SET4
TABLET-WO-02250,P018,P018,5700,0,2018-08-23T00:00:00+00:00,planned,SET4
TABLET-WO-02251,P018,P018,5500,0,2018-08-16T00:00:00+00:00,planned,SET4
TABLET-WO-02252,P018,P018,0,0,2018-09-13T00:00:00+00:00,planned,SET4
TABLET-WO-02253,P018,P018,0,0,2018-09-20T00:00:00+00:00,planned,SET4
TABLET-WO-02254,P018,P018,0,0,2018-09-06T00:00:00+00:00,planned,SET4
TABLET-WO-02255,P018,P018,0,0,2018-09-27T00:00:00+00:00,planned,SET4
TABLET-WO-02256,P018,P018,6200,0,2018-10-18T00:00:00+00:00,planned,SET4
TABLET-WO-02257,P018,P018,7200,0,2018-10-25T00:00:00+00:00,planned,SET4
TABLET-WO-02258,P018,P018,6500,0,2018-10-04T00:00:00+00:00,planned,SET4
TABLET-WO-02259,P018,P018,0,0,2018-10-11T00:00:00+00:00,planned,SET4
TABLET-WO-02260,P018,P018,7800,0,2018-11-15T00:00:00+00:00,planned,SET4
TABLET-WO-02261,P018,P018,10300,0,2018-11-22T00:00:00+00:00,planned,SET4
TABLET-WO-02262,P018,P018,5600,0,2018-11-08T00:00:00+00:00,planned,SET4
TABLET-WO-02263,P018,P018,8400,0,2018-11-29T00:00:00+00:00,planned,SET4
TABLET-WO-02264,P018,P018,0,0,2018-11-01T00:00:00+00:00,planned,SET4
TABLET-WO-02265,P018,P018,0,0,2018-12-13T00:00:00+00:00,planned,SET4
TABLET-WO-02266,P018,P018,0,0,2018-12-20T00:00:00+00:00,planned,SET4
TABLET-WO-02267,P018,P018,0,0,2018-12-27T00:00:00+00:00,planned,SET4
TABLET-WO-02268,P018,P018,0,0,2018-12-06T00:00:00+00:00,planned,SET4
TABLET-WO-02269,P018,P018,6600,0,2019-01-31T00:00:00+00:00,planned,SET4
TABLET-WO-02270,P018,P018,7300,0,2019-01-10T00:00:00+00:00,planned,SET4
TABLET-WO-02271,P018,P018,7500,0,2019-01-03T00:00:00+00:00,planned,SET4
TABLET-WO-02272,P018,P018,7500,0,2019-01-24T00:00:00+00:00,planned,SET4
TABLET-WO-02273,P018,P018,4100,0,2019-01-17T00:00:00+00:00,planned,SET4
TABLET-WO-02274,P018,P018,4500,0,2019-02-07T00:00:00+00:00,planned,SET4
TABLET-WO-02275,P018,P018,5700,0,2019-02-28T00:00:00+00:00,planned,SET4
TABLET-WO-02276,P018,P018,6900,0,2019-02-14T00:00:00+00:00,planned,SET4
TABLET-WO-02277,P018,P018,6900,0,2019-02-21T00:00:00+00:00,planned,SET4
TABLET-WO-02278,P018,P018,0,0,2019-03-07T00:00:00+00:00,planned,SET4
TABLET-WO-02279,P018,P018,0,0,2019-03-14T00:00:00+00:00,planned,SET4
TABLET-WO-02280,P018,P018,0,0,2019-03-21T00:00:00+00:00,planned,SET4
TABLET-WO-02281,P018,P018,0,0,2019-03-28T00:00:00+00:00,planned,SET4
TABLET-WO-02282,P018,P018,3300,0,2019-04-11T00:00:00+00:00,planned,SET4
TABLET-WO-02283,P018,P018,6500,0,2019-04-25T00:00:00+00:00,planned,SET4
TABLET-WO-02284,P018,P018,4600,0,2019-04-04T00:00:00+00:00,planned,SET4
TABLET-WO-02285,P018,P018,3600,0,2019-04-18T00:00:00+00:00,planned,SET4
TABLET-WO-02286,P018,P018,7900,0,2019-05-09T00:00:00+00:00,planned,SET4
TABLET-WO-02287,P018,P018,13600,0,2019-05-23T00:00:00+00:00,planned,SET4
TABLET-WO-02288,P018,P018,8400,0,2019-05-30T00:00:00+00:00,planned,SET4
TABLET-WO-02289,P018,P018,10200,0,2019-05-02T00:00:00+00:00,planned,SET4
TABLET-WO-02290,P018,P018,0,0,2019-05-16T00:00:00+00:00,planned,SET4
TABLET-WO-02291,P018,P018,0,0,2019-06-06T00:00:00+00:00,planned,SET4
TABLET-WO-02292,P018,P018,0,0,2019-06-13T00:00:00+00:00,planned,SET4
TABLET-WO-02293,P018,P018,0,0,2019-06-20T00:00:00+00:00,planned,SET4
TABLET-WO-02294,P018,P018,0,0,2019-06-27T00:00:00+00:00,planned,SET4
TABLET-WO-02295,P018,P018,4300,0,2019-07-11T00:00:00+00:00,planned,SET4
TABLET-WO-02296,P018,P018,3100,0,2019-07-25T00:00:00+00:00,planned,SET4
TABLET-WO-02297,P018,P018,3500,0,2019-07-04T00:00:00+00:00,planned,SET4
TABLET-WO-02298,P018,P018,3200,0,2019-07-18T00:00:00+00:00,planned,SET4
TABLET-WO-02299,P018,P018,5000,0,2019-08-01T00:00:00+00:00,planned,SET4
TABLET-WO-02300,P018,P018,4900,0,2019-08-08T00:00:00+00:00,planned,SET4
TABLET-WO-02301,P018,P018,6800,0,2019-08-29T00:00:00+00:00,planned,SET4
TABLET-WO-02302,P018,P018,6700,0,2019-08-15T00:00:00+00:00,planned,SET4
TABLET-WO-02303,P018,P018,9200,0,2019-08-22T00:00:00+00:00,planned,SET4
TABLET-WO-02304,P018,P018,0,0,2019-09-26T00:00:00+00:00,planned,SET4
TABLET-WO-02305,P018,P018,0,0,2019-09-19T00:00:00+00:00,planned,SET4
TABLET-WO-02306,P018,P018,0,0,2019-09-05T00:00:00+00:00,planned,SET4
TABLET-WO-02307,P018,P018,0,0,2019-09-12T00:00:00+00:00,planned,SET4
TABLET-WO-02308,P018,P018,9100,0,2019-10-31T00:00:00+00:00,planned,SET4
TABLET-WO-02309,P018,P018,7500,0,2019-10-10T00:00:00+00:00,planned,SET4
TABLET-WO-02310,P018,P018,11800,0,2019-10-03T00:00:00+00:00,planned,SET4
TABLET-WO-02311,P018,P018,6500,0,2019-10-24T00:00:00+00:00,planned,SET4
TABLET-WO-02312,P018,P018,0,0,2019-10-17T00:00:00+00:00,planned,SET4
TABLET-WO-02313,P018,P018,5200,0,2019-11-28T00:00:00+00:00,planned,SET4
TABLET-WO-02314,P018,P018,5000,0,2019-11-07T00:00:00+00:00,planned,SET4
TABLET-WO-02315,P018,P018,7700,0,2019-11-21T00:00:00+00:00,planned,SET4
TABLET-WO-02316,P018,P018,0,0,2019-11-14T00:00:00+00:00,planned,SET4
TABLET-WO-02317,P018,P018,0,0,2019-12-05T00:00:00+00:00,planned,SET4
TABLET-WO-02318,P018,P018,0,0,2019-12-26T00:00:00+00:00,planned,SET4
TABLET-WO-02319,P018,P018,0,0,2019-12-12T00:00:00+00:00,planned,SET4
TABLET-WO-02320,P018,P018,0,0,2019-12-19T00:00:00+00:00,planned,SET4
TABLET-WO-02321,P018,P018,6800,0,2020-01-16T00:00:00+00:00,planned,SET4
TABLET-WO-02322,P018,P018,7700,0,2020-01-09T00:00:00+00:00,planned,SET4
TABLET-WO-02323,P018,P018,7100,0,2020-01-02T00:00:00+00:00,planned,SET4
TABLET-WO-02324,P018,P018,7400,0,2020-01-30T00:00:00+00:00,planned,SET4
TABLET-WO-02325,P018,P018,0,0,2020-01-23T00:00:00+00:00,planned,SET4
TABLET-WO-02326,P018,P018,5700,0,2020-02-13T00:00:00+00:00,planned,SET4
TABLET-WO-02327,P018,P018,4800,0,2020-02-20T00:00:00+00:00,planned,SET4
TABLET-WO-02328,P018,P018,5800,0,2020-02-27T00:00:00+00:00,planned,SET4
TABLET-WO-02329,P018,P018,6800,0,2020-02-06T00:00:00+00:00,planned,SET4
TABLET-WO-02330,P018,P018,0,0,2020-03-19T00:00:00+00:00,planned,SET4
TABLET-WO-02331,P018,P018,0,0,2020-03-12T00:00:00+00:00,planned,SET4
TABLET-WO-02332,P018,P018,0,0,2020-03-26T00:00:00+00:00,planned,SET4
TABLET-WO-02333,P018,P018,0,0,2020-03-05T00:00:00+00:00,planned,SET4
TABLET-WO-02334,P018,P018,9100,0,2020-04-30T00:00:00+00:00,planned,SET4
TABLET-WO-02335,P018,P018,5800,0,2020-04-02T00:00:00+00:00,planned,SET4
TABLET-WO-02336,P018,P018,5400,0,2020-04-23T00:00:00+00:00,planned,SET4
TABLET-WO-02337,P018,P018,5200,0,2020-04-16T00:00:00+00:00,planned,SET4
TABLET-WO-02338,P018,P018,9500,0,2020-04-09T00:00:00+00:00,planned,SET4
TABLET-WO-02339,P018,P018,0,0,2020-05-14T00:00:00+00:00,planned,SET4
TABLET-WO-02340,P018,P018,0,0,2020-05-28T00:00:00+00:00,planned,SET4
TABLET-WO-02341,P018,P018,0,0,2020-05-21T00:00:00+00:00,planned,SET4
TABLET-WO-02342,P018,P018,0,0,2020-05-07T00:00:00+00:00,planned,SET4
TABLET-WO-02343,P018,P018,4600,0,2020-06-04T00:00:00+00:00,planned,SET4
TABLET-WO-02344,P018,P018,3000,0,2020-06-18T00:00:00+00:00,planned,SET4
TABLET-WO-02345,P018,P018,4300,0,2020-06-25T00:00:00+00:00,planned,SET4
TABLET-WO-02346,P018,P018,4000,0,2020-06-11T00:00:00+00:00,planned,SET4
TABLET-WO-02347,P018,P018,5300,0,2020-07-30T00:00:00+00:00,planned,SET4
TABLET-WO-02348,P018,P018,7800,0,2020-07-09T00:00:00+00:00,planned,SET4
TABLET-WO-02349,P018,P018,7300,0,2020-07-23T00:00:00+00:00,planned,SET4
TABLET-WO-02350,P018,P018,5700,0,2020-07-16T00:00:00+00:00,planned,SET4
TABLET-WO-02351,P018,P018,8000,0,2020-07-02T00:00:00+00:00,planned,SET4
TABLET-WO-02352,P018,P018,0,0,2020-08-06T00:00:00+00:00,planned,SET4
TABLET-WO-02353,P018,P018,0,0,2020-08-27T00:00:00+00:00,planned,SET4
TABLET-WO-02354,P018,P018,0,0,2020-08-20T00:00:00+00:00,planned,SET4
TABLET-WO-02355,P018,P018,0,0,2020-08-13T00:00:00+00:00,planned,SET4
TABLET-WO-02356,P018,P018,6000,0,2020-09-10T00:00:00+00:00,planned,SET4
TABLET-WO-02357,P018,P018,6600,0,2020-09-24T00:00:00+00:00,planned,SET4
TABLET-WO-02358,P018,P018,4400,0,2020-09-17T00:00:00+00:00,planned,SET4
TABLET-WO-02359,P018,P018,6000,0,2020-09-03T00:00:00+00:00,planned,SET4
TABLET-WO-02360,P018,P018,5700,0,2020-10-29T00:00:00+00:00,planned,SET4
TABLET-WO-02361,P018,P018,9000,0,2020-10-22T00:00:00+00:00,planned,SET4
TABLET-WO-02362,P018,P018,7500,0,2020-10-15T00:00:00+00:00,planned,SET4
TABLET-WO-02363,P018,P018,6300,0,2020-10-01T00:00:00+00:00,planned,SET4
TABLET-WO-02364,P018,P018,7400,0,2020-10-08T00:00:00+00:00,planned,SET4
TABLET-WO-02365,P018,P018,0,0,2020-11-26T00:00:00+00:00,planned,SET4
TABLET-WO-02366,P018,P018,0,0,2020-11-12T00:00:00+00:00,planned,SET4
TABLET-WO-02367,P018,P018,0,0,2020-11-05T00:00:00+00:00,planned,SET4
TABLET-WO-02368,P018,P018,0,0,2020-11-19T00:00:00+00:00,planned,SET4
TABLET-WO-02369,P019,P019,2500,0,2018-02-08T00:00:00+00:00,planned,SET4
TABLET-WO-02370,P019,P019,3200,0,2018-02-01T00:00:00+00:00,planned,SET4
TABLET-WO-02371,P019,P019,3300,0,2018-02-22T00:00:00+00:00,planned,SET4
TABLET-WO-02372,P019,P019,0,0,2018-02-15T00:00:00+00:00,planned,SET4
TABLET-WO-02373,P019,P019,13400,0,2018-03-01T00:00:00+00:00,planned,SET4
TABLET-WO-02374,P019,P019,15400,0,2018-03-29T00:00:00+00:00,planned,SET4
TABLET-WO-02375,P019,P019,13000,0,2018-03-08T00:00:00+00:00,planned,SET4
TABLET-WO-02376,P019,P019,10000,0,2018-03-22T00:00:00+00:00,planned,SET4
TABLET-WO-02377,P019,P019,0,0,2018-03-15T00:00:00+00:00,planned,SET4
TABLET-WO-02378,P019,P019,0,0,2018-04-19T00:00:00+00:00,planned,SET4
TABLET-WO-02379,P019,P019,0,0,2018-04-05T00:00:00+00:00,planned,SET4
TABLET-WO-02380,P019,P019,0,0,2018-04-12T00:00:00+00:00,planned,SET4
TABLET-WO-02381,P019,P019,0,0,2018-04-26T00:00:00+00:00,planned,SET4
TABLET-WO-02382,P019,P019,7700,0,2018-05-17T00:00:00+00:00,planned,SET4
TABLET-WO-02383,P019,P019,7800,0,2018-05-03T00:00:00+00:00,planned,SET4
TABLET-WO-02384,P019,P019,10100,0,2018-05-10T00:00:00+00:00,planned,SET4
TABLET-WO-02385,P019,P019,7400,0,2018-05-31T00:00:00+00:00,planned,SET4
TABLET-WO-02386,P019,P019,12000,0,2018-05-24T00:00:00+00:00,planned,SET4
TABLET-WO-02387,P019,P019,8800,0,2018-06-28T00:00:00+00:00,planned,SET4
TABLET-WO-02388,P019,P019,10000,0,2018-06-14T00:00:00+00:00,planned,SET4
TABLET-WO-02389,P019,P019,9300,0,2018-06-07T00:00:00+00:00,planned,SET4
TABLET-WO-02390,P019,P019,10200,0,2018-06-21T00:00:00+00:00,planned,SET4
TABLET-WO-02391,P019,P019,0,0,2018-07-19T00:00:00+00:00,planned,SET4
TABLET-WO-02392,P019,P019,0,0,2018-07-12T00:00:00+00:00,planned,SET4
TABLET-WO-02393,P019,P019,0,0,2018-07-26T00:00:00+00:00,planned,SET4
TABLET-WO-02394,P019,P019,0,0,2018-07-05T00:00:00+00:00,planned,SET4
TABLET-WO-02395,P019,P019,6600,0,2018-08-16T00:00:00+00:00,planned,SET4
TABLET-WO-02396,P019,P019,6100,0,2018-08-09T00:00:00+00:00,planned,SET4
TABLET-WO-02397,P019,P019,6200,0,2018-08-23T00:00:00+00:00,planned,SET4
TABLET-WO-02398,P019,P019,3700,0,2018-08-02T00:00:00+00:00,planned,SET4
TABLET-WO-02399,P019,P019,0,0,2018-08-30T00:00:00+00:00,planned,SET4
TABLET-WO-02400,P019,P019,0,0,2018-09-13T00:00:00+00:00,planned,SET4
TABLET-WO-02401,P019,P019,0,0,2018-09-06T00:00:00+00:00,planned,SET4
TABLET-WO-02402,P019,P019,0,0,2018-09-20T00:00:00+00:00,planned,SET4
TABLET-WO-02403,P019,P019,0,0,2018-09-27T00:00:00+00:00,planned,SET4
TABLET-WO-02404,P019,P019,12600,0,2018-10-18T00:00:00+00:00,planned,SET4
TABLET-WO-02405,P019,P019,14700,0,2018-10-04T00:00:00+00:00,planned,SET4
TABLET-WO-02406,P019,P019,10900,0,2018-10-11T00:00:00+00:00,planned,SET4
TABLET-WO-02407,P019,P019,0,0,2018-10-25T00:00:00+00:00,planned,SET4
TABLET-WO-02408,P019,P019,0,0,2018-11-22T00:00:00+00:00,planned,SET4
TABLET-WO-02409,P019,P019,0,0,2018-11-08T00:00:00+00:00,planned,SET4
TABLET-WO-02410,P019,P019,0,0,2018-11-29T00:00:00+00:00,planned,SET4
TABLET-WO-02411,P019,P019,0,0,2018-11-15T00:00:00+00:00,planned,SET4
TABLET-WO-02412,P019,P019,0,0,2018-11-01T00:00:00+00:00,planned,SET4
TABLET-WO-02413,P019,P019,0,0,2018-12-27T00:00:00+00:00,planned,SET4
TABLET-WO-02414,P019,P019,0,0,2018-12-06T00:00:00+00:00,planned,SET4
TABLET-WO-02415,P019,P019,0,0,2018-12-20T00:00:00+00:00,planned,SET4
TABLET-WO-02416,P019,P019,0,0,2018-12-13T00:00:00+00:00,planned,SET4
TABLET-WO-02417,P019,P019,2900,0,2019-01-17T00:00:00+00:00,planned,SET4
TABLET-WO-02418,P019,P019,3900,0,2019-01-31T00:00:00+00:00,planned,SET4
TABLET-WO-02419,P019,P019,3200,0,2019-01-24T00:00:00+00:00,planned,SET4
TABLET-WO-02420,P019,P019,5000,0,2019-01-10T00:00:00+00:00,planned,SET4
TABLET-WO-02421,P019,P019,5200,0,2019-01-03T00:00:00+00:00,planned,SET4
TABLET-WO-02422,P019,P019,4400,0,2019-02-21T00:00:00+00:00,planned,SET4
TABLET-WO-02423,P019,P019,3600,0,2019-02-28T00:00:00+00:00,planned,SET4
TABLET-WO-02424,P019,P019,4300,0,2019-02-07T00:00:00+00:00,planned,SET4
TABLET-WO-02425,P019,P019,3400,0,2019-02-14T00:00:00+00:00,planned,SET4
TABLET-WO-02426,P019,P019,0,0,2019-03-14T00:00:00+00:00,planned,SET4
TABLET-WO-02427,P019,P019,0,0,2019-03-28T00:00:00+00:00,planned,SET4
TABLET-WO-02428,P019,P019,0,0,2019-03-21T00:00:00+00:00,planned,SET4
TABLET-WO-02429,P019,P019,0,0,2019-03-07T00:00:00+00:00,planned,SET4
TABLET-WO-02430,P019,P019,11100,0,2019-04-25T00:00:00+00:00,planned,SET4
TABLET-WO-02431,P019,P019,7900,0,2019-04-18T00:00:00+00:00,planned,SET4
TABLET-WO-02432,P019,P019,7800,0,2019-04-11T00:00:00+00:00,planned,SET4
TABLET-WO-02433,P019,P019,7000,0,2019-04-04T00:00:00+00:00,planned,SET4
TABLET-WO-02434,P019,P019,1800,0,2019-05-09T00:00:00+00:00,planned,SET4
TABLET-WO-02435,P019,P019,1700,0,2019-05-02T00:00:00+00:00,planned,SET4
TABLET-WO-02436,P019,P019,2300,0,2019-05-23T00:00:00+00:00,planned,SET4
TABLET-WO-02437,P019,P019,1800,0,2019-05-30T00:00:00+00:00,planned,SET4
TABLET-WO-02438,P019,P019,1500,0,2019-05-16T00:00:00+00:00,planned,SET4
TABLET-WO-02439,P019,P019,0,0,2019-06-13T00:00:00+00:00,planned,SET4
TABLET-WO-02440,P019,P019,0,0,2019-06-27T00:00:00+00:00,planned,SET4
TABLET-WO-02441,P019,P019,0,0,2019-06-06T00:00:00+00:00,planned,SET4
TABLET-WO-02442,P019,P019,0,0,2019-06-20T00:00:00+00:00,planned,SET4
TABLET-WO-02443,P019,P019,0,0,2019-07-18T00:00:00+00:00,planned,SET4
TABLET-WO-02444,P019,P019,0,0,2019-07-11T00:00:00+00:00,planned,SET4
TABLET-WO-02445,P019,P019,0,0,2019-07-25T00:00:00+00:00,planned,SET4
TABLET-WO-02446,P019,P019,0,0,2019-07-04T00:00:00+00:00,planned,SET4
TABLET-WO-02447,P019,P019,19800,0,2019-08-08T00:00:00+00:00,planned,SET4
TABLET-WO-02448,P019,P019,13500,0,2019-08-29T00:00:00+00:00,planned,SET4
TABLET-WO-02449,P019,P019,12200,0,2019-08-15T00:00:00+00:00,planned,SET4
TABLET-WO-02450,P019,P019,12900,0,2019-08-22T00:00:00+00:00,planned,SET4
TABLET-WO-02451,P019,P019,0,0,2019-08-01T00:00:00+00:00,planned,SET4
TABLET-WO-02452,P019,P019,0,0,2019-09-05T00:00:00+00:00,planned,SET4
TABLET-WO-02453,P019,P019,0,0,2019-09-12T00:00:00+00:00,planned,SET4
TABLET-WO-02454,P019,P019,0,0,2019-09-19T00:00:00+00:00,planned,SET4
TABLET-WO-02455,P019,P019,0,0,2019-09-26T00:00:00+00:00,planned,SET4
TABLET-WO-02456,P019,P019,3000,0,2019-10-03T00:00:00+00:00,planned,SET4
TABLET-WO-02457,P019,P019,3400,0,2019-10-31T00:00:00+00:00,planned,SET4
TABLET-WO-02458,P019,P019,3100,0,2019-10-24T00:00:00+00:00,planned,SET4
TABLET-WO-02459,P019,P019,2700,0,2019-10-10T00:00:00+00:00,planned,SET4
TABLET-WO-02460,P019,P019,3400,0,2019-10-17T00:00:00+00:00,planned,SET4
TABLET-WO-02461,P019,P019,0,0,2019-11-21T00:00:00+00:00,planned,SET4
TABLET-WO-02462,P019,P019,0,0,2019-11-28T00:00:00+00:00,planned,SET4
TABLET-WO-02463,P019,P019,0,0,2019-11-14T00:00:00+00:00,planned,SET4
TABLET-WO-02464,P019,P019,0,0,2019-11-07T00:00:00+00:00,planned,SET4
TABLET-WO-02465,P019,P019,0,0,2019-12-19T00:00:00+00:00,planned,SET4
TABLET-WO-02466,P019,P019,0,0,2019-12-26T00:00:00+00:00,planned,SET4
TABLET-WO-02467,P019,P019,0,0,2019-12-05T00:00:00+00:00,planned,SET4
TABLET-WO-02468,P019,P019,0,0,2019-12-12T00:00:00+00:00,planned,SET4
TABLET-WO-02469,P019,P019,8600,0,2020-01-02T00:00:00+00:00,planned,SET4
TABLET-WO-02470,P019,P019,11800,0,2020-01-23T00:00:00+00:00,planned,SET4
TABLET-WO-02471,P019,P019,8900,0,2020-01-16T00:00:00+00:00,planned,SET4
TABLET-WO-02472,P019,P019,13400,0,2020-01-30T00:00:00+00:00,planned,SET4
TABLET-WO-02473,P019,P019,13600,0,2020-01-09T00:00:00+00:00,planned,SET4
TABLET-WO-02474,P019,P019,5500,0,2020-02-06T00:00:00+00:00,planned,SET4
TABLET-WO-02475,P019,P019,4800,0,2020-02-13T00:00:00+00:00,planned,SET4
TABLET-WO-02476,P019,P019,3500,0,2020-02-27T00:00:00+00:00,planned,SET4
TABLET-WO-02477,P019,P019,4200,0,2020-02-20T00:00:00+00:00,planned,SET4
TABLET-WO-02478,P019,P019,0,0,2020-03-12T00:00:00+00:00,planned,SET4
TABLET-WO-02479,P019,P019,0,0,2020-03-05T00:00:00+00:00,planned,SET4
TABLET-WO-02480,P019,P019,0,0,2020-03-26T00:00:00+00:00,planned,SET4
TABLET-WO-02481,P019,P019,0,0,2020-03-19T00:00:00+00:00,planned,SET4
TABLET-WO-02482,P019,P019,14700,0,2020-04-09T00:00:00+00:00,planned,SET4
TABLET-WO-02483,P019,P019,16500,0,2020-04-23T00:00:00+00:00,planned,SET4
TABLET-WO-02484,P019,P019,16900,0,2020-04-16T00:00:00+00:00,planned,SET4
TABLET-WO-02485,P019,P019,17200,0,2020-04-30T00:00:00+00:00,planned,SET4
TABLET-WO-02486,P019,P019,0,0,2020-04-02T00:00:00+00:00,planned,SET4
TABLET-WO-02487,P019,P019,0,0,2020-05-28T00:00:00+00:00,planned,SET4
TABLET-WO-02488,P019,P019,0,0,2020-05-21T00:00:00+00:00,planned,SET4
TABLET-WO-02489,P019,P019,0,0,2020-05-07T00:00:00+00:00,planned,SET4
TABLET-WO-02490,P019,P019,0,0,2020-05-14T00:00:00+00:00,planned,SET4
TABLET-WO-02491,P019,P019,0,0,2020-06-11T00:00:00+00:00,planned,SET4
TABLET-WO-02492,P019,P019,0,0,2020-06-04T00:00:00+00:00,planned,SET4
TABLET-WO-02493,P019,P019,0,0,2020-06-18T00:00:00+00:00,planned,SET4
TABLET-WO-02494,P019,P019,0,0,2020-06-25T00:00:00+00:00,planned,SET4
TABLET-WO-02495,P019,P019,8100,0,2020-07-09T00:00:00+00:00,planned,SET4
TABLET-WO-02496,P019,P019,11000,0,2020-07-23T00:00:00+00:00,planned,SET4
TABLET-WO-02497,P019,P019,11800,0,2020-07-16T00:00:00+00:00,planned,SET4
TABLET-WO-02498,P019,P019,8100,0,2020-07-02T00:00:00+00:00,planned,SET4
TABLET-WO-02499,P019,P019,8100,0,2020-07-30T00:00:00+00:00,planned,SET4
TABLET-WO-02500,P019,P019,0,0,2020-08-27T00:00:00+00:00,planned,SET4
TABLET-WO-02501,P019,P019,0,0,2020-08-06T00:00:00+00:00,planned,SET4
TABLET-WO-02502,P019,P019,0,0,2020-08-20T00:00:00+00:00,planned,SET4
TABLET-WO-02503,P019,P019,0,0,2020-08-13T00:00:00+00:00,planned,SET4
TABLET-WO-02504,P019,P019,0,0,2020-09-10T00:00:00+00:00,planned,SET4
TABLET-WO-02505,P019,P019,0,0,2020-09-17T00:00:00+00:00,planned,SET4
TABLET-WO-02506,P019,P019,0,0,2020-09-24T00:00:00+00:00,planned,SET4
TABLET-WO-02507,P019,P019,0,0,2020-09-03T00:00:00+00:00,planned,SET4
TABLET-WO-02508,P019,P019,9900,0,2020-10-22T00:00:00+00:00,planned,SET4
TABLET-WO-02509,P019,P019,13500,0,2020-10-29T00:00:00+00:00,planned,SET4
TABLET-WO-02510,P019,P019,10200,0,2020-10-08T00:00:00+00:00,planned,SET4
TABLET-WO-02511,P019,P019,15700,0,2020-10-15T00:00:00+00:00,planned,SET4
TABLET-WO-02512,P019,P019,15900,0,2020-10-01T00:00:00+00:00,planned,SET4
TABLET-WO-02513,P019,P019,0,0,2020-11-19T00:00:00+00:00,planned,SET4
TABLET-WO-02514,P019,P019,0,0,2020-11-05T00:00:00+00:00,planned,SET4
TABLET-WO-02515,P019,P019,0,0,2020-11-26T00:00:00+00:00,planned,SET4
TABLET-WO-02516,P019,P019,0,0,2020-11-12T00:00:00+00:00,planned,SET4
TABLET-WO-02517,P020,P020,900,0,2018-02-22T00:00:00+00:00,planned,SET4
TABLET-WO-02518,P020,P020,1400,0,2018-02-01T00:00:00+00:00,planned,SET4
TABLET-WO-02519,P020,P020,1400,0,2018-02-08T00:00:00+00:00,planned,SET4
TABLET-WO-02520,P020,P020,1100,0,2018-02-15T00:00:00+00:00,planned,SET4
TABLET-WO-02521,P020,P020,3900,0,2018-03-15T00:00:00+00:00,planned,SET4
TABLET-WO-02522,P020,P020,4300,0,2018-03-29T00:00:00+00:00,planned,SET4
TABLET-WO-02523,P020,P020,3800,0,2018-03-01T00:00:00+00:00,planned,SET4
TABLET-WO-02524,P020,P020,4600,0,2018-03-08T00:00:00+00:00,planned,SET4
TABLET-WO-02525,P020,P020,0,0,2018-03-22T00:00:00+00:00,planned,SET4
TABLET-WO-02526,P020,P020,0,0,2018-04-26T00:00:00+00:00,planned,SET4
TABLET-WO-02527,P020,P020,0,0,2018-04-05T00:00:00+00:00,planned,SET4
TABLET-WO-02528,P020,P020,0,0,2018-04-12T00:00:00+00:00,planned,SET4
TABLET-WO-02529,P020,P020,0,0,2018-04-19T00:00:00+00:00,planned,SET4
TABLET-WO-02530,P020,P020,5100,0,2018-05-31T00:00:00+00:00,planned,SET4
TABLET-WO-02531,P020,P020,2700,0,2018-05-10T00:00:00+00:00,planned,SET4
TABLET-WO-02532,P020,P020,4500,0,2018-05-24T00:00:00+00:00,planned,SET4
TABLET-WO-02533,P020,P020,4400,0,2018-05-17T00:00:00+00:00,planned,SET4
TABLET-WO-02534,P020,P020,0,0,2018-05-03T00:00:00+00:00,planned,SET4
TABLET-WO-02535,P020,P020,1400,0,2018-06-28T00:00:00+00:00,planned,SET4
TABLET-WO-02536,P020,P020,1200,0,2018-06-21T00:00:00+00:00,planned,SET4
TABLET-WO-02537,P020,P020,2100,0,2018-06-14T00:00:00+00:00,planned,SET4
TABLET-WO-02538,P020,P020,2000,0,2018-06-07T00:00:00+00:00,planned,SET4
TABLET-WO-02539,P020,P020,0,0,2018-07-19T00:00:00+00:00,planned,SET4
TABLET-WO-02540,P020,P020,0,0,2018-07-26T00:00:00+00:00,planned,SET4
TABLET-WO-02541,P020,P020,0,0,2018-07-05T00:00:00+00:00,planned,SET4
TABLET-WO-02542,P020,P020,0,0,2018-07-12T00:00:00+00:00,planned,SET4
TABLET-WO-02543,P020,P020,2300,0,2018-08-30T00:00:00+00:00,planned,SET4
TABLET-WO-02544,P020,P020,2600,0,2018-08-16T00:00:00+00:00,planned,SET4
TABLET-WO-02545,P020,P020,2500,0,2018-08-23T00:00:00+00:00,planned,SET4
TABLET-WO-02546,P020,P020,3000,0,2018-08-09T00:00:00+00:00,planned,SET4
TABLET-WO-02547,P020,P020,2300,0,2018-08-02T00:00:00+00:00,planned,SET4
TABLET-WO-02548,P020,P020,0,0,2018-09-27T00:00:00+00:00,planned,SET4
TABLET-WO-02549,P020,P020,0,0,2018-09-13T00:00:00+00:00,planned,SET4
TABLET-WO-02550,P020,P020,0,0,2018-09-20T00:00:00+00:00,planned,SET4
TABLET-WO-02551,P020,P020,0,0,2018-09-06T00:00:00+00:00,planned,SET4
TABLET-WO-02552,P020,P020,2400,0,2018-10-18T00:00:00+00:00,planned,SET4
TABLET-WO-02553,P020,P020,1900,0,2018-10-25T00:00:00+00:00,planned,SET4
TABLET-WO-02554,P020,P020,2400,0,2018-10-04T00:00:00+00:00,planned,SET4
TABLET-WO-02555,P020,P020,1600,0,2018-10-11T00:00:00+00:00,planned,SET4
TABLET-WO-02556,P020,P020,3100,0,2018-11-01T00:00:00+00:00,planned,SET4
TABLET-WO-02557,P020,P020,3500,0,2018-11-29T00:00:00+00:00,planned,SET4
TABLET-WO-02558,P020,P020,3900,0,2018-11-22T00:00:00+00:00,planned,SET4
TABLET-WO-02559,P020,P020,2900,0,2018-11-15T00:00:00+00:00,planned,SET4
TABLET-WO-02560,P020,P020,0,0,2018-11-08T00:00:00+00:00,planned,SET4
TABLET-WO-02561,P020,P020,0,0,2018-12-06T00:00:00+00:00,planned,SET4
TABLET-WO-02562,P020,P020,0,0,2018-12-20T00:00:00+00:00,planned,SET4
TABLET-WO-02563,P020,P020,0,0,2018-12-27T00:00:00+00:00,planned,SET4
TABLET-WO-02564,P020,P020,0,0,2018-12-13T00:00:00+00:00,planned,SET4
TABLET-WO-02565,P020,P020,1200,0,2019-01-24T00:00:00+00:00,planned,SET4
TABLET-WO-02566,P020,P020,1100,0,2019-01-17T00:00:00+00:00,planned,SET4
TABLET-WO-02567,P020,P020,1100,0,2019-01-10T00:00:00+00:00,planned,SET4
TABLET-WO-02568,P020,P020,1500,0,2019-01-31T00:00:00+00:00,planned,SET4
TABLET-WO-02569,P020,P020,1200,0,2019-01-03T00:00:00+00:00,planned,SET4
TABLET-WO-02570,P020,P020,4900,0,2019-02-21T00:00:00+00:00,planned,SET4
TABLET-WO-02571,P020,P020,3600,0,2019-02-14T00:00:00+00:00,planned,SET4
TABLET-WO-02572,P020,P020,4800,0,2019-02-07T00:00:00+00:00,planned,SET4
TABLET-WO-02573,P020,P020,3600,0,2019-02-28T00:00:00+00:00,planned,SET4
TABLET-WO-02574,P020,P020,0,0,2019-03-28T00:00:00+00:00,planned,SET4
TABLET-WO-02575,P020,P020,0,0,2019-03-21T00:00:00+00:00,planned,SET4
TABLET-WO-02576,P020,P020,0,0,2019-03-07T00:00:00+00:00,planned,SET4
TABLET-WO-02577,P020,P020,0,0,2019-03-14T00:00:00+00:00,planned,SET4
TABLET-WO-02578,P020,P020,2800,0,2019-04-11T00:00:00+00:00,planned,SET4
TABLET-WO-02579,P020,P020,2000,0,2019-04-04T00:00:00+00:00,planned,SET4
TABLET-WO-02580,P020,P020,3700,0,2019-04-18T00:00:00+00:00,planned,SET4
TABLET-WO-02581,P020,P020,0,0,2019-04-25T00:00:00+00:00,planned,SET4
TABLET-WO-02582,P020,P020,5200,0,2019-05-02T00:00:00+00:00,planned,SET4
TABLET-WO-02583,P020,P020,3600,0,2019-05-09T00:00:00+00:00,planned,SET4
TABLET-WO-02584,P020,P020,5600,0,2019-05-30T00:00:00+00:00,planned,SET4
TABLET-WO-02585,P020,P020,4000,0,2019-05-23T00:00:00+00:00,planned,SET4
TABLET-WO-02586,P020,P020,0,0,2019-05-16T00:00:00+00:00,planned,SET4
TABLET-WO-02587,P020,P020,0,0,2019-06-13T00:00:00+00:00,planned,SET4
TABLET-WO-02588,P020,P020,0,0,2019-06-27T00:00:00+00:00,planned,SET4
TABLET-WO-02589,P020,P020,0,0,2019-06-06T00:00:00+00:00,planned,SET4
TABLET-WO-02590,P020,P020,0,0,2019-06-20T00:00:00+00:00,planned,SET4
TABLET-WO-02591,P020,P020,4500,0,2019-07-04T00:00:00+00:00,planned,SET4
TABLET-WO-02592,P020,P020,3200,0,2019-07-18T00:00:00+00:00,planned,SET4
TABLET-WO-02593,P020,P020,4600,0,2019-07-25T00:00:00+00:00,planned,SET4
TABLET-WO-02594,P020,P020,0,0,2019-07-11T00:00:00+00:00,planned,SET4
TABLET-WO-02595,P020,P020,2100,0,2019-08-15T00:00:00+00:00,planned,SET4
TABLET-WO-02596,P020,P020,2600,0,2019-08-29T00:00:00+00:00,planned,SET4
TABLET-WO-02597,P020,P020,2700,0,2019-08-22T00:00:00+00:00,planned,SET4
TABLET-WO-02598,P020,P020,3100,0,2019-08-08T00:00:00+00:00,planned,SET4
TABLET-WO-02599,P020,P020,3500,0,2019-08-01T00:00:00+00:00,planned,SET4
TABLET-WO-02600,P020,P020,0,0,2019-09-12T00:00:00+00:00,planned,SET4
TABLET-WO-02601,P020,P020,0,0,2019-09-26T00:00:00+00:00,planned,SET4
TABLET-WO-02602,P020,P020,0,0,2019-09-05T00:00:00+00:00,planned,SET4
TABLET-WO-02603,P020,P020,0,0,2019-09-19T00:00:00+00:00,planned,SET4
TABLET-WO-02604,P020,P020,3900,0,2019-10-17T00:00:00+00:00,planned,SET4
TABLET-WO-02605,P020,P020,4000,0,2019-10-03T00:00:00+00:00,planned,SET4
TABLET-WO-02606,P020,P020,4400,0,2019-10-31T00:00:00+00:00,planned,SET4
TABLET-WO-02607,P020,P020,4300,0,2019-10-10T00:00:00+00:00,planned,SET4
TABLET-WO-02608,P020,P020,0,0,2019-10-24T00:00:00+00:00,planned,SET4
TABLET-WO-02609,P020,P020,2100,0,2019-11-28T00:00:00+00:00,planned,SET4
TABLET-WO-02610,P020,P020,2900,0,2019-11-07T00:00:00+00:00,planned,SET4
TABLET-WO-02611,P020,P020,3000,0,2019-11-21T00:00:00+00:00,planned,SET4
TABLET-WO-02612,P020,P020,0,0,2019-11-14T00:00:00+00:00,planned,SET4
TABLET-WO-02613,P020,P020,0,0,2019-12-26T00:00:00+00:00,planned,SET4
TABLET-WO-02614,P020,P020,0,0,2019-12-12T00:00:00+00:00,planned,SET4
TABLET-WO-02615,P020,P020,0,0,2019-12-19T00:00:00+00:00,planned,SET4
TABLET-WO-02616,P020,P020,0,0,2019-12-05T00:00:00+00:00,planned,SET4
TABLET-WO-02617,P020,P020,4500,0,2020-01-09T00:00:00+00:00,planned,SET4
TABLET-WO-02618,P020,P020,4400,0,2020-01-23T00:00:00+00:00,planned,SET4
TABLET-WO-02619,P020,P020,4400,0,2020-01-16T00:00:00+00:00,planned,SET4
TABLET-WO-02620,P020,P020,4200,0,2020-01-02T00:00:00+00:00,planned,SET4
TABLET-WO-02621,P020,P020,3000,0,2020-01-30T00:00:00+00:00,planned,SET4
TABLET-WO-02622,P020,P020,3000,0,2020-02-06T00:00:00+00:00,planned,SET4
TABLET-WO-02623,P020,P020,3000,0,2020-02-13T00:00:00+00:00,planned,SET4
TABLET-WO-02624,P020,P020,1900,0,2020-02-27T00:00:00+00:00,planned,SET4
TABLET-WO-02625,P020,P020,3100,0,2020-02-20T00:00:00+00:00,planned,SET4
TABLET-WO-02626,P020,P020,0,0,2020-03-19T00:00:00+00:00,planned,SET4
TABLET-WO-02627,P020,P020,0,0,2020-03-26T00:00:00+00:00,planned,SET4
TABLET-WO-02628,P020,P020,0,0,2020-03-05T00:00:00+00:00,planned,SET4
TABLET-WO-02629,P020,P020,0,0,2020-03-12T00:00:00+00:00,planned,SET4
TABLET-WO-02630,P020,P020,3600,0,2020-04-23T00:00:00+00:00,planned,SET4
TABLET-WO-02631,P020,P020,2800,0,2020-04-02T00:00:00+00:00,planned,SET4
TABLET-WO-02632,P020,P020,4900,0,2020-04-16T00:00:00+00:00,planned,SET4
TABLET-WO-02633,P020,P020,4000,0,2020-04-09T00:00:00+00:00,planned,SET4
TABLET-WO-02634,P020,P020,2900,0,2020-04-30T00:00:00+00:00,planned,SET4
TABLET-WO-02635,P020,P020,0,0,2020-05-14T00:00:00+00:00,planned,SET4
TABLET-WO-02636,P020,P020,0,0,2020-05-21T00:00:00+00:00,planned,SET4
TABLET-WO-02637,P020,P020,0,0,2020-05-28T00:00:00+00:00,planned,SET4
TABLET-WO-02638,P020,P020,0,0,2020-05-07T00:00:00+00:00,planned,SET4
TABLET-WO-02639,P020,P020,2600,0,2020-06-11T00:00:00+00:00,planned,SET4
TABLET-WO-02640,P020,P020,2800,0,2020-06-25T00:00:00+00:00,planned,SET4
TABLET-WO-02641,P020,P020,3200,0,2020-06-18T00:00:00+00:00,planned,SET4
TABLET-WO-02642,P020,P020,2200,0,2020-06-04T00:00:00+00:00,planned,SET4
TABLET-WO-02643,P020,P020,3000,0,2020-07-02T00:00:00+00:00,planned,SET4
TABLET-WO-02644,P020,P020,2900,0,2020-07-30T00:00:00+00:00,planned,SET4
TABLET-WO-02645,P020,P020,2200,0,2020-07-23T00:00:00+00:00,planned,SET4
TABLET-WO-02646,P020,P020,1900,0,2020-07-16T00:00:00+00:00,planned,SET4
TABLET-WO-02647,P020,P020,3300,0,2020-07-09T00:00:00+00:00,planned,SET4
TABLET-WO-02648,P020,P020,0,0,2020-08-06T00:00:00+00:00,planned,SET4
TABLET-WO-02649,P020,P020,0,0,2020-08-13T00:00:00+00:00,planned,SET4
TABLET-WO-02650,P020,P020,0,0,2020-08-20T00:00:00+00:00,planned,SET4
TABLET-WO-02651,P020,P020,0,0,2020-08-27T00:00:00+00:00,planned,SET4
TABLET-WO-02652,P020,P020,3700,0,2020-09-24T00:00:00+00:00,planned,SET4
TABLET-WO-02653,P020,P020,3200,0,2020-09-10T00:00:00+00:00,planned,SET4
TABLET-WO-02654,P020,P020,3900,0,2020-09-17T00:00:00+00:00,planned,SET4
TABLET-WO-02655,P020,P020,0,0,2020-09-03T00:00:00+00:00,planned,SET4
TABLET-WO-02656,P020,P020,4300,0,2020-10-22T00:00:00+00:00,planned,SET4
TABLET-WO-02657,P020,P020,4300,0,2020-10-15T00:00:00+00:00,planned,SET4
TABLET-WO-02658,P020,P020,5300,0,2020-10-01T00:00:00+00:00,planned,SET4
TABLET-WO-02659,P020,P020,5000,0,2020-10-08T00:00:00+00:00,planned,SET4
TABLET-WO-02660,P020,P020,0,0,2020-10-29T00:00:00+00:00,planned,SET4
TABLET-WO-02661,P020,P020,0,0,2020-11-26T00:00:00+00:00,planned,SET4
TABLET-WO-02662,P020,P020,0,0,2020-11-05T00:00:00+00:00,planned,SET4
TABLET-WO-02663,P020,P020,0,0,2020-11-19T00:00:00+00:00,planned,SET4
TABLET-WO-02664,P020,P020,0,0,2020-11-12T00:00:00+00:00,planned,SET4
TABLET-WO-02665,P021,P021,1500,0,2018-02-15T00:00:00+00:00,planned,SET4
TABLET-WO-02666,P021,P021,1500,0,2018-02-22T00:00:00+00:00,planned,SET4
TABLET-WO-02667,P021,P021,1200,0,2018-02-08T00:00:00+00:00,planned,SET4
TABLET-WO-02668,P021,P021,1800,0,2018-02-01T00:00:00+00:00,planned,SET4
TABLET-WO-02669,P021,P021,2200,0,2018-03-01T00:00:00+00:00,planned,SET4
TABLET-WO-02670,P021,P021,4000,0,2018-03-22T00:00:00+00:00,planned,SET4
TABLET-WO-02671,P021,P021,2900,0,2018-03-29T00:00:00+00:00,planned,SET4
TABLET-WO-02672,P021,P021,3300,0,2018-03-15T00:00:00+00:00,planned,SET4
TABLET-WO-02673,P021,P021,3300,0,2018-03-08T00:00:00+00:00,planned,SET4
TABLET-WO-02674,P021,P021,0,0,2018-04-12T00:00:00+00:00,planned,SET4
TABLET-WO-02675,P021,P021,0,0,2018-04-05T00:00:00+00:00,planned,SET4
TABLET-WO-02676,P021,P021,0,0,2018-04-26T00:00:00+00:00,planned,SET4
TABLET-WO-02677,P021,P021,0,0,2018-04-19T00:00:00+00:00,planned,SET4
TABLET-WO-02678,P021,P021,800,0,2018-05-03T00:00:00+00:00,planned,SET4
TABLET-WO-02679,P021,P021,1000,0,2018-05-31T00:00:00+00:00,planned,SET4
TABLET-WO-02680,P021,P021,900,0,2018-05-10T00:00:00+00:00,planned,SET4
TABLET-WO-02681,P021,P021,1000,0,2018-05-24T00:00:00+00:00,planned,SET4
TABLET-WO-02682,P021,P021,0,0,2018-05-17T00:00:00+00:00,planned,SET4
TABLET-WO-02683,P021,P021,3400,0,2018-06-07T00:00:00+00:00,planned,SET4
TABLET-WO-02684,P021,P021,3100,0,2018-06-14T00:00:00+00:00,planned,SET4
TABLET-WO-02685,P021,P021,2700,0,2018-06-28T00:00:00+00:00,planned,SET4
TABLET-WO-02686,P021,P021,0,0,2018-06-21T00:00:00+00:00,planned,SET4
TABLET-WO-02687,P021,P021,0,0,2018-07-19T00:00:00+00:00,planned,SET4
TABLET-WO-02688,P021,P021,0,0,2018-07-26T00:00:00+00:00,planned,SET4
TABLET-WO-02689,P021,P021,0,0,2018-07-12T00:00:00+00:00,planned,SET4
TABLET-WO-02690,P021,P021,0,0,2018-07-05T00:00:00+00:00,planned,SET4
TABLET-WO-02691,P021,P021,3000,0,2018-08-02T00:00:00+00:00,planned,SET4
TABLET-WO-02692,P021,P021,4600,0,2018-08-23T00:00:00+00:00,planned,SET4
TABLET-WO-02693,P021,P021,2700,0,2018-08-16T00:00:00+00:00,planned,SET4
TABLET-WO-02694,P021,P021,3800,0,2018-08-09T00:00:00+00:00,planned,SET4
TABLET-WO-02695,P021,P021,0,0,2018-08-30T00:00:00+00:00,planned,SET4
TABLET-WO-02696,P021,P021,0,0,2018-09-06T00:00:00+00:00,planned,SET4
TABLET-WO-02697,P021,P021,0,0,2018-09-20T00:00:00+00:00,planned,SET4
TABLET-WO-02698,P021,P021,0,0,2018-09-13T00:00:00+00:00,planned,SET4
TABLET-WO-02699,P021,P021,0,0,2018-09-27T00:00:00+00:00,planned,SET4
TABLET-WO-02700,P021,P021,4700,0,2018-10-25T00:00:00+00:00,planned,SET4
TABLET-WO-02701,P021,P021,4200,0,2018-10-18T00:00:00+00:00,planned,SET4
TABLET-WO-02702,P021,P021,4500,0,2018-10-04T00:00:00+00:00,planned,SET4
TABLET-WO-02703,P021,P021,0,0,2018-10-11T00:00:00+00:00,planned,SET4
TABLET-WO-02704,P021,P021,9800,0,2018-11-01T00:00:00+00:00,planned,SET4
TABLET-WO-02705,P021,P021,6300,0,2018-11-15T00:00:00+00:00,planned,SET4
TABLET-WO-02706,P021,P021,9000,0,2018-11-22T00:00:00+00:00,planned,SET4
TABLET-WO-02707,P021,P021,10800,0,2018-11-29T00:00:00+00:00,planned,SET4
TABLET-WO-02708,P021,P021,0,0,2018-11-08T00:00:00+00:00,planned,SET4
TABLET-WO-02709,P021,P021,0,0,2018-12-20T00:00:00+00:00,planned,SET4
TABLET-WO-02710,P021,P021,0,0,2018-12-27T00:00:00+00:00,planned,SET4
TABLET-WO-02711,P021,P021,0,0,2018-12-06T00:00:00+00:00,planned,SET4
TABLET-WO-02712,P021,P021,0,0,2018-12-13T00:00:00+00:00,planned,SET4
TABLET-WO-02713,P021,P021,5800,0,2019-01-03T00:00:00+00:00,planned,SET4
TABLET-WO-02714,P021,P021,6600,0,2019-01-10T00:00:00+00:00,planned,SET4
TABLET-WO-02715,P021,P021,6500,0,2019-01-17T00:00:00+00:00,planned,SET4
TABLET-WO-02716,P021,P021,6900,0,2019-01-31T00:00:00+00:00,planned,SET4
TABLET-WO-02717,P021,P021,0,0,2019-01-24T00:00:00+00:00,planned,SET4
TABLET-WO-02718,P021,P021,2400,0,2019-02-14T00:00:00+00:00,planned,SET4
TABLET-WO-02719,P021,P021,1500,0,2019-02-21T00:00:00+00:00,planned,SET4
TABLET-WO-02720,P021,P021,2500,0,2019-02-07T00:00:00+00:00,planned,SET4
TABLET-WO-02721,P021,P021,2100,0,2019-02-28T00:00:00+00:00,planned,SET4
TABLET-WO-02722,P021,P021,0,0,2019-03-28T00:00:00+00:00,planned,SET4
TABLET-WO-02723,P021,P021,0,0,2019-03-21T00:00:00+00:00,planned,SET4
TABLET-WO-02724,P021,P021,0,0,2019-03-07T00:00:00+00:00,planned,SET4
TABLET-WO-02725,P021,P021,0,0,2019-03-14T00:00:00+00:00,planned,SET4
TABLET-WO-02726,P021,P021,500,0,2019-04-25T00:00:00+00:00,planned,SET4
TABLET-WO-02727,P021,P021,600,0,2019-04-11T00:00:00+00:00,planned,SET4
TABLET-WO-02728,P021,P021,600,0,2019-04-04T00:00:00+00:00,planned,SET4
TABLET-WO-02729,P021,P021,600,0,2019-04-18T00:00:00+00:00,planned,SET4
TABLET-WO-02730,P021,P021,2200,0,2019-05-30T00:00:00+00:00,planned,SET4
TABLET-WO-02731,P021,P021,3300,0,2019-05-09T00:00:00+00:00,planned,SET4
TABLET-WO-02732,P021,P021,3100,0,2019-05-16T00:00:00+00:00,planned,SET4
TABLET-WO-02733,P021,P021,3300,0,2019-05-02T00:00:00+00:00,planned,SET4
TABLET-WO-02734,P021,P021,2800,0,2019-05-23T00:00:00+00:00,planned,SET4
TABLET-WO-02735,P021,P021,0,0,2019-06-27T00:00:00+00:00,planned,SET4
TABLET-WO-02736,P021,P021,0,0,2019-06-06T00:00:00+00:00,planned,SET4
TABLET-WO-02737,P021,P021,0,0,2019-06-13T00:00:00+00:00,planned,SET4
TABLET-WO-02738,P021,P021,0,0,2019-06-20T00:00:00+00:00,planned,SET4
TABLET-WO-02739,P021,P021,2000,0,2019-07-04T00:00:00+00:00,planned,SET4
TABLET-WO-02740,P021,P021,3000,0,2019-07-18T00:00:00+00:00,planned,SET4
TABLET-WO-02741,P021,P021,2600,0,2019-07-25T00:00:00+00:00,planned,SET4
TABLET-WO-02742,P021,P021,2800,0,2019-07-11T00:00:00+00:00,planned,SET4
TABLET-WO-02743,P021,P021,3600,0,2019-08-01T00:00:00+00:00,planned,SET4
TABLET-WO-02744,P021,P021,4700,0,2019-08-08T00:00:00+00:00,planned,SET4
TABLET-WO-02745,P021,P021,6400,0,2019-08-29T00:00:00+00:00,planned,SET4
TABLET-WO-02746,P021,P021,3800,0,2019-08-15T00:00:00+00:00,planned,SET4
TABLET-WO-02747,P021,P021,0,0,2019-08-22T00:00:00+00:00,planned,SET4
TABLET-WO-02748,P021,P021,0,0,2019-09-05T00:00:00+00:00,planned,SET4
TABLET-WO-02749,P021,P021,0,0,2019-09-19T00:00:00+00:00,planned,SET4
TABLET-WO-02750,P021,P021,0,0,2019-09-26T00:00:00+00:00,planned,SET4
TABLET-WO-02751,P021,P021,0,0,2019-09-12T00:00:00+00:00,planned,SET4
TABLET-WO-02752,P021,P021,4800,0,2019-10-24T00:00:00+00:00,planned,SET4
TABLET-WO-02753,P021,P021,4500,0,2019-10-17T00:00:00+00:00,planned,SET4
TABLET-WO-02754,P021,P021,4000,0,2019-10-10T00:00:00+00:00,planned,SET4
TABLET-WO-02755,P021,P021,3100,0,2019-10-31T00:00:00+00:00,planned,SET4
TABLET-WO-02756,P021,P021,3800,0,2019-10-03T00:00:00+00:00,planned,SET4
TABLET-WO-02757,P021,P021,1100,0,2019-11-14T00:00:00+00:00,planned,SET4
TABLET-WO-02758,P021,P021,1300,0,2019-11-28T00:00:00+00:00,planned,SET4
TABLET-WO-02759,P021,P021,900,0,2019-11-07T00:00:00+00:00,planned,SET4
TABLET-WO-02760,P021,P021,1200,0,2019-11-21T00:00:00+00:00,planned,SET4
TABLET-WO-02761,P021,P021,0,0,2019-12-05T00:00:00+00:00,planned,SET4
TABLET-WO-02762,P021,P021,0,0,2019-12-26T00:00:00+00:00,planned,SET4
TABLET-WO-02763,P021,P021,0,0,2019-12-12T00:00:00+00:00,planned,SET4
TABLET-WO-02764,P021,P021,0,0,2019-12-19T00:00:00+00:00,planned,SET4
TABLET-WO-02765,P021,P021,3500,0,2020-01-16T00:00:00+00:00,planned,SET4
TABLET-WO-02766,P021,P021,2800,0,2020-01-30T00:00:00+00:00,planned,SET4
TABLET-WO-02767,P021,P021,3000,0,2020-01-09T00:00:00+00:00,planned,SET4
TABLET-WO-02768,P021,P021,1900,0,2020-01-02T00:00:00+00:00,planned,SET4
TABLET-WO-02769,P021,P021,3400,0,2020-01-23T00:00:00+00:00,planned,SET4
TABLET-WO-02770,P021,P021,3300,0,2020-02-06T00:00:00+00:00,planned,SET4
TABLET-WO-02771,P021,P021,3700,0,2020-02-13T00:00:00+00:00,planned,SET4
TABLET-WO-02772,P021,P021,2400,0,2020-02-20T00:00:00+00:00,planned,SET4
TABLET-WO-02773,P021,P021,0,0,2020-02-27T00:00:00+00:00,planned,SET4
TABLET-WO-02774,P021,P021,0,0,2020-03-12T00:00:00+00:00,planned,SET4
TABLET-WO-02775,P021,P021,0,0,2020-03-05T00:00:00+00:00,planned,SET4
TABLET-WO-02776,P021,P021,0,0,2020-03-26T00:00:00+00:00,planned,SET4
TABLET-WO-02777,P021,P021,0,0,2020-03-19T00:00:00+00:00,planned,SET4
TABLET-WO-02778,P021,P021,3700,0,2020-04-23T00:00:00+00:00,planned,SET4
TABLET-WO-02779,P021,P021,5500,0,2020-04-02T00:00:00+00:00,planned,SET4
TABLET-WO-02780,P021,P021,4900,0,2020-04-30T00:00:00+00:00,planned,SET4
TABLET-WO-02781,P021,P021,4100,0,2020-04-16T00:00:00+00:00,planned,SET4
TABLET-WO-02782,P021,P021,3600,0,2020-04-09T00:00:00+00:00,planned,SET4
TABLET-WO-02783,P021,P021,0,0,2020-05-28T00:00:00+00:00,planned,SET4
TABLET-WO-02784,P021,P021,0,0,2020-05-21T00:00:00+00:00,planned,SET4
TABLET-WO-02785,P021,P021,0,0,2020-05-07T00:00:00+00:00,planned,SET4
TABLET-WO-02786,P021,P021,0,0,2020-05-14T00:00:00+00:00,planned,SET4
TABLET-WO-02787,P021,P021,400,0,2020-06-04T00:00:00+00:00,planned,SET4
TABLET-WO-02788,P021,P021,400,0,2020-06-11T00:00:00+00:00,planned,SET4
TABLET-WO-02789,P021,P021,600,0,2020-06-18T00:00:00+00:00,planned,SET4
TABLET-WO-02790,P021,P021,600,0,2020-06-25T00:00:00+00:00,planned,SET4
TABLET-WO-02791,P021,P021,3300,0,2020-07-30T00:00:00+00:00,planned,SET4
TABLET-WO-02792,P021,P021,3700,0,2020-07-23T00:00:00+00:00,planned,SET4
TABLET-WO-02793,P021,P021,3300,0,2020-07-02T00:00:00+00:00,planned,SET4
TABLET-WO-02794,P021,P021,3200,0,2020-07-16T00:00:00+00:00,planned,SET4
TABLET-WO-02795,P021,P021,2900,0,2020-07-09T00:00:00+00:00,planned,SET4
TABLET-WO-02796,P021,P021,0,0,2020-08-13T00:00:00+00:00,planned,SET4
TABLET-WO-02797,P021,P021,0,0,2020-08-06T00:00:00+00:00,planned,SET4
TABLET-WO-02798,P021,P021,0,0,2020-08-27T00:00:00+00:00,planned,SET4
TABLET-WO-02799,P021,P021,0,0,2020-08-20T00:00:00+00:00,planned,SET4
TABLET-WO-02800,P021,P021,1800,0,2020-09-24T00:00:00+00:00,planned,SET4
TABLET-WO-02801,P021,P021,2000,0,2020-09-10T00:00:00+00:00,planned,SET4
TABLET-WO-02802,P021,P021,1800,0,2020-09-17T00:00:00+00:00,planned,SET4
TABLET-WO-02803,P021,P021,0,0,2020-09-03T00:00:00+00:00,planned,SET4
TABLET-WO-02804,P021,P021,3400,0,2020-10-08T00:00:00+00:00,planned,SET4
TABLET-WO-02805,P021,P021,3700,0,2020-10-15T00:00:00+00:00,planned,SET4
TABLET-WO-02806,P021,P021,3300,0,2020-10-22T00:00:00+00:00,planned,SET4
TABLET-WO-02807,P021,P021,3100,0,2020-10-29T00:00:00+00:00,planned,SET4
TABLET-WO-02808,P021,P021,0,0,2020-10-01T00:00:00+00:00,planned,SET4
TABLET-WO-02809,P021,P021,0,0,2020-11-19T00:00:00+00:00,planned,SET4
TABLET-WO-02810,P021,P021,0,0,2020-11-26T00:00:00+00:00,planned,SET4
TABLET-WO-02811,P021,P021,0,0,2020-11-05T00:00:00+00:00,planned,SET4
TABLET-WO-02812,P021,P021,0,0,2020-11-12T00:00:00+00:00,planned,SET4
TABLET-WO-02813,P003,P003,0,0,2018-02-08T00:00:00+00:00,planned,SET2
TABLET-WO-02814,P003,P003,138600,0,2018-02-01T00:00:00+00:00,planned,SET2
TABLET-WO-02815,P003,P003,154100,0,2018-02-22T00:00:00+00:00,planned,SET2
TABLET-WO-02816,P003,P003,107300,0,2018-02-15T00:00:00+00:00,planned,SET2
TABLET-WO-02817,P003,P003,44200,0,2018-03-22T00:00:00+00:00,planned,SET2
TABLET-WO-02818,P003,P003,43200,0,2018-03-29T00:00:00+00:00,planned,SET2
TABLET-WO-02819,P003,P003,0,0,2018-03-01T00:00:00+00:00,planned,SET2
TABLET-WO-02820,P003,P003,60500,0,2018-03-08T00:00:00+00:00,planned,SET2
TABLET-WO-02821,P003,P003,52100,0,2018-03-15T00:00:00+00:00,planned,SET2
TABLET-WO-02822,P003,P003,55000,0,2018-04-26T00:00:00+00:00,planned,SET2
TABLET-WO-02823,P003,P003,54900,0,2018-04-19T00:00:00+00:00,planned,SET2
TABLET-WO-02824,P003,P003,51900,0,2018-04-05T00:00:00+00:00,planned,SET2
TABLET-WO-02825,P003,P003,45700,0,2018-04-12T00:00:00+00:00,planned,SET2
TABLET-WO-02826,P003,P003,38900,0,2018-05-24T00:00:00+00:00,planned,SET2
TABLET-WO-02827,P003,P003,52500,0,2018-05-31T00:00:00+00:00,planned,SET2
TABLET-WO-02828,P003,P003,41700,0,2018-05-17T00:00:00+00:00,planned,SET2
TABLET-WO-02829,P003,P003,29300,0,2018-05-03T00:00:00+00:00,planned,SET2
TABLET-WO-02830,P003,P003,37600,0,2018-05-10T00:00:00+00:00,planned,SET2
TABLET-WO-02831,P003,P003,33000,0,2018-06-07T00:00:00+00:00,planned,SET2
TABLET-WO-02832,P003,P003,35900,0,2018-06-28T00:00:00+00:00,planned,SET2
TABLET-WO-02833,P003,P003,41000,0,2018-06-21T00:00:00+00:00,planned,SET2
TABLET-WO-02834,P003,P003,40500,0,2018-06-14T00:00:00+00:00,planned,SET2
TABLET-WO-02835,P003,P003,46900,0,2018-07-12T00:00:00+00:00,planned,SET2
TABLET-WO-02836,P003,P003,51900,0,2018-07-26T00:00:00+00:00,planned,SET2
TABLET-WO-02837,P003,P003,55900,0,2018-07-19T00:00:00+00:00,planned,SET2
TABLET-WO-02838,P003,P003,61100,0,2018-07-05T00:00:00+00:00,planned,SET2
TABLET-WO-02839,P003,P003,70200,0,2018-08-16T00:00:00+00:00,planned,SET2
TABLET-WO-02840,P003,P003,67700,0,2018-08-23T00:00:00+00:00,planned,SET2
TABLET-WO-02841,P003,P003,75700,0,2018-08-09T00:00:00+00:00,planned,SET2
TABLET-WO-02842,P003,P003,96400,0,2018-08-30T00:00:00+00:00,planned,SET2
TABLET-WO-02843,P003,P003,90000,0,2018-08-02T00:00:00+00:00,planned,SET2
TABLET-WO-02844,P003,P003,61000,0,2018-09-13T00:00:00+00:00,planned,SET2
TABLET-WO-02845,P003,P003,40200,0,2018-09-27T00:00:00+00:00,planned,SET2
TABLET-WO-02846,P003,P003,41100,0,2018-09-06T00:00:00+00:00,planned,SET2
TABLET-WO-02847,P003,P003,42500,0,2018-09-20T00:00:00+00:00,planned,SET2
TABLET-WO-02848,P003,P003,49100,0,2018-10-25T00:00:00+00:00,planned,SET2
TABLET-WO-02849,P003,P003,47600,0,2018-10-04T00:00:00+00:00,planned,SET2
TABLET-WO-02850,P003,P003,47700,0,2018-10-18T00:00:00+00:00,planned,SET2
TABLET-WO-02851,P003,P003,55600,0,2018-10-11T00:00:00+00:00,planned,SET2
TABLET-WO-02852,P003,P003,0,0,2018-11-29T00:00:00+00:00,planned,SET2
TABLET-WO-02853,P003,P003,92400,0,2018-11-15T00:00:00+00:00,planned,SET2
TABLET-WO-02854,P003,P003,97900,0,2018-11-08T00:00:00+00:00,planned,SET2
TABLET-WO-02855,P003,P003,104200,0,2018-11-01T00:00:00+00:00,planned,SET2
TABLET-WO-02856,P003,P003,108500,0,2018-11-22T00:00:00+00:00,planned,SET2
TABLET-WO-02857,P003,P003,0,0,2018-12-06T00:00:00+00:00,planned,SET2
TABLET-WO-02858,P003,P003,55900,0,2018-12-20T00:00:00+00:00,planned,SET2
TABLET-WO-02859,P003,P003,45000,0,2018-12-27T00:00:00+00:00,planned,SET2
TABLET-WO-02860,P003,P003,47900,0,2018-12-13T00:00:00+00:00,planned,SET2
TABLET-WO-02861,P003,P003,49400,0,2019-01-03T00:00:00+00:00,planned,SET2
TABLET-WO-02862,P003,P003,0,0,2019-01-31T00:00:00+00:00,planned,SET2
TABLET-WO-02863,P003,P003,41900,0,2019-01-10T00:00:00+00:00,planned,SET2
TABLET-WO-02864,P003,P003,56300,0,2019-01-24T00:00:00+00:00,planned,SET2
TABLET-WO-02865,P003,P003,52400,0,2019-01-17T00:00:00+00:00,planned,SET2
TABLET-WO-02866,P003,P003,172300,0,2019-02-07T00:00:00+00:00,planned,SET2
TABLET-WO-02867,P003,P003,91500,0,2019-02-14T00:00:00+00:00,planned,SET2
TABLET-WO-02868,P003,P003,125100,0,2019-02-28T00:00:00+00:00,planned,SET2
TABLET-WO-02869,P003,P003,131100,0,2019-02-21T00:00:00+00:00,planned,SET2
TABLET-WO-02870,P003,P003,0,0,2019-03-28T00:00:00+00:00,planned,SET2
TABLET-WO-02871,P003,P003,120900,0,2019-03-07T00:00:00+00:00,planned,SET2
TABLET-WO-02872,P003,P003,101800,0,2019-03-14T00:00:00+00:00,planned,SET2
TABLET-WO-02873,P003,P003,0,0,2019-03-21T00:00:00+00:00,planned,SET2
TABLET-WO-02874,P003,P003,54200,0,2019-04-11T00:00:00+00:00,planned,SET2
TABLET-WO-02875,P003,P003,50700,0,2019-04-25T00:00:00+00:00,planned,SET2
TABLET-WO-02876,P003,P003,46000,0,2019-04-18T00:00:00+00:00,planned,SET2
TABLET-WO-02877,P003,P003,49000,0,2019-04-04T00:00:00+00:00,planned,SET2
TABLET-WO-02878,P003,P003,103800,0,2019-05-30T00:00:00+00:00,planned,SET2
TABLET-WO-02879,P003,P003,111400,0,2019-05-02T00:00:00+00:00,planned,SET2
TABLET-WO-02880,P003,P003,127100,0,2019-05-16T00:00:00+00:00,planned,SET2
TABLET-WO-02881,P003,P003,84600,0,2019-05-23T00:00:00+00:00,planned,SET2
TABLET-WO-02882,P003,P003,93100,0,2019-05-09T00:00:00+00:00,planned,SET2
TABLET-WO-02883,P003,P003,90800,0,2019-06-27T00:00:00+00:00,planned,SET2
TABLET-WO-02884,P003,P003,0,0,2019-06-20T00:00:00+00:00,planned,SET2
TABLET-WO-02885,P003,P003,76800,0,2019-06-06T00:00:00+00:00,planned,SET2
TABLET-WO-02886,P003,P003,81300,0,2019-06-13T00:00:00+00:00,planned,SET2
TABLET-WO-02887,P003,P003,90100,0,2019-07-25T00:00:00+00:00,planned,SET2
TABLET-WO-02888,P003,P003,115700,0,2019-07-18T00:00:00+00:00,planned,SET2
TABLET-WO-02889,P003,P003,109700,0,2019-07-11T00:00:00+00:00,planned,SET2
TABLET-WO-02890,P003,P003,84500,0,2019-07-04T00:00:00+00:00,planned,SET2
TABLET-WO-02891,P003,P003,81500,0,2019-08-22T00:00:00+00:00,planned,SET2
TABLET-WO-02892,P003,P003,123800,0,2019-08-15T00:00:00+00:00,planned,SET2
TABLET-WO-02893,P003,P003,0,0,2019-08-29T00:00:00+00:00,planned,SET2
TABLET-WO-02894,P003,P003,99700,0,2019-08-08T00:00:00+00:00,planned,SET2
TABLET-WO-02895,P003,P003,95000,0,2019-08-01T00:00:00+00:00,planned,SET2
TABLET-WO-02896,P003,P003,0,0,2019-09-05T00:00:00+00:00,planned,SET2
TABLET-WO-02897,P003,P003,91700,0,2019-09-12T00:00:00+00:00,planned,SET2
TABLET-WO-02898,P003,P003,92600,0,2019-09-26T00:00:00+00:00,planned,SET2
TABLET-WO-02899,P003,P003,0,0,2019-09-19T00:00:00+00:00,planned,SET2
TABLET-WO-02900,P003,P003,92100,0,2019-10-31T00:00:00+00:00,planned,SET2
TABLET-WO-02901,P003,P003,79500,0,2019-10-03T00:00:00+00:00,planned,SET2
TABLET-WO-02902,P003,P003,75100,0,2019-10-10T00:00:00+00:00,planned,SET2
TABLET-WO-02903,P003,P003,70000,0,2019-10-17T00:00:00+00:00,planned,SET2
TABLET-WO-02904,P003,P003,83300,0,2019-10-24T00:00:00+00:00,planned,SET2
TABLET-WO-02905,P003,P003,118600,0,2019-11-07T00:00:00+00:00,planned,SET2
TABLET-WO-02906,P003,P003,120300,0,2019-11-14T00:00:00+00:00,planned,SET2
TABLET-WO-02907,P003,P003,63600,0,2019-11-21T00:00:00+00:00,planned,SET2
TABLET-WO-02908,P003,P003,97200,0,2019-11-28T00:00:00+00:00,planned,SET2
TABLET-WO-02909,P003,P003,87000,0,2019-12-19T00:00:00+00:00,planned,SET2
TABLET-WO-02910,P003,P003,77700,0,2019-12-05T00:00:00+00:00,planned,SET2
TABLET-WO-02911,P003,P003,65800,0,2019-12-26T00:00:00+00:00,planned,SET2
TABLET-WO-02912,P003,P003,65000,0,2019-12-12T00:00:00+00:00,planned,SET2
TABLET-WO-02913,P003,P003,64900,0,2020-01-16T00:00:00+00:00,planned,SET2
TABLET-WO-02914,P003,P003,102100,0,2020-01-23T00:00:00+00:00,planned,SET2
TABLET-WO-02915,P003,P003,83500,0,2020-01-30T00:00:00+00:00,planned,SET2
TABLET-WO-02916,P003,P003,55100,0,2020-01-02T00:00:00+00:00,planned,SET2
TABLET-WO-02917,P003,P003,94400,0,2020-01-09T00:00:00+00:00,planned,SET2
TABLET-WO-02918,P003,P003,0,0,2020-02-27T00:00:00+00:00,planned,SET2
TABLET-WO-02919,P003,P003,0,0,2020-02-06T00:00:00+00:00,planned,SET2
TABLET-WO-02920,P003,P003,65700,0,2020-02-20T00:00:00+00:00,planned,SET2
TABLET-WO-02921,P003,P003,66800,0,2020-02-13T00:00:00+00:00,planned,SET2
TABLET-WO-02922,P003,P003,61900,0,2020-03-12T00:00:00+00:00,planned,SET2
TABLET-WO-02923,P003,P003,62000,0,2020-03-26T00:00:00+00:00,planned,SET2
TABLET-WO-02924,P003,P003,62000,0,2020-03-05T00:00:00+00:00,planned,SET2
TABLET-WO-02925,P003,P003,0,0,2020-03-19T00:00:00+00:00,planned,SET2
TABLET-WO-02926,P003,P003,50300,0,2020-04-16T00:00:00+00:00,planned,SET2
TABLET-WO-02927,P003,P003,86100,0,2020-04-23T00:00:00+00:00,planned,SET2
TABLET-WO-02928,P003,P003,50000,0,2020-04-09T00:00:00+00:00,planned,SET2
TABLET-WO-02929,P003,P003,59500,0,2020-04-30T00:00:00+00:00,planned,SET2
TABLET-WO-02930,P003,P003,54000,0,2020-04-02T00:00:00+00:00,planned,SET2
TABLET-WO-02931,P003,P003,0,0,2020-05-14T00:00:00+00:00,planned,SET2
TABLET-WO-02932,P003,P003,10700,0,2020-05-21T00:00:00+00:00,planned,SET2
TABLET-WO-02933,P003,P003,18900,0,2020-05-28T00:00:00+00:00,planned,SET2
TABLET-WO-02934,P003,P003,9900,0,2020-05-07T00:00:00+00:00,planned,SET2
TABLET-WO-02935,P003,P003,4000,0,2020-06-18T00:00:00+00:00,planned,SET2
TABLET-WO-02936,P003,P003,5500,0,2020-06-04T00:00:00+00:00,planned,SET2
TABLET-WO-02937,P003,P003,5400,0,2020-06-11T00:00:00+00:00,planned,SET2
TABLET-WO-02938,P003,P003,5000,0,2020-06-25T00:00:00+00:00,planned,SET2
TABLET-WO-02939,P003,P003,49700,0,2020-07-30T00:00:00+00:00,planned,SET2
TABLET-WO-02940,P003,P003,56700,0,2020-07-09T00:00:00+00:00,planned,SET2
TABLET-WO-02941,P003,P003,69500,0,2020-07-16T00:00:00+00:00,planned,SET2
TABLET-WO-02942,P003,P003,59700,0,2020-07-23T00:00:00+00:00,planned,SET2
TABLET-WO-02943,P003,P003,81400,0,2020-07-02T00:00:00+00:00,planned,SET2
TABLET-WO-02944,P003,P003,0,0,2020-08-20T00:00:00+00:00,planned,SET2
TABLET-WO-02945,P003,P003,82400,0,2020-08-06T00:00:00+00:00,planned,SET2
TABLET-WO-02946,P003,P003,76900,0,2020-08-27T00:00:00+00:00,planned,SET2
TABLET-WO-02947,P003,P003,77900,0,2020-08-13T00:00:00+00:00,planned,SET2
TABLET-WO-02948,P003,P003,69800,0,2020-09-17T00:00:00+00:00,planned,SET2
TABLET-WO-02949,P003,P003,61100,0,2020-09-10T00:00:00+00:00,planned,SET2
TABLET-WO-02950,P003,P003,62900,0,2020-09-24T00:00:00+00:00,planned,SET2
TABLET-WO-02951,P003,P003,0,0,2020-09-03T00:00:00+00:00,planned,SET2
TABLET-WO-02952,P003,P003,52300,0,2020-10-08T00:00:00+00:00,planned,SET2
TABLET-WO-02953,P003,P003,73500,0,2020-10-22T00:00:00+00:00,planned,SET2
TABLET-WO-02954,P003,P003,42000,0,2020-10-15T00:00:00+00:00,planned,SET2
TABLET-WO-02955,P003,P003,0,0,2020-10-01T00:00:00+00:00,planned,SET2
TABLET-WO-02956,P003,P003,72200,0,2020-10-29T00:00:00+00:00,planned,SET2
TABLET-WO-02957,P003,P003,74000,0,2020-11-19T00:00:00+00:00,planned,SET2
TABLET-WO-02958,P003,P003,71900,0,2020-11-26T00:00:00+00:00,planned,SET2
TABLET-WO-02959,P003,P003,55800,0,2020-11-12T00:00:00+00:00,planned,SET2
TABLET-WO-02960,P003,P003,51900,0,2020-11-05T00:00:00+00:00,planned,SET2
TABLET-WO-02961,P004,P004,4900,0,2018-02-08T00:00:00+00:00,planned,SET2
TABLET-WO-02962,P004,P004,4000,0,2018-02-01T00:00:00+00:00,planned,SET2
TABLET-WO-02963,P004,P004,4500,0,2018-02-22T00:00:00+00:00,planned,SET2
TABLET-WO-02964,P004,P004,0,0,2018-02-15T00:00:00+00:00,planned,SET2
TABLET-WO-02965,P004,P004,35000,0,2018-03-08T00:00:00+00:00,planned,SET2
TABLET-WO-02966,P004,P004,39600,0,2018-03-15T00:00:00+00:00,planned,SET2
TABLET-WO-02967,P004,P004,32200,0,2018-03-01T00:00:00+00:00,planned,SET2
TABLET-WO-02968,P004,P004,47700,0,2018-03-22T00:00:00+00:00,planned,SET2
TABLET-WO-02969,P004,P004,0,0,2018-03-29T00:00:00+00:00,planned,SET2
TABLET-WO-02970,P004,P004,0,0,2018-04-26T00:00:00+00:00,planned,SET2
TABLET-WO-02971,P004,P004,0,0,2018-04-12T00:00:00+00:00,planned,SET2
TABLET-WO-02972,P004,P004,0,0,2018-04-05T00:00:00+00:00,planned,SET2
TABLET-WO-02973,P004,P004,0,0,2018-04-19T00:00:00+00:00,planned,SET2
TABLET-WO-02974,P004,P004,27100,0,2018-05-31T00:00:00+00:00,planned,SET2
TABLET-WO-02975,P004,P004,40700,0,2018-05-24T00:00:00+00:00,planned,SET2
TABLET-WO-02976,P004,P004,35100,0,2018-05-03T00:00:00+00:00,planned,SET2
TABLET-WO-02977,P004,P004,34900,0,2018-05-17T00:00:00+00:00,planned,SET2
TABLET-WO-02978,P004,P004,0,0,2018-05-10T00:00:00+00:00,planned,SET2
TABLET-WO-02979,P004,P004,1000,0,2018-06-07T00:00:00+00:00,planned,SET2
TABLET-WO-02980,P004,P004,1100,0,2018-06-21T00:00:00+00:00,planned,SET2
TABLET-WO-02981,P004,P004,1400,0,2018-06-14T00:00:00+00:00,planned,SET2
TABLET-WO-02982,P004,P004,1100,0,2018-06-28T00:00:00+00:00,planned,SET2
TABLET-WO-02983,P004,P004,0,0,2018-07-12T00:00:00+00:00,planned,SET2
TABLET-WO-02984,P004,P004,0,0,2018-07-19T00:00:00+00:00,planned,SET2
TABLET-WO-02985,P004,P004,0,0,2018-07-26T00:00:00+00:00,planned,SET2
TABLET-WO-02986,P004,P004,0,0,2018-07-05T00:00:00+00:00,planned,SET2
TABLET-WO-02987,P004,P004,10200,0,2018-08-09T00:00:00+00:00,planned,SET2
TABLET-WO-02988,P004,P004,15500,0,2018-08-30T00:00:00+00:00,planned,SET2
TABLET-WO-02989,P004,P004,16800,0,2018-08-02T00:00:00+00:00,planned,SET2
TABLET-WO-02990,P004,P004,9900,0,2018-08-16T00:00:00+00:00,planned,SET2
TABLET-WO-02991,P004,P004,0,0,2018-08-23T00:00:00+00:00,planned,SET2
TABLET-WO-02992,P004,P004,0,0,2018-09-27T00:00:00+00:00,planned,SET2
TABLET-WO-02993,P004,P004,0,0,2018-09-06T00:00:00+00:00,planned,SET2
TABLET-WO-02994,P004,P004,0,0,2018-09-20T00:00:00+00:00,planned,SET2
TABLET-WO-02995,P004,P004,0,0,2018-09-13T00:00:00+00:00,planned,SET2
TABLET-WO-02996,P004,P004,25200,0,2018-10-18T00:00:00+00:00,planned,SET2
TABLET-WO-02997,P004,P004,32000,0,2018-10-04T00:00:00+00:00,planned,SET2
TABLET-WO-02998,P004,P004,28200,0,2018-10-11T00:00:00+00:00,planned,SET2
TABLET-WO-02999,P004,P004,30000,0,2018-10-25T00:00:00+00:00,planned,SET2
TABLET-WO-03000,P004,P004,94800,0,2018-11-22T00:00:00+00:00,planned,SET2
TABLET-WO-03001,P004,P004,112800,0,2018-11-01T00:00:00+00:00,planned,SET2
TABLET-WO-03002,P004,P004,82300,0,2018-11-08T00:00:00+00:00,planned,SET2
TABLET-WO-03003,P004,P004,111900,0,2018-11-29T00:00:00+00:00,planned,SET2
TABLET-WO-03004,P004,P004,98900,0,2018-11-15T00:00:00+00:00,planned,SET2
TABLET-WO-03005,P004,P004,0,0,2018-12-06T00:00:00+00:00,planned,SET2
TABLET-WO-03006,P004,P004,0,0,2018-12-27T00:00:00+00:00,planned,SET2
TABLET-WO-03007,P004,P004,0,0,2018-12-20T00:00:00+00:00,planned,SET2
TABLET-WO-03008,P004,P004,0,0,2018-12-13T00:00:00+00:00,planned,SET2
TABLET-WO-03009,P004,P004,83400,0,2019-01-03T00:00:00+00:00,planned,SET2
TABLET-WO-03010,P004,P004,133300,0,2019-01-10T00:00:00+00:00,planned,SET2
TABLET-WO-03011,P004,P004,77000,0,2019-01-17T00:00:00+00:00,planned,SET2
TABLET-WO-03012,P004,P004,102000,0,2019-01-31T00:00:00+00:00,planned,SET2
TABLET-WO-03013,P004,P004,107000,0,2019-01-24T00:00:00+00:00,planned,SET2
TABLET-WO-03014,P004,P004,51000,0,2019-02-28T00:00:00+00:00,planned,SET2
TABLET-WO-03015,P004,P004,86000,0,2019-02-07T00:00:00+00:00,planned,SET2
TABLET-WO-03016,P004,P004,91500,0,2019-02-14T00:00:00+00:00,planned,SET2
TABLET-WO-03017,P004,P004,55000,0,2019-02-21T00:00:00+00:00,planned,SET2
TABLET-WO-03018,P004,P004,0,0,2019-03-07T00:00:00+00:00,planned,SET2
TABLET-WO-03019,P004,P004,0,0,2019-03-28T00:00:00+00:00,planned,SET2
TABLET-WO-03020,P004,P004,0,0,2019-03-14T00:00:00+00:00,planned,SET2
TABLET-WO-03021,P004,P004,0,0,2019-03-21T00:00:00+00:00,planned,SET2
TABLET-WO-03022,P004,P004,38500,0,2019-04-11T00:00:00+00:00,planned,SET2
TABLET-WO-03023,P004,P004,31100,0,2019-04-25T00:00:00+00:00,planned,SET2
TABLET-WO-03024,P004,P004,42900,0,2019-04-18T00:00:00+00:00,planned,SET2
TABLET-WO-03025,P004,P004,0,0,2019-04-04T00:00:00+00:00,planned,SET2
TABLET-WO-03026,P004,P004,159300,0,2019-05-23T00:00:00+00:00,planned,SET2
TABLET-WO-03027,P004,P004,233700,0,2019-05-09T00:00:00+00:00,planned,SET2
TABLET-WO-03028,P004,P004,158900,0,2019-05-16T00:00:00+00:00,planned,SET2
TABLET-WO-03029,P004,P004,165900,0,2019-05-02T00:00:00+00:00,planned,SET2
TABLET-WO-03030,P004,P004,0,0,2019-05-30T00:00:00+00:00,planned,SET2
TABLET-WO-03031,P004,P004,0,0,2019-06-13T00:00:00+00:00,planned,SET2
TABLET-WO-03032,P004,P004,0,0,2019-06-06T00:00:00+00:00,planned,SET2
TABLET-WO-03033,P004,P004,0,0,2019-06-27T00:00:00+00:00,planned,SET2
TABLET-WO-03034,P004,P004,0,0,2019-06-20T00:00:00+00:00,planned,SET2
TABLET-WO-03035,P004,P004,71900,0,2019-07-25T00:00:00+00:00,planned,SET2
TABLET-WO-03036,P004,P004,40700,0,2019-07-18T00:00:00+00:00,planned,SET2
TABLET-WO-03037,P004,P004,47700,0,2019-07-04T00:00:00+00:00,planned,SET2
TABLET-WO-03038,P004,P004,55700,0,2019-07-11T00:00:00+00:00,planned,SET2
TABLET-WO-03039,P004,P004,125200,0,2019-08-29T00:00:00+00:00,planned,SET2
TABLET-WO-03040,P004,P004,133700,0,2019-08-08T00:00:00+00:00,planned,SET2
TABLET-WO-03041,P004,P004,157800,0,2019-08-01T00:00:00+00:00,planned,SET2
TABLET-WO-03042,P004,P004,82900,0,2019-08-22T00:00:00+00:00,planned,SET2
TABLET-WO-03043,P004,P004,0,0,2019-08-15T00:00:00+00:00,planned,SET2
TABLET-WO-03044,P004,P004,0,0,2019-09-26T00:00:00+00:00,planned,SET2
TABLET-WO-03045,P004,P004,0,0,2019-09-19T00:00:00+00:00,planned,SET2
TABLET-WO-03046,P004,P004,0,0,2019-09-12T00:00:00+00:00,planned,SET2
TABLET-WO-03047,P004,P004,0,0,2019-09-05T00:00:00+00:00,planned,SET2
TABLET-WO-03048,P004,P004,152700,0,2019-10-10T00:00:00+00:00,planned,SET2
TABLET-WO-03049,P004,P004,91400,0,2019-10-24T00:00:00+00:00,planned,SET2
TABLET-WO-03050,P004,P004,159900,0,2019-10-31T00:00:00+00:00,planned,SET2
TABLET-WO-03051,P004,P004,136000,0,2019-10-03T00:00:00+00:00,planned,SET2
TABLET-WO-03052,P004,P004,0,0,2019-10-17T00:00:00+00:00,planned,SET2
TABLET-WO-03053,P004,P004,16900,0,2019-11-07T00:00:00+00:00,planned,SET2
TABLET-WO-03054,P004,P004,17900,0,2019-11-28T00:00:00+00:00,planned,SET2
TABLET-WO-03055,P004,P004,29300,0,2019-11-21T00:00:00+00:00,planned,SET2
TABLET-WO-03056,P004,P004,30300,0,2019-11-14T00:00:00+00:00,planned,SET2
TABLET-WO-03057,P004,P004,0,0,2019-12-05T00:00:00+00:00,planned,SET2
TABLET-WO-03058,P004,P004,0,0,2019-12-12T00:00:00+00:00,planned,SET2
TABLET-WO-03059,P004,P004,0,0,2019-12-26T00:00:00+00:00,planned,SET2
TABLET-WO-03060,P004,P004,0,0,2019-12-19T00:00:00+00:00,planned,SET2
TABLET-WO-03061,P004,P004,143600,0,2020-01-23T00:00:00+00:00,planned,SET2
TABLET-WO-03062,P004,P004,136600,0,2020-01-16T00:00:00+00:00,planned,SET2
TABLET-WO-03063,P004,P004,153500,0,2020-01-09T00:00:00+00:00,planned,SET2
TABLET-WO-03064,P004,P004,158100,0,2020-01-02T00:00:00+00:00,planned,SET2
TABLET-WO-03065,P004,P004,0,0,2020-01-30T00:00:00+00:00,planned,SET2
TABLET-WO-03066,P004,P004,57200,0,2020-02-13T00:00:00+00:00,planned,SET2
TABLET-WO-03067,P004,P004,55700,0,2020-02-06T00:00:00+00:00,planned,SET2
TABLET-WO-03068,P004,P004,46400,0,2020-02-27T00:00:00+00:00,planned,SET2
TABLET-WO-03069,P004,P004,0,0,2020-02-20T00:00:00+00:00,planned,SET2
TABLET-WO-03070,P004,P004,0,0,2020-03-26T00:00:00+00:00,planned,SET2
TABLET-WO-03071,P004,P004,0,0,2020-03-19T00:00:00+00:00,planned,SET2
TABLET-WO-03072,P004,P004,0,0,2020-03-05T00:00:00+00:00,planned,SET2
TABLET-WO-03073,P004,P004,0,0,2020-03-12T00:00:00+00:00,planned,SET2
TABLET-WO-03074,P004,P004,91100,0,2020-04-02T00:00:00+00:00,planned,SET2
TABLET-WO-03075,P004,P004,50400,0,2020-04-30T00:00:00+00:00,planned,SET2
TABLET-WO-03076,P004,P004,80400,0,2020-04-23T00:00:00+00:00,planned,SET2
TABLET-WO-03077,P004,P004,69800,0,2020-04-09T00:00:00+00:00,planned,SET2
TABLET-WO-03078,P004,P004,53600,0,2020-04-16T00:00:00+00:00,planned,SET2
TABLET-WO-03079,P004,P004,0,0,2020-05-21T00:00:00+00:00,planned,SET2
TABLET-WO-03080,P004,P004,0,0,2020-05-28T00:00:00+00:00,planned,SET2
TABLET-WO-03081,P004,P004,0,0,2020-05-07T00:00:00+00:00,planned,SET2
TABLET-WO-03082,P004,P004,0,0,2020-05-14T00:00:00+00:00,planned,SET2
TABLET-WO-03083,P004,P004,78800,0,2020-06-04T00:00:00+00:00,planned,SET2
TABLET-WO-03084,P004,P004,105400,0,2020-06-11T00:00:00+00:00,planned,SET2
TABLET-WO-03085,P004,P004,57300,0,2020-06-25T00:00:00+00:00,planned,SET2
TABLET-WO-03086,P004,P004,62200,0,2020-06-18T00:00:00+00:00,planned,SET2
TABLET-WO-03087,P004,P004,71800,0,2020-07-02T00:00:00+00:00,planned,SET2
TABLET-WO-03088,P004,P004,75600,0,2020-07-30T00:00:00+00:00,planned,SET2
TABLET-WO-03089,P004,P004,69400,0,2020-07-23T00:00:00+00:00,planned,SET2
TABLET-WO-03090,P004,P004,48600,0,2020-07-09T00:00:00+00:00,planned,SET2
TABLET-WO-03091,P004,P004,59000,0,2020-07-16T00:00:00+00:00,planned,SET2
TABLET-WO-03092,P004,P004,0,0,2020-08-06T00:00:00+00:00,planned,SET2
TABLET-WO-03093,P004,P004,0,0,2020-08-13T00:00:00+00:00,planned,SET2
TABLET-WO-03094,P004,P004,0,0,2020-08-27T00:00:00+00:00,planned,SET2
TABLET-WO-03095,P004,P004,0,0,2020-08-20T00:00:00+00:00,planned,SET2
TABLET-WO-03096,P004,P004,27400,0,2020-09-17T00:00:00+00:00,planned,SET2
TABLET-WO-03097,P004,P004,28100,0,2020-09-03T00:00:00+00:00,planned,SET2
TABLET-WO-03098,P004,P004,39000,0,2020-09-24T00:00:00+00:00,planned,SET2
TABLET-WO-03099,P004,P004,0,0,2020-09-10T00:00:00+00:00,planned,SET2
TABLET-WO-03100,P004,P004,10200,0,2020-10-29T00:00:00+00:00,planned,SET2
TABLET-WO-03101,P004,P004,18200,0,2020-10-15T00:00:00+00:00,planned,SET2
TABLET-WO-03102,P004,P004,19500,0,2020-10-01T00:00:00+00:00,planned,SET2
TABLET-WO-03103,P004,P004,16200,0,2020-10-08T00:00:00+00:00,planned,SET2
TABLET-WO-03104,P004,P004,0,0,2020-10-22T00:00:00+00:00,planned,SET2
TABLET-WO-03105,P004,P004,0,0,2020-11-05T00:00:00+00:00,planned,SET2
TABLET-WO-03106,P004,P004,0,0,2020-11-12T00:00:00+00:00,planned,SET2
TABLET-WO-03107,P004,P004,0,0,2020-11-19T00:00:00+00:00,planned,SET2
TABLET-WO-03108,P004,P004,0,0,2020-11-26T00:00:00+00:00,planned,SET2
TABLET-WO-03109,P022,P022,4500,0,2018-02-08T00:00:00+00:00,planned,SET2
TABLET-WO-03110,P022,P022,4900,0,2018-02-22T00:00:00+00:00,planned,SET2
TABLET-WO-03111,P022,P022,5800,0,2018-02-15T00:00:00+00:00,planned,SET2
TABLET-WO-03112,P022,P022,0,0,2018-02-01T00:00:00+00:00,planned,SET2
TABLET-WO-03113,P022,P022,2700,0,2018-03-29T00:00:00+00:00,planned,SET2
TABLET-WO-03114,P022,P022,3900,0,2018-03-08T00:00:00+00:00,planned,SET2
TABLET-WO-03115,P022,P022,2500,0,2018-03-22T00:00:00+00:00,planned,SET2
TABLET-WO-03116,P022,P022,2300,0,2018-03-15T00:00:00+00:00,planned,SET2
TABLET-WO-03117,P022,P022,4000,0,2018-03-01T00:00:00+00:00,planned,SET2
TABLET-WO-03118,P022,P022,0,0,2018-04-26T00:00:00+00:00,planned,SET2
TABLET-WO-03119,P022,P022,0,0,2018-04-05T00:00:00+00:00,planned,SET2
TABLET-WO-03120,P022,P022,0,0,2018-04-12T00:00:00+00:00,planned,SET2
TABLET-WO-03121,P022,P022,0,0,2018-04-19T00:00:00+00:00,planned,SET2
TABLET-WO-03122,P022,P022,26600,0,2018-05-24T00:00:00+00:00,planned,SET2
TABLET-WO-03123,P022,P022,23000,0,2018-05-17T00:00:00+00:00,planned,SET2
TABLET-WO-03124,P022,P022,20800,0,2018-05-10T00:00:00+00:00,planned,SET2
TABLET-WO-03125,P022,P022,29600,0,2018-05-03T00:00:00+00:00,planned,SET2
TABLET-WO-03126,P022,P022,0,0,2018-05-31T00:00:00+00:00,planned,SET2
TABLET-WO-03127,P022,P022,31700,0,2018-06-14T00:00:00+00:00,planned,SET2
TABLET-WO-03128,P022,P022,27400,0,2018-06-07T00:00:00+00:00,planned,SET2
TABLET-WO-03129,P022,P022,21400,0,2018-06-28T00:00:00+00:00,planned,SET2
TABLET-WO-03130,P022,P022,26500,0,2018-06-21T00:00:00+00:00,planned,SET2
TABLET-WO-03131,P022,P022,0,0,2018-07-19T00:00:00+00:00,planned,SET2
TABLET-WO-03132,P022,P022,0,0,2018-07-12T00:00:00+00:00,planned,SET2
TABLET-WO-03133,P022,P022,0,0,2018-07-26T00:00:00+00:00,planned,SET2
TABLET-WO-03134,P022,P022,0,0,2018-07-05T00:00:00+00:00,planned,SET2
TABLET-WO-03135,P022,P022,8700,0,2018-08-23T00:00:00+00:00,planned,SET2
TABLET-WO-03136,P022,P022,10500,0,2018-08-02T00:00:00+00:00,planned,SET2
TABLET-WO-03137,P022,P022,9400,0,2018-08-16T00:00:00+00:00,planned,SET2
TABLET-WO-03138,P022,P022,9800,0,2018-08-09T00:00:00+00:00,planned,SET2
TABLET-WO-03139,P022,P022,9300,0,2018-08-30T00:00:00+00:00,planned,SET2
TABLET-WO-03140,P022,P022,0,0,2018-09-20T00:00:00+00:00,planned,SET2
TABLET-WO-03141,P022,P022,0,0,2018-09-27T00:00:00+00:00,planned,SET2
TABLET-WO-03142,P022,P022,0,0,2018-09-06T00:00:00+00:00,planned,SET2
TABLET-WO-03143,P022,P022,0,0,2018-09-13T00:00:00+00:00,planned,SET2
TABLET-WO-03144,P022,P022,4400,0,2018-10-25T00:00:00+00:00,planned,SET2
TABLET-WO-03145,P022,P022,3900,0,2018-10-18T00:00:00+00:00,planned,SET2
TABLET-WO-03146,P022,P022,2700,0,2018-10-04T00:00:00+00:00,planned,SET2
TABLET-WO-03147,P022,P022,0,0,2018-10-11T00:00:00+00:00,planned,SET2
TABLET-WO-03148,P022,P022,47300,0,2018-11-15T00:00:00+00:00,planned,SET2
TABLET-WO-03149,P022,P022,38700,0,2018-11-01T00:00:00+00:00,planned,SET2
TABLET-WO-03150,P022,P022,32800,0,2018-11-22T00:00:00+00:00,planned,SET2
TABLET-WO-03151,P022,P022,29200,0,2018-11-29T00:00:00+00:00,planned,SET2
TABLET-WO-03152,P022,P022,0,0,2018-11-08T00:00:00+00:00,planned,SET2
TABLET-WO-03153,P022,P022,0,0,2018-12-13T00:00:00+00:00,planned,SET2
TABLET-WO-03154,P022,P022,0,0,2018-12-06T00:00:00+00:00,planned,SET2
TABLET-WO-03155,P022,P022,0,0,2018-12-27T00:00:00+00:00,planned,SET2
TABLET-WO-03156,P022,P022,0,0,2018-12-20T00:00:00+00:00,planned,SET2
TABLET-WO-03157,P022,P022,21300,0,2019-01-03T00:00:00+00:00,planned,SET2
TABLET-WO-03158,P022,P022,21600,0,2019-01-31T00:00:00+00:00,planned,SET2
TABLET-WO-03159,P022,P022,19300,0,2019-01-10T00:00:00+00:00,planned,SET2
TABLET-WO-03160,P022,P022,16700,0,2019-01-24T00:00:00+00:00,planned,SET2
TABLET-WO-03161,P022,P022,20700,0,2019-01-17T00:00:00+00:00,planned,SET2
TABLET-WO-03162,P022,P022,10600,0,2019-02-21T00:00:00+00:00,planned,SET2
TABLET-WO-03163,P022,P022,15300,0,2019-02-14T00:00:00+00:00,planned,SET2
TABLET-WO-03164,P022,P022,12500,0,2019-02-28T00:00:00+00:00,planned,SET2
TABLET-WO-03165,P022,P022,10100,0,2019-02-07T00:00:00+00:00,planned,SET2
TABLET-WO-03166,P022,P022,0,0,2019-03-28T00:00:00+00:00,planned,SET2
TABLET-WO-03167,P022,P022,0,0,2019-03-14T00:00:00+00:00,planned,SET2
TABLET-WO-03168,P022,P022,0,0,2019-03-07T00:00:00+00:00,planned,SET2
TABLET-WO-03169,P022,P022,0,0,2019-03-21T00:00:00+00:00,planned,SET2
TABLET-WO-03170,P022,P022,5600,0,2019-04-25T00:00:00+00:00,planned,SET2
TABLET-WO-03171,P022,P022,6200,0,2019-04-04T00:00:00+00:00,planned,SET2
TABLET-WO-03172,P022,P022,6300,0,2019-04-18T00:00:00+00:00,planned,SET2
TABLET-WO-03173,P022,P022,9800,0,2019-04-11T00:00:00+00:00,planned,SET2
TABLET-WO-03174,P022,P022,77600,0,2019-05-16T00:00:00+00:00,planned,SET2
TABLET-WO-03175,P022,P022,74400,0,2019-05-02T00:00:00+00:00,planned,SET2
TABLET-WO-03176,P022,P022,67200,0,2019-05-30T00:00:00+00:00,planned,SET2
TABLET-WO-03177,P022,P022,66800,0,2019-05-23T00:00:00+00:00,planned,SET2
TABLET-WO-03178,P022,P022,0,0,2019-05-09T00:00:00+00:00,planned,SET2
TABLET-WO-03179,P022,P022,0,0,2019-06-27T00:00:00+00:00,planned,SET2
TABLET-WO-03180,P022,P022,0,0,2019-06-13T00:00:00+00:00,planned,SET2
TABLET-WO-03181,P022,P022,0,0,2019-06-20T00:00:00+00:00,planned,SET2
TABLET-WO-03182,P022,P022,0,0,2019-06-06T00:00:00+00:00,planned,SET2
TABLET-WO-03183,P022,P022,7900,0,2019-07-25T00:00:00+00:00,planned,SET2
TABLET-WO-03184,P022,P022,6200,0,2019-07-04T00:00:00+00:00,planned,SET2
TABLET-WO-03185,P022,P022,9300,0,2019-07-11T00:00:00+00:00,planned,SET2
TABLET-WO-03186,P022,P022,0,0,2019-07-18T00:00:00+00:00,planned,SET2
TABLET-WO-03187,P022,P022,21100,0,2019-08-01T00:00:00+00:00,planned,SET2
TABLET-WO-03188,P022,P022,19000,0,2019-08-15T00:00:00+00:00,planned,SET2
TABLET-WO-03189,P022,P022,17000,0,2019-08-08T00:00:00+00:00,planned,SET2
TABLET-WO-03190,P022,P022,18700,0,2019-08-29T00:00:00+00:00,planned,SET2
TABLET-WO-03191,P022,P022,14800,0,2019-08-22T00:00:00+00:00,planned,SET2
TABLET-WO-03192,P022,P022,0,0,2019-09-26T00:00:00+00:00,planned,SET2
TABLET-WO-03193,P022,P022,0,0,2019-09-05T00:00:00+00:00,planned,SET2
TABLET-WO-03194,P022,P022,0,0,2019-09-12T00:00:00+00:00,planned,SET2
TABLET-WO-03195,P022,P022,0,0,2019-09-19T00:00:00+00:00,planned,SET2
TABLET-WO-03196,P022,P022,25200,0,2019-10-24T00:00:00+00:00,planned,SET2
TABLET-WO-03197,P022,P022,39800,0,2019-10-17T00:00:00+00:00,planned,SET2
TABLET-WO-03198,P022,P022,32100,0,2019-10-03T00:00:00+00:00,planned,SET2
TABLET-WO-03199,P022,P022,36000,0,2019-10-31T00:00:00+00:00,planned,SET2
TABLET-WO-03200,P022,P022,0,0,2019-10-10T00:00:00+00:00,planned,SET2
TABLET-WO-03201,P022,P022,15100,0,2019-11-21T00:00:00+00:00,planned,SET2
TABLET-WO-03202,P022,P022,14000,0,2019-11-07T00:00:00+00:00,planned,SET2
TABLET-WO-03203,P022,P022,15000,0,2019-11-14T00:00:00+00:00,planned,SET2
TABLET-WO-03204,P022,P022,9000,0,2019-11-28T00:00:00+00:00,planned,SET2
TABLET-WO-03205,P022,P022,0,0,2019-12-19T00:00:00+00:00,planned,SET2
TABLET-WO-03206,P022,P022,0,0,2019-12-12T00:00:00+00:00,planned,SET2
TABLET-WO-03207,P022,P022,0,0,2019-12-26T00:00:00+00:00,planned,SET2
TABLET-WO-03208,P022,P022,0,0,2019-12-05T00:00:00+00:00,planned,SET2
TABLET-WO-03209,P022,P022,46900,0,2020-01-30T00:00:00+00:00,planned,SET2
TABLET-WO-03210,P022,P022,59500,0,2020-01-23T00:00:00+00:00,planned,SET2
TABLET-WO-03211,P022,P022,36500,0,2020-01-09T00:00:00+00:00,planned,SET2
TABLET-WO-03212,P022,P022,45100,0,2020-01-02T00:00:00+00:00,planned,SET2
TABLET-WO-03213,P022,P022,0,0,2020-01-16T00:00:00+00:00,planned,SET2
TABLET-WO-03214,P022,P022,72100,0,2020-02-13T00:00:00+00:00,planned,SET2
TABLET-WO-03215,P022,P022,58500,0,2020-02-27T00:00:00+00:00,planned,SET2
TABLET-WO-03216,P022,P022,81400,0,2020-02-20T00:00:00+00:00,planned,SET2
TABLET-WO-03217,P022,P022,0,0,2020-02-06T00:00:00+00:00,planned,SET2
TABLET-WO-03218,P022,P022,0,0,2020-03-26T00:00:00+00:00,planned,SET2
TABLET-WO-03219,P022,P022,0,0,2020-03-12T00:00:00+00:00,planned,SET2
TABLET-WO-03220,P022,P022,0,0,2020-03-05T00:00:00+00:00,planned,SET2
TABLET-WO-03221,P022,P022,0,0,2020-03-19T00:00:00+00:00,planned,SET2
TABLET-WO-03222,P022,P022,29000,0,2020-04-30T00:00:00+00:00,planned,SET2
TABLET-WO-03223,P022,P022,21000,0,2020-04-16T00:00:00+00:00,planned,SET2
TABLET-WO-03224,P022,P022,21100,0,2020-04-23T00:00:00+00:00,planned,SET2
TABLET-WO-03225,P022,P022,18500,0,2020-04-02T00:00:00+00:00,planned,SET2
TABLET-WO-03226,P022,P022,20400,0,2020-04-09T00:00:00+00:00,planned,SET2
TABLET-WO-03227,P022,P022,0,0,2020-05-07T00:00:00+00:00,planned,SET2
TABLET-WO-03228,P022,P022,0,0,2020-05-21T00:00:00+00:00,planned,SET2
TABLET-WO-03229,P022,P022,0,0,2020-05-28T00:00:00+00:00,planned,SET2
TABLET-WO-03230,P022,P022,0,0,2020-05-14T00:00:00+00:00,planned,SET2
TABLET-WO-03231,P022,P022,46400,0,2020-06-11T00:00:00+00:00,planned,SET2
TABLET-WO-03232,P022,P022,43600,0,2020-06-25T00:00:00+00:00,planned,SET2
TABLET-WO-03233,P022,P022,32000,0,2020-06-18T00:00:00+00:00,planned,SET2
TABLET-WO-03234,P022,P022,0,0,2020-06-04T00:00:00+00:00,planned,SET2
TABLET-WO-03235,P022,P022,45600,0,2020-07-02T00:00:00+00:00,planned,SET2
TABLET-WO-03236,P022,P022,38800,0,2020-07-09T00:00:00+00:00,planned,SET2
TABLET-WO-03237,P022,P022,52700,0,2020-07-23T00:00:00+00:00,planned,SET2
TABLET-WO-03238,P022,P022,29000,0,2020-07-30T00:00:00+00:00,planned,SET2
TABLET-WO-03239,P022,P022,0,0,2020-07-16T00:00:00+00:00,planned,SET2
TABLET-WO-03240,P022,P022,0,0,2020-08-27T00:00:00+00:00,planned,SET2
TABLET-WO-03241,P022,P022,0,0,2020-08-13T00:00:00+00:00,planned,SET2
TABLET-WO-03242,P022,P022,0,0,2020-08-06T00:00:00+00:00,planned,SET2
TABLET-WO-03243,P022,P022,0,0,2020-08-20T00:00:00+00:00,planned,SET2
TABLET-WO-03244,P022,P022,19700,0,2020-09-10T00:00:00+00:00,planned,SET2
TABLET-WO-03245,P022,P022,20900,0,2020-09-17T00:00:00+00:00,planned,SET2
TABLET-WO-03246,P022,P022,19400,0,2020-09-03T00:00:00+00:00,planned,SET2
TABLET-WO-03247,P022,P022,0,0,2020-09-24T00:00:00+00:00,planned,SET2
TABLET-WO-03248,P022,P022,76100,0,2020-10-08T00:00:00+00:00,planned,SET2
TABLET-WO-03249,P022,P022,68400,0,2020-10-22T00:00:00+00:00,planned,SET2
TABLET-WO-03250,P022,P022,67600,0,2020-10-15T00:00:00+00:00,planned,SET2
TABLET-WO-03251,P022,P022,81400,0,2020-10-01T00:00:00+00:00,planned,SET2
TABLET-WO-03252,P022,P022,0,0,2020-10-29T00:00:00+00:00,planned,SET2
TABLET-WO-03253,P022,P022,0,0,2020-11-19T00:00:00+00:00,planned,SET2
TABLET-WO-03254,P022,P022,0,0,2020-11-05T00:00:00+00:00,planned,SET2
TABLET-WO-03255,P022,P022,0,0,2020-11-26T00:00:00+00:00,planned,SET2
TABLET-WO-03256,P022,P022,0,0,2020-11-12T00:00:00+00:00,planned,SET2
TABLET-WO-03257,P005,P005,2200,0,2018-02-08T00:00:00+00:00,planned,SET5
TABLET-WO-03258,P005,P005,3800,0,2018-02-01T00:00:00+00:00,planned,SET5
TABLET-WO-03259,P005,P005,2800,0,2018-02-22T00:00:00+00:00,planned,SET5
TABLET-WO-03260,P005,P005,2400,0,2018-02-15T00:00:00+00:00,planned,SET5
TABLET-WO-03261,P005,P005,4400,0,2018-03-22T00:00:00+00:00,planned,SET5
TABLET-WO-03262,P005,P005,5100,0,2018-03-29T00:00:00+00:00,planned,SET5
TABLET-WO-03263,P005,P005,4100,0,2018-03-01T00:00:00+00:00,planned,SET5
TABLET-WO-03264,P005,P005,3400,0,2018-03-08T00:00:00+00:00,planned,SET5
TABLET-WO-03265,P005,P005,0,0,2018-03-15T00:00:00+00:00,planned,SET5
TABLET-WO-03266,P005,P005,0,0,2018-04-26T00:00:00+00:00,planned,SET5
TABLET-WO-03267,P005,P005,0,0,2018-04-19T00:00:00+00:00,planned,SET5
TABLET-WO-03268,P005,P005,0,0,2018-04-05T00:00:00+00:00,planned,SET5
TABLET-WO-03269,P005,P005,0,0,2018-04-12T00:00:00+00:00,planned,SET5
TABLET-WO-03270,P005,P005,3300,0,2018-05-24T00:00:00+00:00,planned,SET5
TABLET-WO-03271,P005,P005,3800,0,2018-05-31T00:00:00+00:00,planned,SET5
TABLET-WO-03272,P005,P005,2200,0,2018-05-17T00:00:00+00:00,planned,SET5
TABLET-WO-03273,P005,P005,2700,0,2018-05-03T00:00:00+00:00,planned,SET5
TABLET-WO-03274,P005,P005,2400,0,2018-05-10T00:00:00+00:00,planned,SET5
TABLET-WO-03275,P005,P005,1200,0,2018-06-07T00:00:00+00:00,planned,SET5
TABLET-WO-03276,P005,P005,1200,0,2018-06-28T00:00:00+00:00,planned,SET5
TABLET-WO-03277,P005,P005,2000,0,2018-06-21T00:00:00+00:00,planned,SET5
TABLET-WO-03278,P005,P005,0,0,2018-06-14T00:00:00+00:00,planned,SET5
TABLET-WO-03279,P005,P005,0,0,2018-07-12T00:00:00+00:00,planned,SET5
TABLET-WO-03280,P005,P005,0,0,2018-07-26T00:00:00+00:00,planned,SET5
TABLET-WO-03281,P005,P005,0,0,2018-07-19T00:00:00+00:00,planned,SET5
TABLET-WO-03282,P005,P005,0,0,2018-07-05T00:00:00+00:00,planned,SET5
TABLET-WO-03283,P005,P005,0,0,2018-08-16T00:00:00+00:00,planned,SET5
TABLET-WO-03284,P005,P005,0,0,2018-08-23T00:00:00+00:00,planned,SET5
TABLET-WO-03285,P005,P005,0,0,2018-08-09T00:00:00+00:00,planned,SET5
TABLET-WO-03286,P005,P005,0,0,2018-08-30T00:00:00+00:00,planned,SET5
TABLET-WO-03287,P005,P005,0,0,2018-08-02T00:00:00+00:00,planned,SET5
TABLET-WO-03288,P005,P005,0,0,2018-09-13T00:00:00+00:00,planned,SET5
TABLET-WO-03289,P005,P005,0,0,2018-09-27T00:00:00+00:00,planned,SET5
TABLET-WO-03290,P005,P005,0,0,2018-09-06T00:00:00+00:00,planned,SET5
TABLET-WO-03291,P005,P005,0,0,2018-09-20T00:00:00+00:00,planned,SET5
TABLET-WO-03292,P005,P005,0,0,2018-10-25T00:00:00+00:00,planned,SET5
TABLET-WO-03293,P005,P005,0,0,2018-10-04T00:00:00+00:00,planned,SET5
TABLET-WO-03294,P005,P005,0,0,2018-10-18T00:00:00+00:00,planned,SET5
TABLET-WO-03295,P005,P005,0,0,2018-10-11T00:00:00+00:00,planned,SET5
TABLET-WO-03296,P005,P005,4600,0,2018-11-29T00:00:00+00:00,planned,SET5
TABLET-WO-03297,P005,P005,5000,0,2018-11-15T00:00:00+00:00,planned,SET5
TABLET-WO-03298,P005,P005,3300,0,2018-11-08T00:00:00+00:00,planned,SET5
TABLET-WO-03299,P005,P005,3000,0,2018-11-01T00:00:00+00:00,planned,SET5
TABLET-WO-03300,P005,P005,3300,0,2018-11-22T00:00:00+00:00,planned,SET5
TABLET-WO-03301,P005,P005,0,0,2018-12-06T00:00:00+00:00,planned,SET5
TABLET-WO-03302,P005,P005,0,0,2018-12-20T00:00:00+00:00,planned,SET5
TABLET-WO-03303,P005,P005,0,0,2018-12-27T00:00:00+00:00,planned,SET5
TABLET-WO-03304,P005,P005,0,0,2018-12-13T00:00:00+00:00,planned,SET5
TABLET-WO-03305,P005,P005,600,0,2019-01-03T00:00:00+00:00,planned,SET5
TABLET-WO-03306,P005,P005,600,0,2019-01-31T00:00:00+00:00,planned,SET5
TABLET-WO-03307,P005,P005,700,0,2019-01-10T00:00:00+00:00,planned,SET5
TABLET-WO-03308,P005,P005,700,0,2019-01-24T00:00:00+00:00,planned,SET5
TABLET-WO-03309,P005,P005,0,0,2019-01-17T00:00:00+00:00,planned,SET5
TABLET-WO-03310,P005,P005,3100,0,2019-02-07T00:00:00+00:00,planned,SET5
TABLET-WO-03311,P005,P005,2500,0,2019-02-14T00:00:00+00:00,planned,SET5
TABLET-WO-03312,P005,P005,2500,0,2019-02-28T00:00:00+00:00,planned,SET5
TABLET-WO-03313,P005,P005,2700,0,2019-02-21T00:00:00+00:00,planned,SET5
TABLET-WO-03314,P005,P005,0,0,2019-03-28T00:00:00+00:00,planned,SET5
TABLET-WO-03315,P005,P005,0,0,2019-03-07T00:00:00+00:00,planned,SET5
TABLET-WO-03316,P005,P005,0,0,2019-03-14T00:00:00+00:00,planned,SET5
TABLET-WO-03317,P005,P005,0,0,2019-03-21T00:00:00+00:00,planned,SET5
TABLET-WO-03318,P005,P005,600,0,2019-04-11T00:00:00+00:00,planned,SET5
TABLET-WO-03319,P005,P005,300,0,2019-04-25T00:00:00+00:00,planned,SET5
TABLET-WO-03320,P005,P005,300,0,2019-04-18T00:00:00+00:00,planned,SET5
TABLET-WO-03321,P005,P005,0,0,2019-04-04T00:00:00+00:00,planned,SET5
TABLET-WO-03322,P005,P005,200,0,2019-05-30T00:00:00+00:00,planned,SET5
TABLET-WO-03323,P005,P005,200,0,2019-05-02T00:00:00+00:00,planned,SET5
TABLET-WO-03324,P005,P005,300,0,2019-05-16T00:00:00+00:00,planned,SET5
TABLET-WO-03325,P005,P005,200,0,2019-05-23T00:00:00+00:00,planned,SET5
TABLET-WO-03326,P005,P005,300,0,2019-05-09T00:00:00+00:00,planned,SET5
TABLET-WO-03327,P005,P005,0,0,2019-06-27T00:00:00+00:00,planned,SET5
TABLET-WO-03328,P005,P005,0,0,2019-06-20T00:00:00+00:00,planned,SET5
TABLET-WO-03329,P005,P005,0,0,2019-06-06T00:00:00+00:00,planned,SET5
TABLET-WO-03330,P005,P005,0,0,2019-06-13T00:00:00+00:00,planned,SET5
TABLET-WO-03331,P005,P005,1200,0,2019-07-25T00:00:00+00:00,planned,SET5
TABLET-WO-03332,P005,P005,1300,0,2019-07-18T00:00:00+00:00,planned,SET5
TABLET-WO-03333,P005,P005,1100,0,2019-07-11T00:00:00+00:00,planned,SET5
TABLET-WO-03334,P005,P005,0,0,2019-07-04T00:00:00+00:00,planned,SET5
TABLET-WO-03335,P005,P005,0,0,2019-08-22T00:00:00+00:00,planned,SET5
TABLET-WO-03336,P005,P005,0,0,2019-08-15T00:00:00+00:00,planned,SET5
TABLET-WO-03337,P005,P005,0,0,2019-08-29T00:00:00+00:00,planned,SET5
TABLET-WO-03338,P005,P005,0,0,2019-08-08T00:00:00+00:00,planned,SET5
TABLET-WO-03339,P005,P005,0,0,2019-08-01T00:00:00+00:00,planned,SET5
TABLET-WO-03340,P005,P005,0,0,2019-09-05T00:00:00+00:00,planned,SET5
TABLET-WO-03341,P005,P005,0,0,2019-09-12T00:00:00+00:00,planned,SET5
TABLET-WO-03342,P005,P005,0,0,2019-09-26T00:00:00+00:00,planned,SET5
TABLET-WO-03343,P005,P005,0,0,2019-09-19T00:00:00+00:00,planned,SET5
TABLET-WO-03344,P005,P005,500,0,2019-10-31T00:00:00+00:00,planned,SET5
TABLET-WO-03345,P005,P005,600,0,2019-10-03T00:00:00+00:00,planned,SET5
TABLET-WO-03346,P005,P005,400,0,2019-10-10T00:00:00+00:00,planned,SET5
TABLET-WO-03347,P005,P005,400,0,2019-10-17T00:00:00+00:00,planned,SET5
TABLET-WO-03348,P005,P005,400,0,2019-10-24T00:00:00+00:00,planned,SET5
TABLET-WO-03349,P005,P005,2800,0,2019-11-07T00:00:00+00:00,planned,SET5
TABLET-WO-03350,P005,P005,4600,0,2019-11-14T00:00:00+00:00,planned,SET5
TABLET-WO-03351,P005,P005,3500,0,2019-11-21T00:00:00+00:00,planned,SET5
TABLET-WO-03352,P005,P005,3700,0,2019-11-28T00:00:00+00:00,planned,SET5
TABLET-WO-03353,P005,P005,0,0,2019-12-19T00:00:00+00:00,planned,SET5
TABLET-WO-03354,P005,P005,0,0,2019-12-05T00:00:00+00:00,planned,SET5
TABLET-WO-03355,P005,P005,0,0,2019-12-26T00:00:00+00:00,planned,SET5
TABLET-WO-03356,P005,P005,0,0,2019-12-12T00:00:00+00:00,planned,SET5
TABLET-WO-03357,P005,P005,400,0,2020-01-16T00:00:00+00:00,planned,SET5
TABLET-WO-03358,P005,P005,300,0,2020-01-23T00:00:00+00:00,planned,SET5
TABLET-WO-03359,P005,P005,400,0,2020-01-30T00:00:00+00:00,planned,SET5
TABLET-WO-03360,P005,P005,400,0,2020-01-02T00:00:00+00:00,planned,SET5
TABLET-WO-03361,P005,P005,300,0,2020-01-09T00:00:00+00:00,planned,SET5
TABLET-WO-03362,P005,P005,100,0,2020-02-27T00:00:00+00:00,planned,SET5
TABLET-WO-03363,P005,P005,100,0,2020-02-06T00:00:00+00:00,planned,SET5
TABLET-WO-03364,P005,P005,100,0,2020-02-20T00:00:00+00:00,planned,SET5
TABLET-WO-03365,P005,P005,0,0,2020-02-13T00:00:00+00:00,planned,SET5
TABLET-WO-03366,P005,P005,0,0,2020-03-12T00:00:00+00:00,planned,SET5
TABLET-WO-03367,P005,P005,0,0,2020-03-26T00:00:00+00:00,planned,SET5
TABLET-WO-03368,P005,P005,0,0,2020-03-05T00:00:00+00:00,planned,SET5
TABLET-WO-03369,P005,P005,0,0,2020-03-19T00:00:00+00:00,planned,SET5
TABLET-WO-03370,P005,P005,1700,0,2020-04-16T00:00:00+00:00,planned,SET5
TABLET-WO-03371,P005,P005,1900,0,2020-04-23T00:00:00+00:00,planned,SET5
TABLET-WO-03372,P005,P005,1900,0,2020-04-09T00:00:00+00:00,planned,SET5
TABLET-WO-03373,P005,P005,1900,0,2020-04-30T00:00:00+00:00,planned,SET5
TABLET-WO-03374,P005,P005,0,0,2020-04-02T00:00:00+00:00,planned,SET5
TABLET-WO-03375,P005,P005,0,0,2020-05-14T00:00:00+00:00,planned,SET5
TABLET-WO-03376,P005,P005,0,0,2020-05-21T00:00:00+00:00,planned,SET5
TABLET-WO-03377,P005,P005,0,0,2020-05-28T00:00:00+00:00,planned,SET5
TABLET-WO-03378,P005,P005,0,0,2020-05-07T00:00:00+00:00,planned,SET5
TABLET-WO-03379,P005,P005,1400,0,2020-06-18T00:00:00+00:00,planned,SET5
TABLET-WO-03380,P005,P005,1600,0,2020-06-04T00:00:00+00:00,planned,SET5
TABLET-WO-03381,P005,P005,1600,0,2020-06-11T00:00:00+00:00,planned,SET5
TABLET-WO-03382,P005,P005,800,0,2020-06-25T00:00:00+00:00,planned,SET5
TABLET-WO-03383,P005,P005,3300,0,2020-07-30T00:00:00+00:00,planned,SET5
TABLET-WO-03384,P005,P005,3200,0,2020-07-09T00:00:00+00:00,planned,SET5
TABLET-WO-03385,P005,P005,2700,0,2020-07-16T00:00:00+00:00,planned,SET5
TABLET-WO-03386,P005,P005,2200,0,2020-07-23T00:00:00+00:00,planned,SET5
TABLET-WO-03387,P005,P005,2900,0,2020-07-02T00:00:00+00:00,planned,SET5
TABLET-WO-03388,P005,P005,0,0,2020-08-20T00:00:00+00:00,planned,SET5
TABLET-WO-03389,P005,P005,0,0,2020-08-06T00:00:00+00:00,planned,SET5
TABLET-WO-03390,P005,P005,0,0,2020-08-27T00:00:00+00:00,planned,SET5
TABLET-WO-03391,P005,P005,0,0,2020-08-13T00:00:00+00:00,planned,SET5
TABLET-WO-03392,P005,P005,200,0,2020-09-17T00:00:00+00:00,planned,SET5
TABLET-WO-03393,P005,P005,200,0,2020-09-10T00:00:00+00:00,planned,SET5
TABLET-WO-03394,P005,P005,200,0,2020-09-24T00:00:00+00:00,planned,SET5
TABLET-WO-03395,P005,P005,0,0,2020-09-03T00:00:00+00:00,planned,SET5
TABLET-WO-03396,P005,P005,1900,0,2020-10-08T00:00:00+00:00,planned,SET5
TABLET-WO-03397,P005,P005,1800,0,2020-10-22T00:00:00+00:00,planned,SET5
TABLET-WO-03398,P005,P005,2100,0,2020-10-15T00:00:00+00:00,planned,SET5
TABLET-WO-03399,P005,P005,2600,0,2020-10-01T00:00:00+00:00,planned,SET5
TABLET-WO-03400,P005,P005,2400,0,2020-10-29T00:00:00+00:00,planned,SET5
TABLET-WO-03401,P005,P005,0,0,2020-11-19T00:00:00+00:00,planned,SET5
TABLET-WO-03402,P005,P005,0,0,2020-11-26T00:00:00+00:00,planned,SET5
TABLET-WO-03403,P005,P005,0,0,2020-11-12T00:00:00+00:00,planned,SET5
TABLET-WO-03404,P005,P005,0,0,2020-11-05T00:00:00+00:00,planned,SET5
TABLET-WO-03405,P006,P006,200,0,2018-02-08T00:00:00+00:00,planned,SET5
TABLET-WO-03406,P006,P006,0,0,2018-02-01T00:00:00+00:00,planned,SET5
TABLET-WO-03407,P006,P006,100,0,2018-02-22T00:00:00+00:00,planned,SET5
TABLET-WO-03408,P006,P006,200,0,2018-02-15T00:00:00+00:00,planned,SET5
TABLET-WO-03409,P006,P006,1900,0,2018-03-22T00:00:00+00:00,planned,SET5
TABLET-WO-03410,P006,P006,3000,0,2018-03-29T00:00:00+00:00,planned,SET5
TABLET-WO-03411,P006,P006,3700,0,2018-03-01T00:00:00+00:00,planned,SET5
TABLET-WO-03412,P006,P006,2800,0,2018-03-08T00:00:00+00:00,planned,SET5
TABLET-WO-03413,P006,P006,2400,0,2018-03-15T00:00:00+00:00,planned,SET5
TABLET-WO-03414,P006,P006,0,0,2018-04-26T00:00:00+00:00,planned,SET5
TABLET-WO-03415,P006,P006,2300,0,2018-04-19T00:00:00+00:00,planned,SET5
TABLET-WO-03416,P006,P006,2900,0,2018-04-05T00:00:00+00:00,planned,SET5
TABLET-WO-03417,P006,P006,2900,0,2018-04-12T00:00:00+00:00,planned,SET5
TABLET-WO-03418,P006,P006,2000,0,2018-05-24T00:00:00+00:00,planned,SET5
TABLET-WO-03419,P006,P006,2900,0,2018-05-31T00:00:00+00:00,planned,SET5
TABLET-WO-03420,P006,P006,2800,0,2018-05-17T00:00:00+00:00,planned,SET5
TABLET-WO-03421,P006,P006,2500,0,2018-05-03T00:00:00+00:00,planned,SET5
TABLET-WO-03422,P006,P006,2800,0,2018-05-10T00:00:00+00:00,planned,SET5
TABLET-WO-03423,P006,P006,1000,0,2018-06-07T00:00:00+00:00,planned,SET5
TABLET-WO-03424,P006,P006,900,0,2018-06-28T00:00:00+00:00,planned,SET5
TABLET-WO-03425,P006,P006,1300,0,2018-06-21T00:00:00+00:00,planned,SET5
TABLET-WO-03426,P006,P006,800,0,2018-06-14T00:00:00+00:00,planned,SET5
TABLET-WO-03427,P006,P006,900,0,2018-07-12T00:00:00+00:00,planned,SET5
TABLET-WO-03428,P006,P006,1100,0,2018-07-26T00:00:00+00:00,planned,SET5
TABLET-WO-03429,P006,P006,1500,0,2018-07-19T00:00:00+00:00,planned,SET5
TABLET-WO-03430,P006,P006,1600,0,2018-07-05T00:00:00+00:00,planned,SET5
TABLET-WO-03431,P006,P006,1800,0,2018-08-16T00:00:00+00:00,planned,SET5
TABLET-WO-03432,P006,P006,1100,0,2018-08-23T00:00:00+00:00,planned,SET5
TABLET-WO-03433,P006,P006,1600,0,2018-08-09T00:00:00+00:00,planned,SET5
TABLET-WO-03434,P006,P006,1200,0,2018-08-30T00:00:00+00:00,planned,SET5
TABLET-WO-03435,P006,P006,1900,0,2018-08-02T00:00:00+00:00,planned,SET5
TABLET-WO-03436,P006,P006,1800,0,2018-09-13T00:00:00+00:00,planned,SET5
TABLET-WO-03437,P006,P006,0,0,2018-09-27T00:00:00+00:00,planned,SET5
TABLET-WO-03438,P006,P006,1900,0,2018-09-06T00:00:00+00:00,planned,SET5
TABLET-WO-03439,P006,P006,1700,0,2018-09-20T00:00:00+00:00,planned,SET5
TABLET-WO-03440,P006,P006,1600,0,2018-10-25T00:00:00+00:00,planned,SET5
TABLET-WO-03441,P006,P006,1400,0,2018-10-04T00:00:00+00:00,planned,SET5
TABLET-WO-03442,P006,P006,0,0,2018-10-18T00:00:00+00:00,planned,SET5
TABLET-WO-03443,P006,P006,1500,0,2018-10-11T00:00:00+00:00,planned,SET5
TABLET-WO-03444,P006,P006,2000,0,2018-11-29T00:00:00+00:00,planned,SET5
TABLET-WO-03445,P006,P006,1300,0,2018-11-15T00:00:00+00:00,planned,SET5
TABLET-WO-03446,P006,P006,2000,0,2018-11-08T00:00:00+00:00,planned,SET5
TABLET-WO-03447,P006,P006,2100,0,2018-11-01T00:00:00+00:00,planned,SET5
TABLET-WO-03448,P006,P006,1200,0,2018-11-22T00:00:00+00:00,planned,SET5
TABLET-WO-03449,P006,P006,0,0,2018-12-06T00:00:00+00:00,planned,SET5
TABLET-WO-03450,P006,P006,1600,0,2018-12-20T00:00:00+00:00,planned,SET5
TABLET-WO-03451,P006,P006,1700,0,2018-12-27T00:00:00+00:00,planned,SET5
TABLET-WO-03452,P006,P006,1800,0,2018-12-13T00:00:00+00:00,planned,SET5
TABLET-WO-03453,P006,P006,2300,0,2019-01-03T00:00:00+00:00,planned,SET5
TABLET-WO-03454,P006,P006,1900,0,2019-01-31T00:00:00+00:00,planned,SET5
TABLET-WO-03455,P006,P006,2100,0,2019-01-10T00:00:00+00:00,planned,SET5
TABLET-WO-03456,P006,P006,1500,0,2019-01-24T00:00:00+00:00,planned,SET5
TABLET-WO-03457,P006,P006,2700,0,2019-01-17T00:00:00+00:00,planned,SET5
TABLET-WO-03458,P006,P006,2500,0,2019-02-07T00:00:00+00:00,planned,SET5
TABLET-WO-03459,P006,P006,2800,0,2019-02-14T00:00:00+00:00,planned,SET5
TABLET-WO-03460,P006,P006,3800,0,2019-02-28T00:00:00+00:00,planned,SET5
TABLET-WO-03461,P006,P006,3400,0,2019-02-21T00:00:00+00:00,planned,SET5
TABLET-WO-03462,P006,P006,3200,0,2019-03-28T00:00:00+00:00,planned,SET5
TABLET-WO-03463,P006,P006,3100,0,2019-03-07T00:00:00+00:00,planned,SET5
TABLET-WO-03464,P006,P006,2500,0,2019-03-14T00:00:00+00:00,planned,SET5
TABLET-WO-03465,P006,P006,2200,0,2019-03-21T00:00:00+00:00,planned,SET5
TABLET-WO-03466,P006,P006,1500,0,2019-04-11T00:00:00+00:00,planned,SET5
TABLET-WO-03467,P006,P006,1500,0,2019-04-25T00:00:00+00:00,planned,SET5
TABLET-WO-03468,P006,P006,2500,0,2019-04-18T00:00:00+00:00,planned,SET5
TABLET-WO-03469,P006,P006,1600,0,2019-04-04T00:00:00+00:00,planned,SET5
TABLET-WO-03470,P006,P006,1400,0,2019-05-30T00:00:00+00:00,planned,SET5
TABLET-WO-03471,P006,P006,0,0,2019-05-02T00:00:00+00:00,planned,SET5
TABLET-WO-03472,P006,P006,1600,0,2019-05-16T00:00:00+00:00,planned,SET5
TABLET-WO-03473,P006,P006,1300,0,2019-05-23T00:00:00+00:00,planned,SET5
TABLET-WO-03474,P006,P006,2000,0,2019-05-09T00:00:00+00:00,planned,SET5
TABLET-WO-03475,P006,P006,0,0,2019-06-27T00:00:00+00:00,planned,SET5
TABLET-WO-03476,P006,P006,2200,0,2019-06-20T00:00:00+00:00,planned,SET5
TABLET-WO-03477,P006,P006,2300,0,2019-06-06T00:00:00+00:00,planned,SET5
TABLET-WO-03478,P006,P006,1800,0,2019-06-13T00:00:00+00:00,planned,SET5
TABLET-WO-03479,P006,P006,1600,0,2019-07-25T00:00:00+00:00,planned,SET5
TABLET-WO-03480,P006,P006,0,0,2019-07-18T00:00:00+00:00,planned,SET5
TABLET-WO-03481,P006,P006,1800,0,2019-07-11T00:00:00+00:00,planned,SET5
TABLET-WO-03482,P006,P006,1600,0,2019-07-04T00:00:00+00:00,planned,SET5
TABLET-WO-03483,P006,P006,0,0,2019-08-22T00:00:00+00:00,planned,SET5
TABLET-WO-03484,P006,P006,2800,0,2019-08-15T00:00:00+00:00,planned,SET5
TABLET-WO-03485,P006,P006,2800,0,2019-08-29T00:00:00+00:00,planned,SET5
TABLET-WO-03486,P006,P006,2400,0,2019-08-08T00:00:00+00:00,planned,SET5
TABLET-WO-03487,P006,P006,2000,0,2019-08-01T00:00:00+00:00,planned,SET5
TABLET-WO-03488,P006,P006,0,0,2019-09-05T00:00:00+00:00,planned,SET5
TABLET-WO-03489,P006,P006,0,0,2019-09-12T00:00:00+00:00,planned,SET5
TABLET-WO-03490,P006,P006,2200,0,2019-09-26T00:00:00+00:00,planned,SET5
TABLET-WO-03491,P006,P006,2900,0,2019-09-19T00:00:00+00:00,planned,SET5
TABLET-WO-03492,P006,P006,3000,0,2019-10-31T00:00:00+00:00,planned,SET5
TABLET-WO-03493,P006,P006,3800,0,2019-10-03T00:00:00+00:00,planned,SET5
TABLET-WO-03494,P006,P006,3400,0,2019-10-10T00:00:00+00:00,planned,SET5
TABLET-WO-03495,P006,P006,3600,0,2019-10-17T00:00:00+00:00,planned,SET5
TABLET-WO-03496,P006,P006,4800,0,2019-10-24T00:00:00+00:00,planned,SET5
TABLET-WO-03497,P006,P006,0,0,2019-11-07T00:00:00+00:00,planned,SET5
TABLET-WO-03498,P006,P006,1900,0,2019-11-14T00:00:00+00:00,planned,SET5
TABLET-WO-03499,P006,P006,2300,0,2019-11-21T00:00:00+00:00,planned,SET5
TABLET-WO-03500,P006,P006,1600,0,2019-11-28T00:00:00+00:00,planned,SET5
TABLET-WO-03501,P006,P006,0,0,2019-12-19T00:00:00+00:00,planned,SET5
TABLET-WO-03502,P006,P006,2900,0,2019-12-05T00:00:00+00:00,planned,SET5
TABLET-WO-03503,P006,P006,3300,0,2019-12-26T00:00:00+00:00,planned,SET5
TABLET-WO-03504,P006,P006,4800,0,2019-12-12T00:00:00+00:00,planned,SET5
TABLET-WO-03505,P006,P006,6600,0,2020-01-16T00:00:00+00:00,planned,SET5
TABLET-WO-03506,P006,P006,6700,0,2020-01-23T00:00:00+00:00,planned,SET5
TABLET-WO-03507,P006,P006,5200,0,2020-01-30T00:00:00+00:00,planned,SET5
TABLET-WO-03508,P006,P006,5500,0,2020-01-02T00:00:00+00:00,planned,SET5
TABLET-WO-03509,P006,P006,0,0,2020-01-09T00:00:00+00:00,planned,SET5
TABLET-WO-03510,P006,P006,300,0,2020-02-27T00:00:00+00:00,planned,SET5
TABLET-WO-03511,P006,P006,0,0,2020-02-06T00:00:00+00:00,planned,SET5
TABLET-WO-03512,P006,P006,300,0,2020-02-20T00:00:00+00:00,planned,SET5
TABLET-WO-03513,P006,P006,400,0,2020-02-13T00:00:00+00:00,planned,SET5
TABLET-WO-03514,P006,P006,0,0,2020-03-12T00:00:00+00:00,planned,SET5
TABLET-WO-03515,P006,P006,0,0,2020-03-26T00:00:00+00:00,planned,SET5
TABLET-WO-03516,P006,P006,0,0,2020-03-05T00:00:00+00:00,planned,SET5
TABLET-WO-03517,P006,P006,0,0,2020-03-19T00:00:00+00:00,planned,SET5
TABLET-WO-03518,P006,P006,3100,0,2020-04-16T00:00:00+00:00,planned,SET5
TABLET-WO-03519,P006,P006,2400,0,2020-04-23T00:00:00+00:00,planned,SET5
TABLET-WO-03520,P006,P006,2200,0,2020-04-09T00:00:00+00:00,planned,SET5
TABLET-WO-03521,P006,P006,0,0,2020-04-30T00:00:00+00:00,planned,SET5
TABLET-WO-03522,P006,P006,2500,0,2020-04-02T00:00:00+00:00,planned,SET5
TABLET-WO-03523,P006,P006,0,0,2020-05-14T00:00:00+00:00,planned,SET5
TABLET-WO-03524,P006,P006,2400,0,2020-05-21T00:00:00+00:00,planned,SET5
TABLET-WO-03525,P006,P006,2200,0,2020-05-28T00:00:00+00:00,planned,SET5
TABLET-WO-03526,P006,P006,1500,0,2020-05-07T00:00:00+00:00,planned,SET5
TABLET-WO-03527,P006,P006,1200,0,2020-06-18T00:00:00+00:00,planned,SET5
TABLET-WO-03528,P006,P006,300,0,2020-06-04T00:00:00+00:00,planned,SET5
TABLET-WO-03529,P006,P006,300,0,2020-06-11T00:00:00+00:00,planned,SET5
TABLET-WO-03530,P006,P006,400,0,2020-06-25T00:00:00+00:00,planned,SET5
TABLET-WO-03531,P006,P006,3200,0,2020-07-30T00:00:00+00:00,planned,SET5
TABLET-WO-03532,P006,P006,4900,0,2020-07-09T00:00:00+00:00,planned,SET5
TABLET-WO-03533,P006,P006,3000,0,2020-07-16T00:00:00+00:00,planned,SET5
TABLET-WO-03534,P006,P006,5100,0,2020-07-23T00:00:00+00:00,planned,SET5
TABLET-WO-03535,P006,P006,2800,0,2020-07-02T00:00:00+00:00,planned,SET5
TABLET-WO-03536,P006,P006,2300,0,2020-08-20T00:00:00+00:00,planned,SET5
TABLET-WO-03537,P006,P006,0,0,2020-08-06T00:00:00+00:00,planned,SET5
TABLET-WO-03538,P006,P006,1800,0,2020-08-27T00:00:00+00:00,planned,SET5
TABLET-WO-03539,P006,P006,0,0,2020-08-13T00:00:00+00:00,planned,SET5
TABLET-WO-03540,P006,P006,1600,0,2020-09-17T00:00:00+00:00,planned,SET5
TABLET-WO-03541,P006,P006,1100,0,2020-09-10T00:00:00+00:00,planned,SET5
TABLET-WO-03542,P006,P006,1100,0,2020-09-24T00:00:00+00:00,planned,SET5
TABLET-WO-03543,P006,P006,1200,0,2020-09-03T00:00:00+00:00,planned,SET5
TABLET-WO-03544,P006,P006,4900,0,2020-10-08T00:00:00+00:00,planned,SET5
TABLET-WO-03545,P006,P006,4600,0,2020-10-22T00:00:00+00:00,planned,SET5
TABLET-WO-03546,P006,P006,3500,0,2020-10-15T00:00:00+00:00,planned,SET5
TABLET-WO-03547,P006,P006,3100,0,2020-10-01T00:00:00+00:00,planned,SET5
TABLET-WO-03548,P006,P006,2600,0,2020-10-29T00:00:00+00:00,planned,SET5
TABLET-WO-03549,P006,P006,0,0,2020-11-19T00:00:00+00:00,planned,SET5
TABLET-WO-03550,P006,P006,2900,0,2020-11-26T00:00:00+00:00,planned,SET5
TABLET-WO-03551,P006,P006,3000,0,2020-11-12T00:00:00+00:00,planned,SET5
TABLET-WO-03552,P006,P006,3100,0,2020-11-05T00:00:00+00:00,planned,SET5
TABLET-WO-03553,P001,P001,0,0,2018-02-08T00:00:00+00:00,planned,SET5
TABLET-WO-03554,P001,P001,0,0,2018-02-15T00:00:00+00:00,planned,SET5
TABLET-WO-03555,P001,P001,0,0,2018-02-01T00:00:00+00:00,planned,SET5
TABLET-WO-03556,P001,P001,0,0,2018-02-22T00:00:00+00:00,planned,SET5
TABLET-WO-03557,P001,P001,200,0,2018-03-15T00:00:00+00:00,planned,SET5
TABLET-WO-03558,P001,P001,200,0,2018-03-29T00:00:00+00:00,planned,SET5
TABLET-WO-03559,P001,P001,200,0,2018-03-08T00:00:00+00:00,planned,SET5
TABLET-WO-03560,P001,P001,300,0,2018-03-22T00:00:00+00:00,planned,SET5
TABLET-WO-03561,P001,P001,0,0,2018-03-01T00:00:00+00:00,planned,SET5
TABLET-WO-03562,P001,P001,0,0,2018-04-19T00:00:00+00:00,planned,SET5
TABLET-WO-03563,P001,P001,0,0,2018-04-12T00:00:00+00:00,planned,SET5
TABLET-WO-03564,P001,P001,0,0,2018-04-05T00:00:00+00:00,planned,SET5
TABLET-WO-03565,P001,P001,0,0,2018-04-26T00:00:00+00:00,planned,SET5
TABLET-WO-03566,P001,P001,200,0,2018-05-24T00:00:00+00:00,planned,SET5
TABLET-WO-03567,P001,P001,300,0,2018-05-17T00:00:00+00:00,planned,SET5
TABLET-WO-03568,P001,P001,200,0,2018-05-31T00:00:00+00:00,planned,SET5
TABLET-WO-03569,P001,P001,300,0,2018-05-10T00:00:00+00:00,planned,SET5
TABLET-WO-03570,P001,P001,0,0,2018-05-03T00:00:00+00:00,planned,SET5
TABLET-WO-03571,P001,P001,100,0,2018-06-14T00:00:00+00:00,planned,SET5
TABLET-WO-03572,P001,P001,100,0,2018-06-07T00:00:00+00:00,planned,SET5
TABLET-WO-03573,P001,P001,0,0,2018-06-21T00:00:00+00:00,planned,SET5
TABLET-WO-03574,P001,P001,0,0,2018-06-28T00:00:00+00:00,planned,SET5
TABLET-WO-03575,P001,P001,0,0,2018-07-26T00:00:00+00:00,planned,SET5
TABLET-WO-03576,P001,P001,0,0,2018-07-05T00:00:00+00:00,planned,SET5
TABLET-WO-03577,P001,P001,0,0,2018-07-12T00:00:00+00:00,planned,SET5
TABLET-WO-03578,P001,P001,0,0,2018-07-19T00:00:00+00:00,planned,SET5
TABLET-WO-03579,P001,P001,1400,0,2018-08-16T00:00:00+00:00,planned,SET5
TABLET-WO-03580,P001,P001,1700,0,2018-08-09T00:00:00+00:00,planned,SET5
TABLET-WO-03581,P001,P001,1500,0,2018-08-23T00:00:00+00:00,planned,SET5
TABLET-WO-03582,P001,P001,1100,0,2018-08-02T00:00:00+00:00,planned,SET5
TABLET-WO-03583,P001,P001,0,0,2018-08-30T00:00:00+00:00,planned,SET5
TABLET-WO-03584,P001,P001,0,0,2018-09-20T00:00:00+00:00,planned,SET5
TABLET-WO-03585,P001,P001,0,0,2018-09-06T00:00:00+00:00,planned,SET5
TABLET-WO-03586,P001,P001,0,0,2018-09-13T00:00:00+00:00,planned,SET5
TABLET-WO-03587,P001,P001,0,0,2018-09-27T00:00:00+00:00,planned,SET5
TABLET-WO-03588,P001,P001,300,0,2018-10-25T00:00:00+00:00,planned,SET5
TABLET-WO-03589,P001,P001,300,0,2018-10-11T00:00:00+00:00,planned,SET5
TABLET-WO-03590,P001,P001,500,0,2018-10-18T00:00:00+00:00,planned,SET5
TABLET-WO-03591,P001,P001,0,0,2018-10-04T00:00:00+00:00,planned,SET5
TABLET-WO-03592,P001,P001,300,0,2018-11-08T00:00:00+00:00,planned,SET5
TABLET-WO-03593,P001,P001,300,0,2018-11-22T00:00:00+00:00,planned,SET5
TABLET-WO-03594,P001,P001,400,0,2018-11-01T00:00:00+00:00,planned,SET5
TABLET-WO-03595,P001,P001,200,0,2018-11-29T00:00:00+00:00,planned,SET5
TABLET-WO-03596,P001,P001,200,0,2018-11-15T00:00:00+00:00,planned,SET5
TABLET-WO-03597,P001,P001,0,0,2018-12-06T00:00:00+00:00,planned,SET5
TABLET-WO-03598,P001,P001,0,0,2018-12-20T00:00:00+00:00,planned,SET5
TABLET-WO-03599,P001,P001,0,0,2018-12-13T00:00:00+00:00,planned,SET5
TABLET-WO-03600,P001,P001,0,0,2018-12-27T00:00:00+00:00,planned,SET5
TABLET-WO-03601,P001,P001,0,0,2019-01-03T00:00:00+00:00,planned,SET5
TABLET-WO-03602,P001,P001,0,0,2019-01-10T00:00:00+00:00,planned,SET5
TABLET-WO-03603,P001,P001,100,0,2019-01-24T00:00:00+00:00,planned,SET5
TABLET-WO-03604,P001,P001,0,0,2019-01-17T00:00:00+00:00,planned,SET5
TABLET-WO-03605,P001,P001,0,0,2019-01-31T00:00:00+00:00,planned,SET5
TABLET-WO-03606,P001,P001,100,0,2019-02-14T00:00:00+00:00,planned,SET5
TABLET-WO-03607,P001,P001,100,0,2019-02-21T00:00:00+00:00,planned,SET5
TABLET-WO-03608,P001,P001,100,0,2019-02-07T00:00:00+00:00,planned,SET5
TABLET-WO-03609,P001,P001,100,0,2019-02-28T00:00:00+00:00,planned,SET5
TABLET-WO-03610,P001,P001,0,0,2019-03-21T00:00:00+00:00,planned,SET5
TABLET-WO-03611,P001,P001,0,0,2019-03-28T00:00:00+00:00,planned,SET5
TABLET-WO-03612,P001,P001,0,0,2019-03-07T00:00:00+00:00,planned,SET5
TABLET-WO-03613,P001,P001,0,0,2019-03-14T00:00:00+00:00,planned,SET5
TABLET-WO-03614,P001,P001,100,0,2019-04-18T00:00:00+00:00,planned,SET5
TABLET-WO-03615,P001,P001,0,0,2019-04-04T00:00:00+00:00,planned,SET5
TABLET-WO-03616,P001,P001,0,0,2019-04-11T00:00:00+00:00,planned,SET5
TABLET-WO-03617,P001,P001,0,0,2019-04-25T00:00:00+00:00,planned,SET5
TABLET-WO-03618,P001,P001,300,0,2019-05-02T00:00:00+00:00,planned,SET5
TABLET-WO-03619,P001,P001,400,0,2019-05-23T00:00:00+00:00,planned,SET5
TABLET-WO-03620,P001,P001,300,0,2019-05-09T00:00:00+00:00,planned,SET5
TABLET-WO-03621,P001,P001,400,0,2019-05-30T00:00:00+00:00,planned,SET5
TABLET-WO-03622,P001,P001,0,0,2019-05-16T00:00:00+00:00,planned,SET5
TABLET-WO-03623,P001,P001,0,0,2019-06-20T00:00:00+00:00,planned,SET5
TABLET-WO-03624,P001,P001,0,0,2019-06-27T00:00:00+00:00,planned,SET5
TABLET-WO-03625,P001,P001,0,0,2019-06-06T00:00:00+00:00,planned,SET5
TABLET-WO-03626,P001,P001,0,0,2019-06-13T00:00:00+00:00,planned,SET5
TABLET-WO-03627,P001,P001,0,0,2019-07-04T00:00:00+00:00,planned,SET5
TABLET-WO-03628,P001,P001,0,0,2019-07-11T00:00:00+00:00,planned,SET5
TABLET-WO-03629,P001,P001,0,0,2019-07-18T00:00:00+00:00,planned,SET5
TABLET-WO-03630,P001,P001,0,0,2019-07-25T00:00:00+00:00,planned,SET5
TABLET-WO-03631,P001,P001,1600,0,2019-08-15T00:00:00+00:00,planned,SET5
TABLET-WO-03632,P001,P001,2300,0,2019-08-01T00:00:00+00:00,planned,SET5
TABLET-WO-03633,P001,P001,1500,0,2019-08-08T00:00:00+00:00,planned,SET5
TABLET-WO-03634,P001,P001,1400,0,2019-08-29T00:00:00+00:00,planned,SET5
TABLET-WO-03635,P001,P001,0,0,2019-08-22T00:00:00+00:00,planned,SET5
TABLET-WO-03636,P001,P001,0,0,2019-09-19T00:00:00+00:00,planned,SET5
TABLET-WO-03637,P001,P001,0,0,2019-09-12T00:00:00+00:00,planned,SET5
TABLET-WO-03638,P001,P001,0,0,2019-09-05T00:00:00+00:00,planned,SET5
TABLET-WO-03639,P001,P001,0,0,2019-09-26T00:00:00+00:00,planned,SET5
TABLET-WO-03640,P001,P001,300,0,2019-10-24T00:00:00+00:00,planned,SET5
TABLET-WO-03641,P001,P001,300,0,2019-10-03T00:00:00+00:00,planned,SET5
TABLET-WO-03642,P001,P001,400,0,2019-10-10T00:00:00+00:00,planned,SET5
TABLET-WO-03643,P001,P001,200,0,2019-10-17T00:00:00+00:00,planned,SET5
TABLET-WO-03644,P001,P001,200,0,2019-10-31T00:00:00+00:00,planned,SET5
TABLET-WO-03645,P001,P001,0,0,2019-11-14T00:00:00+00:00,planned,SET5
TABLET-WO-03646,P001,P001,0,0,2019-11-28T00:00:00+00:00,planned,SET5
TABLET-WO-03647,P001,P001,100,0,2019-11-07T00:00:00+00:00,planned,SET5
TABLET-WO-03648,P001,P001,100,0,2019-11-21T00:00:00+00:00,planned,SET5
TABLET-WO-03649,P001,P001,0,0,2019-12-05T00:00:00+00:00,planned,SET5
TABLET-WO-03650,P001,P001,0,0,2019-12-12T00:00:00+00:00,planned,SET5
TABLET-WO-03651,P001,P001,0,0,2019-12-19T00:00:00+00:00,planned,SET5
TABLET-WO-03652,P001,P001,0,0,2019-12-26T00:00:00+00:00,planned,SET5
TABLET-WO-03653,P001,P001,800,0,2020-01-16T00:00:00+00:00,planned,SET5
TABLET-WO-03654,P001,P001,900,0,2020-01-23T00:00:00+00:00,planned,SET5
TABLET-WO-03655,P001,P001,700,0,2020-01-30T00:00:00+00:00,planned,SET5
TABLET-WO-03656,P001,P001,900,0,2020-01-02T00:00:00+00:00,planned,SET5
TABLET-WO-03657,P001,P001,800,0,2020-01-09T00:00:00+00:00,planned,SET5
TABLET-WO-03658,P001,P001,200,0,2020-02-20T00:00:00+00:00,planned,SET5
TABLET-WO-03659,P001,P001,200,0,2020-02-06T00:00:00+00:00,planned,SET5
TABLET-WO-03660,P001,P001,200,0,2020-02-13T00:00:00+00:00,planned,SET5
TABLET-WO-03661,P001,P001,100,0,2020-02-27T00:00:00+00:00,planned,SET5
TABLET-WO-03662,P001,P001,0,0,2020-03-12T00:00:00+00:00,planned,SET5
TABLET-WO-03663,P001,P001,0,0,2020-03-26T00:00:00+00:00,planned,SET5
TABLET-WO-03664,P001,P001,0,0,2020-03-05T00:00:00+00:00,planned,SET5
TABLET-WO-03665,P001,P001,0,0,2020-03-19T00:00:00+00:00,planned,SET5
TABLET-WO-03666,P001,P001,1100,0,2020-04-02T00:00:00+00:00,planned,SET5
TABLET-WO-03667,P001,P001,1900,0,2020-04-30T00:00:00+00:00,planned,SET5
TABLET-WO-03668,P001,P001,1800,0,2020-04-16T00:00:00+00:00,planned,SET5
TABLET-WO-03669,P001,P001,1600,0,2020-04-09T00:00:00+00:00,planned,SET5
TABLET-WO-03670,P001,P001,0,0,2020-04-23T00:00:00+00:00,planned,SET5
TABLET-WO-03671,P001,P001,0,0,2020-05-21T00:00:00+00:00,planned,SET5
TABLET-WO-03672,P001,P001,0,0,2020-05-28T00:00:00+00:00,planned,SET5
TABLET-WO-03673,P001,P001,0,0,2020-05-07T00:00:00+00:00,planned,SET5
TABLET-WO-03674,P001,P001,0,0,2020-05-14T00:00:00+00:00,planned,SET5
TABLET-WO-03675,P001,P001,300,0,2020-06-18T00:00:00+00:00,planned,SET5
TABLET-WO-03676,P001,P001,400,0,2020-06-11T00:00:00+00:00,planned,SET5
TABLET-WO-03677,P001,P001,300,0,2020-06-04T00:00:00+00:00,planned,SET5
TABLET-WO-03678,P001,P001,0,0,2020-06-25T00:00:00+00:00,planned,SET5
TABLET-WO-03679,P001,P001,1800,0,2020-07-16T00:00:00+00:00,planned,SET5
TABLET-WO-03680,P001,P001,1800,0,2020-07-02T00:00:00+00:00,planned,SET5
TABLET-WO-03681,P001,P001,1800,0,2020-07-23T00:00:00+00:00,planned,SET5
TABLET-WO-03682,P001,P001,1900,0,2020-07-09T00:00:00+00:00,planned,SET5
TABLET-WO-03683,P001,P001,1100,0,2020-07-30T00:00:00+00:00,planned,SET5
TABLET-WO-03684,P001,P001,0,0,2020-08-27T00:00:00+00:00,planned,SET5
TABLET-WO-03685,P001,P001,0,0,2020-08-06T00:00:00+00:00,planned,SET5
TABLET-WO-03686,P001,P001,0,0,2020-08-20T00:00:00+00:00,planned,SET5
TABLET-WO-03687,P001,P001,0,0,2020-08-13T00:00:00+00:00,planned,SET5
TABLET-WO-03688,P001,P001,200,0,2020-09-17T00:00:00+00:00,planned,SET5
TABLET-WO-03689,P001,P001,200,0,2020-09-24T00:00:00+00:00,planned,SET5
TABLET-WO-03690,P001,P001,200,0,2020-09-03T00:00:00+00:00,planned,SET5
TABLET-WO-03691,P001,P001,0,0,2020-09-10T00:00:00+00:00,planned,SET5
TABLET-WO-03692,P001,P001,100,0,2020-10-22T00:00:00+00:00,planned,SET5
TABLET-WO-03693,P001,P001,100,0,2020-10-15T00:00:00+00:00,planned,SET5
TABLET-WO-03694,P001,P001,100,0,2020-10-01T00:00:00+00:00,planned,SET5
TABLET-WO-03695,P001,P001,100,0,2020-10-08T00:00:00+00:00,planned,SET5
TABLET-WO-03696,P001,P001,100,0,2020-10-29T00:00:00+00:00,planned,SET5
TABLET-WO-03697,P001,P001,0,0,2020-11-26T00:00:00+00:00,planned,SET5
TABLET-WO-03698,P001,P001,0,0,2020-11-19T00:00:00+00:00,planned,SET5
TABLET-WO-03699,P001,P001,0,0,2020-11-12T00:00:00+00:00,planned,SET5
TABLET-WO-03700,P001,P001,0,0,2020-11-05T00:00:00+00:00,planned,SET5
TABLET-WO-03701,P003,P003,0,0,2018-02-08T00:00:00+00:00,planned,SET5
TABLET-WO-03702,P003,P003,138600,0,2018-02-01T00:00:00+00:00,planned,SET5
TABLET-WO-03703,P003,P003,154100,0,2018-02-22T00:00:00+00:00,planned,SET5
TABLET-WO-03704,P003,P003,107300,0,2018-02-15T00:00:00+00:00,planned,SET5
TABLET-WO-03705,P003,P003,44200,0,2018-03-22T00:00:00+00:00,planned,SET5
TABLET-WO-03706,P003,P003,43200,0,2018-03-29T00:00:00+00:00,planned,SET5
TABLET-WO-03707,P003,P003,0,0,2018-03-01T00:00:00+00:00,planned,SET5
TABLET-WO-03708,P003,P003,60500,0,2018-03-08T00:00:00+00:00,planned,SET5
TABLET-WO-03709,P003,P003,52100,0,2018-03-15T00:00:00+00:00,planned,SET5
TABLET-WO-03710,P003,P003,55000,0,2018-04-26T00:00:00+00:00,planned,SET5
TABLET-WO-03711,P003,P003,54900,0,2018-04-19T00:00:00+00:00,planned,SET5
TABLET-WO-03712,P003,P003,51900,0,2018-04-05T00:00:00+00:00,planned,SET5
TABLET-WO-03713,P003,P003,45700,0,2018-04-12T00:00:00+00:00,planned,SET5
TABLET-WO-03714,P003,P003,38900,0,2018-05-24T00:00:00+00:00,planned,SET5
TABLET-WO-03715,P003,P003,52500,0,2018-05-31T00:00:00+00:00,planned,SET5
TABLET-WO-03716,P003,P003,41700,0,2018-05-17T00:00:00+00:00,planned,SET5
TABLET-WO-03717,P003,P003,29300,0,2018-05-03T00:00:00+00:00,planned,SET5
TABLET-WO-03718,P003,P003,37600,0,2018-05-10T00:00:00+00:00,planned,SET5
TABLET-WO-03719,P003,P003,33000,0,2018-06-07T00:00:00+00:00,planned,SET5
TABLET-WO-03720,P003,P003,35900,0,2018-06-28T00:00:00+00:00,planned,SET5
TABLET-WO-03721,P003,P003,41000,0,2018-06-21T00:00:00+00:00,planned,SET5
TABLET-WO-03722,P003,P003,40500,0,2018-06-14T00:00:00+00:00,planned,SET5
TABLET-WO-03723,P003,P003,46900,0,2018-07-12T00:00:00+00:00,planned,SET5
TABLET-WO-03724,P003,P003,51900,0,2018-07-26T00:00:00+00:00,planned,SET5
TABLET-WO-03725,P003,P003,55900,0,2018-07-19T00:00:00+00:00,planned,SET5
TABLET-WO-03726,P003,P003,61100,0,2018-07-05T00:00:00+00:00,planned,SET5
TABLET-WO-03727,P003,P003,70200,0,2018-08-16T00:00:00+00:00,planned,SET5
TABLET-WO-03728,P003,P003,67700,0,2018-08-23T00:00:00+00:00,planned,SET5
TABLET-WO-03729,P003,P003,75700,0,2018-08-09T00:00:00+00:00,planned,SET5
TABLET-WO-03730,P003,P003,96400,0,2018-08-30T00:00:00+00:00,planned,SET5
TABLET-WO-03731,P003,P003,90000,0,2018-08-02T00:00:00+00:00,planned,SET5
TABLET-WO-03732,P003,P003,61000,0,2018-09-13T00:00:00+00:00,planned,SET5
TABLET-WO-03733,P003,P003,40200,0,2018-09-27T00:00:00+00:00,planned,SET5
TABLET-WO-03734,P003,P003,41100,0,2018-09-06T00:00:00+00:00,planned,SET5
TABLET-WO-03735,P003,P003,42500,0,2018-09-20T00:00:00+00:00,planned,SET5
TABLET-WO-03736,P003,P003,49100,0,2018-10-25T00:00:00+00:00,planned,SET5
TABLET-WO-03737,P003,P003,47600,0,2018-10-04T00:00:00+00:00,planned,SET5
TABLET-WO-03738,P003,P003,47700,0,2018-10-18T00:00:00+00:00,planned,SET5
TABLET-WO-03739,P003,P003,55600,0,2018-10-11T00:00:00+00:00,planned,SET5
TABLET-WO-03740,P003,P003,0,0,2018-11-29T00:00:00+00:00,planned,SET5
TABLET-WO-03741,P003,P003,92400,0,2018-11-15T00:00:00+00:00,planned,SET5
TABLET-WO-03742,P003,P003,97900,0,2018-11-08T00:00:00+00:00,planned,SET5
TABLET-WO-03743,P003,P003,104200,0,2018-11-01T00:00:00+00:00,planned,SET5
TABLET-WO-03744,P003,P003,108500,0,2018-11-22T00:00:00+00:00,planned,SET5
TABLET-WO-03745,P003,P003,0,0,2018-12-06T00:00:00+00:00,planned,SET5
TABLET-WO-03746,P003,P003,55900,0,2018-12-20T00:00:00+00:00,planned,SET5
TABLET-WO-03747,P003,P003,45000,0,2018-12-27T00:00:00+00:00,planned,SET5
TABLET-WO-03748,P003,P003,47900,0,2018-12-13T00:00:00+00:00,planned,SET5
TABLET-WO-03749,P003,P003,49400,0,2019-01-03T00:00:00+00:00,planned,SET5
TABLET-WO-03750,P003,P003,0,0,2019-01-31T00:00:00+00:00,planned,SET5
TABLET-WO-03751,P003,P003,41900,0,2019-01-10T00:00:00+00:00,planned,SET5
TABLET-WO-03752,P003,P003,56300,0,2019-01-24T00:00:00+00:00,planned,SET5
TABLET-WO-03753,P003,P003,52400,0,2019-01-17T00:00:00+00:00,planned,SET5
TABLET-WO-03754,P003,P003,172300,0,2019-02-07T00:00:00+00:00,planned,SET5
TABLET-WO-03755,P003,P003,91500,0,2019-02-14T00:00:00+00:00,planned,SET5
TABLET-WO-03756,P003,P003,125100,0,2019-02-28T00:00:00+00:00,planned,SET5
TABLET-WO-03757,P003,P003,131100,0,2019-02-21T00:00:00+00:00,planned,SET5
TABLET-WO-03758,P003,P003,0,0,2019-03-28T00:00:00+00:00,planned,SET5
TABLET-WO-03759,P003,P003,120900,0,2019-03-07T00:00:00+00:00,planned,SET5
TABLET-WO-03760,P003,P003,101800,0,2019-03-14T00:00:00+00:00,planned,SET5
TABLET-WO-03761,P003,P003,0,0,2019-03-21T00:00:00+00:00,planned,SET5
TABLET-WO-03762,P003,P003,54200,0,2019-04-11T00:00:00+00:00,planned,SET5
TABLET-WO-03763,P003,P003,50700,0,2019-04-25T00:00:00+00:00,planned,SET5
TABLET-WO-03764,P003,P003,46000,0,2019-04-18T00:00:00+00:00,planned,SET5
TABLET-WO-03765,P003,P003,49000,0,2019-04-04T00:00:00+00:00,planned,SET5
TABLET-WO-03766,P003,P003,103800,0,2019-05-30T00:00:00+00:00,planned,SET5
TABLET-WO-03767,P003,P003,111400,0,2019-05-02T00:00:00+00:00,planned,SET5
TABLET-WO-03768,P003,P003,127100,0,2019-05-16T00:00:00+00:00,planned,SET5
TABLET-WO-03769,P003,P003,84600,0,2019-05-23T00:00:00+00:00,planned,SET5
TABLET-WO-03770,P003,P003,93100,0,2019-05-09T00:00:00+00:00,planned,SET5
TABLET-WO-03771,P003,P003,90800,0,2019-06-27T00:00:00+00:00,planned,SET5
TABLET-WO-03772,P003,P003,0,0,2019-06-20T00:00:00+00:00,planned,SET5
TABLET-WO-03773,P003,P003,76800,0,2019-06-06T00:00:00+00:00,planned,SET5
TABLET-WO-03774,P003,P003,81300,0,2019-06-13T00:00:00+00:00,planned,SET5
TABLET-WO-03775,P003,P003,90100,0,2019-07-25T00:00:00+00:00,planned,SET5
TABLET-WO-03776,P003,P003,115700,0,2019-07-18T00:00:00+00:00,planned,SET5
TABLET-WO-03777,P003,P003,109700,0,2019-07-11T00:00:00+00:00,planned,SET5
TABLET-WO-03778,P003,P003,84500,0,2019-07-04T00:00:00+00:00,planned,SET5
TABLET-WO-03779,P003,P003,81500,0,2019-08-22T00:00:00+00:00,planned,SET5
TABLET-WO-03780,P003,P003,123800,0,2019-08-15T00:00:00+00:00,planned,SET5
TABLET-WO-03781,P003,P003,0,0,2019-08-29T00:00:00+00:00,planned,SET5
TABLET-WO-03782,P003,P003,99700,0,2019-08-08T00:00:00+00:00,planned,SET5
TABLET-WO-03783,P003,P003,95000,0,2019-08-01T00:00:00+00:00,planned,SET5
TABLET-WO-03784,P003,P003,0,0,2019-09-05T00:00:00+00:00,planned,SET5
TABLET-WO-03785,P003,P003,91700,0,2019-09-12T00:00:00+00:00,planned,SET5
TABLET-WO-03786,P003,P003,92600,0,2019-09-26T00:00:00+00:00,planned,SET5
TABLET-WO-03787,P003,P003,0,0,2019-09-19T00:00:00+00:00,planned,SET5
TABLET-WO-03788,P003,P003,92100,0,2019-10-31T00:00:00+00:00,planned,SET5
TABLET-WO-03789,P003,P003,79500,0,2019-10-03T00:00:00+00:00,planned,SET5
TABLET-WO-03790,P003,P003,75100,0,2019-10-10T00:00:00+00:00,planned,SET5
TABLET-WO-03791,P003,P003,70000,0,2019-10-17T00:00:00+00:00,planned,SET5
TABLET-WO-03792,P003,P003,83300,0,2019-10-24T00:00:00+00:00,planned,SET5
TABLET-WO-03793,P003,P003,118600,0,2019-11-07T00:00:00+00:00,planned,SET5
TABLET-WO-03794,P003,P003,120300,0,2019-11-14T00:00:00+00:00,planned,SET5
TABLET-WO-03795,P003,P003,63600,0,2019-11-21T00:00:00+00:00,planned,SET5
TABLET-WO-03796,P003,P003,97200,0,2019-11-28T00:00:00+00:00,planned,SET5
TABLET-WO-03797,P003,P003,87000,0,2019-12-19T00:00:00+00:00,planned,SET5
TABLET-WO-03798,P003,P003,77700,0,2019-12-05T00:00:00+00:00,planned,SET5
TABLET-WO-03799,P003,P003,65800,0,2019-12-26T00:00:00+00:00,planned,SET5
TABLET-WO-03800,P003,P003,65000,0,2019-12-12T00:00:00+00:00,planned,SET5
TABLET-WO-03801,P003,P003,64900,0,2020-01-16T00:00:00+00:00,planned,SET5
TABLET-WO-03802,P003,P003,102100,0,2020-01-23T00:00:00+00:00,planned,SET5
TABLET-WO-03803,P003,P003,83500,0,2020-01-30T00:00:00+00:00,planned,SET5
TABLET-WO-03804,P003,P003,55100,0,2020-01-02T00:00:00+00:00,planned,SET5
TABLET-WO-03805,P003,P003,94400,0,2020-01-09T00:00:00+00:00,planned,SET5
TABLET-WO-03806,P003,P003,0,0,2020-02-27T00:00:00+00:00,planned,SET5
TABLET-WO-03807,P003,P003,0,0,2020-02-06T00:00:00+00:00,planned,SET5
TABLET-WO-03808,P003,P003,65700,0,2020-02-20T00:00:00+00:00,planned,SET5
TABLET-WO-03809,P003,P003,66800,0,2020-02-13T00:00:00+00:00,planned,SET5
TABLET-WO-03810,P003,P003,61900,0,2020-03-12T00:00:00+00:00,planned,SET5
TABLET-WO-03811,P003,P003,62000,0,2020-03-26T00:00:00+00:00,planned,SET5
TABLET-WO-03812,P003,P003,62000,0,2020-03-05T00:00:00+00:00,planned,SET5
TABLET-WO-03813,P003,P003,0,0,2020-03-19T00:00:00+00:00,planned,SET5
TABLET-WO-03814,P003,P003,50300,0,2020-04-16T00:00:00+00:00,planned,SET5
TABLET-WO-03815,P003,P003,86100,0,2020-04-23T00:00:00+00:00,planned,SET5
TABLET-WO-03816,P003,P003,50000,0,2020-04-09T00:00:00+00:00,planned,SET5
TABLET-WO-03817,P003,P003,59500,0,2020-04-30T00:00:00+00:00,planned,SET5
TABLET-WO-03818,P003,P003,54000,0,2020-04-02T00:00:00+00:00,planned,SET5
TABLET-WO-03819,P003,P003,0,0,2020-05-14T00:00:00+00:00,planned,SET5
TABLET-WO-03820,P003,P003,10700,0,2020-05-21T00:00:00+00:00,planned,SET5
TABLET-WO-03821,P003,P003,18900,0,2020-05-28T00:00:00+00:00,planned,SET5
TABLET-WO-03822,P003,P003,9900,0,2020-05-07T00:00:00+00:00,planned,SET5
TABLET-WO-03823,P003,P003,4000,0,2020-06-18T00:00:00+00:00,planned,SET5
TABLET-WO-03824,P003,P003,5500,0,2020-06-04T00:00:00+00:00,planned,SET5
TABLET-WO-03825,P003,P003,5400,0,2020-06-11T00:00:00+00:00,planned,SET5
TABLET-WO-03826,P003,P003,5000,0,2020-06-25T00:00:00+00:00,planned,SET5
TABLET-WO-03827,P003,P003,49700,0,2020-07-30T00:00:00+00:00,planned,SET5
TABLET-WO-03828,P003,P003,56700,0,2020-07-09T00:00:00+00:00,planned,SET5
TABLET-WO-03829,P003,P003,69500,0,2020-07-16T00:00:00+00:00,planned,SET5
TABLET-WO-03830,P003,P003,59700,0,2020-07-23T00:00:00+00:00,planned,SET5
TABLET-WO-03831,P003,P003,81400,0,2020-07-02T00:00:00+00:00,planned,SET5
TABLET-WO-03832,P003,P003,0,0,2020-08-20T00:00:00+00:00,planned,SET5
TABLET-WO-03833,P003,P003,82400,0,2020-08-06T00:00:00+00:00,planned,SET5
TABLET-WO-03834,P003,P003,76900,0,2020-08-27T00:00:00+00:00,planned,SET5
TABLET-WO-03835,P003,P003,77900,0,2020-08-13T00:00:00+00:00,planned,SET5
TABLET-WO-03836,P003,P003,69800,0,2020-09-17T00:00:00+00:00,planned,SET5
TABLET-WO-03837,P003,P003,61100,0,2020-09-10T00:00:00+00:00,planned,SET5
TABLET-WO-03838,P003,P003,62900,0,2020-09-24T00:00:00+00:00,planned,SET5
TABLET-WO-03839,P003,P003,0,0,2020-09-03T00:00:00+00:00,planned,SET5
TABLET-WO-03840,P003,P003,52300,0,2020-10-08T00:00:00+00:00,planned,SET5
TABLET-WO-03841,P003,P003,73500,0,2020-10-22T00:00:00+00:00,planned,SET5
TABLET-WO-03842,P003,P003,42000,0,2020-10-15T00:00:00+00:00,planned,SET5
TABLET-WO-03843,P003,P003,0,0,2020-10-01T00:00:00+00:00,planned,SET5
TABLET-WO-03844,P003,P003,72200,0,2020-10-29T00:00:00+00:00,planned,SET5
TABLET-WO-03845,P003,P003,74000,0,2020-11-19T00:00:00+00:00,planned,SET5
TABLET-WO-03846,P003,P003,71900,0,2020-11-26T00:00:00+00:00,planned,SET5
TABLET-WO-03847,P003,P003,55800,0,2020-11-12T00:00:00+00:00,planned,SET5
TABLET-WO-03848,P003,P003,51900,0,2020-11-05T00:00:00+00:00,planned,SET5
TABLET-WO-03849,P004,P004,4900,0,2018-02-08T00:00:00+00:00,planned,SET5
TABLET-WO-03850,P004,P004,4000,0,2018-02-01T00:00:00+00:00,planned,SET5
TABLET-WO-03851,P004,P004,4500,0,2018-02-22T00:00:00+00:00,planned,SET5
TABLET-WO-03852,P004,P004,0,0,2018-02-15T00:00:00+00:00,planned,SET5
TABLET-WO-03853,P004,P004,35000,0,2018-03-08T00:00:00+00:00,planned,SET5
TABLET-WO-03854,P004,P004,39600,0,2018-03-15T00:00:00+00:00,planned,SET5
TABLET-WO-03855,P004,P004,32200,0,2018-03-01T00:00:00+00:00,planned,SET5
TABLET-WO-03856,P004,P004,47700,0,2018-03-22T00:00:00+00:00,planned,SET5
TABLET-WO-03857,P004,P004,0,0,2018-03-29T00:00:00+00:00,planned,SET5
TABLET-WO-03858,P004,P004,0,0,2018-04-26T00:00:00+00:00,planned,SET5
TABLET-WO-03859,P004,P004,0,0,2018-04-12T00:00:00+00:00,planned,SET5
TABLET-WO-03860,P004,P004,0,0,2018-04-05T00:00:00+00:00,planned,SET5
TABLET-WO-03861,P004,P004,0,0,2018-04-19T00:00:00+00:00,planned,SET5
TABLET-WO-03862,P004,P004,27100,0,2018-05-31T00:00:00+00:00,planned,SET5
TABLET-WO-03863,P004,P004,40700,0,2018-05-24T00:00:00+00:00,planned,SET5
TABLET-WO-03864,P004,P004,35100,0,2018-05-03T00:00:00+00:00,planned,SET5
TABLET-WO-03865,P004,P004,34900,0,2018-05-17T00:00:00+00:00,planned,SET5
TABLET-WO-03866,P004,P004,0,0,2018-05-10T00:00:00+00:00,planned,SET5
TABLET-WO-03867,P004,P004,1000,0,2018-06-07T00:00:00+00:00,planned,SET5
TABLET-WO-03868,P004,P004,1100,0,2018-06-21T00:00:00+00:00,planned,SET5
TABLET-WO-03869,P004,P004,1400,0,2018-06-14T00:00:00+00:00,planned,SET5
TABLET-WO-03870,P004,P004,1100,0,2018-06-28T00:00:00+00:00,planned,SET5
TABLET-WO-03871,P004,P004,0,0,2018-07-12T00:00:00+00:00,planned,SET5
TABLET-WO-03872,P004,P004,0,0,2018-07-19T00:00:00+00:00,planned,SET5
TABLET-WO-03873,P004,P004,0,0,2018-07-26T00:00:00+00:00,planned,SET5
TABLET-WO-03874,P004,P004,0,0,2018-07-05T00:00:00+00:00,planned,SET5
TABLET-WO-03875,P004,P004,10200,0,2018-08-09T00:00:00+00:00,planned,SET5
TABLET-WO-03876,P004,P004,15500,0,2018-08-30T00:00:00+00:00,planned,SET5
TABLET-WO-03877,P004,P004,16800,0,2018-08-02T00:00:00+00:00,planned,SET5
TABLET-WO-03878,P004,P004,9900,0,2018-08-16T00:00:00+00:00,planned,SET5
TABLET-WO-03879,P004,P004,0,0,2018-08-23T00:00:00+00:00,planned,SET5
TABLET-WO-03880,P004,P004,0,0,2018-09-27T00:00:00+00:00,planned,SET5
TABLET-WO-03881,P004,P004,0,0,2018-09-06T00:00:00+00:00,planned,SET5
TABLET-WO-03882,P004,P004,0,0,2018-09-20T00:00:00+00:00,planned,SET5
TABLET-WO-03883,P004,P004,0,0,2018-09-13T00:00:00+00:00,planned,SET5
TABLET-WO-03884,P004,P004,25200,0,2018-10-18T00:00:00+00:00,planned,SET5
TABLET-WO-03885,P004,P004,32000,0,2018-10-04T00:00:00+00:00,planned,SET5
TABLET-WO-03886,P004,P004,28200,0,2018-10-11T00:00:00+00:00,planned,SET5
TABLET-WO-03887,P004,P004,30000,0,2018-10-25T00:00:00+00:00,planned,SET5
TABLET-WO-03888,P004,P004,94800,0,2018-11-22T00:00:00+00:00,planned,SET5
TABLET-WO-03889,P004,P004,112800,0,2018-11-01T00:00:00+00:00,planned,SET5
TABLET-WO-03890,P004,P004,82300,0,2018-11-08T00:00:00+00:00,planned,SET5
TABLET-WO-03891,P004,P004,111900,0,2018-11-29T00:00:00+00:00,planned,SET5
TABLET-WO-03892,P004,P004,98900,0,2018-11-15T00:00:00+00:00,planned,SET5
TABLET-WO-03893,P004,P004,0,0,2018-12-06T00:00:00+00:00,planned,SET5
TABLET-WO-03894,P004,P004,0,0,2018-12-27T00:00:00+00:00,planned,SET5
TABLET-WO-03895,P004,P004,0,0,2018-12-20T00:00:00+00:00,planned,SET5
TABLET-WO-03896,P004,P004,0,0,2018-12-13T00:00:00+00:00,planned,SET5
TABLET-WO-03897,P004,P004,83400,0,2019-01-03T00:00:00+00:00,planned,SET5
TABLET-WO-03898,P004,P004,133300,0,2019-01-10T00:00:00+00:00,planned,SET5
TABLET-WO-03899,P004,P004,77000,0,2019-01-17T00:00:00+00:00,planned,SET5
TABLET-WO-03900,P004,P004,102000,0,2019-01-31T00:00:00+00:00,planned,SET5
TABLET-WO-03901,P004,P004,107000,0,2019-01-24T00:00:00+00:00,planned,SET5
TABLET-WO-03902,P004,P004,51000,0,2019-02-28T00:00:00+00:00,planned,SET5
TABLET-WO-03903,P004,P004,86000,0,2019-02-07T00:00:00+00:00,planned,SET5
TABLET-WO-03904,P004,P004,91500,0,2019-02-14T00:00:00+00:00,planned,SET5
TABLET-WO-03905,P004,P004,55000,0,2019-02-21T00:00:00+00:00,planned,SET5
TABLET-WO-03906,P004,P004,0,0,2019-03-07T00:00:00+00:00,planned,SET5
TABLET-WO-03907,P004,P004,0,0,2019-03-28T00:00:00+00:00,planned,SET5
TABLET-WO-03908,P004,P004,0,0,2019-03-14T00:00:00+00:00,planned,SET5
TABLET-WO-03909,P004,P004,0,0,2019-03-21T00:00:00+00:00,planned,SET5
TABLET-WO-03910,P004,P004,38500,0,2019-04-11T00:00:00+00:00,planned,SET5
TABLET-WO-03911,P004,P004,31100,0,2019-04-25T00:00:00+00:00,planned,SET5
TABLET-WO-03912,P004,P004,42900,0,2019-04-18T00:00:00+00:00,planned,SET5
TABLET-WO-03913,P004,P004,0,0,2019-04-04T00:00:00+00:00,planned,SET5
TABLET-WO-03914,P004,P004,159300,0,2019-05-23T00:00:00+00:00,planned,SET5
TABLET-WO-03915,P004,P004,233700,0,2019-05-09T00:00:00+00:00,planned,SET5
TABLET-WO-03916,P004,P004,158900,0,2019-05-16T00:00:00+00:00,planned,SET5
TABLET-WO-03917,P004,P004,165900,0,2019-05-02T00:00:00+00:00,planned,SET5
TABLET-WO-03918,P004,P004,0,0,2019-05-30T00:00:00+00:00,planned,SET5
TABLET-WO-03919,P004,P004,0,0,2019-06-13T00:00:00+00:00,planned,SET5
TABLET-WO-03920,P004,P004,0,0,2019-06-06T00:00:00+00:00,planned,SET5
TABLET-WO-03921,P004,P004,0,0,2019-06-27T00:00:00+00:00,planned,SET5
TABLET-WO-03922,P004,P004,0,0,2019-06-20T00:00:00+00:00,planned,SET5
TABLET-WO-03923,P004,P004,71900,0,2019-07-25T00:00:00+00:00,planned,SET5
TABLET-WO-03924,P004,P004,40700,0,2019-07-18T00:00:00+00:00,planned,SET5
TABLET-WO-03925,P004,P004,47700,0,2019-07-04T00:00:00+00:00,planned,SET5
TABLET-WO-03926,P004,P004,55700,0,2019-07-11T00:00:00+00:00,planned,SET5
TABLET-WO-03927,P004,P004,125200,0,2019-08-29T00:00:00+00:00,planned,SET5
TABLET-WO-03928,P004,P004,133700,0,2019-08-08T00:00:00+00:00,planned,SET5
TABLET-WO-03929,P004,P004,157800,0,2019-08-01T00:00:00+00:00,planned,SET5
TABLET-WO-03930,P004,P004,82900,0,2019-08-22T00:00:00+00:00,planned,SET5
TABLET-WO-03931,P004,P004,0,0,2019-08-15T00:00:00+00:00,planned,SET5
TABLET-WO-03932,P004,P004,0,0,2019-09-26T00:00:00+00:00,planned,SET5
TABLET-WO-03933,P004,P004,0,0,2019-09-19T00:00:00+00:00,planned,SET5
TABLET-WO-03934,P004,P004,0,0,2019-09-12T00:00:00+00:00,planned,SET5
TABLET-WO-03935,P004,P004,0,0,2019-09-05T00:00:00+00:00,planned,SET5
TABLET-WO-03936,P004,P004,152700,0,2019-10-10T00:00:00+00:00,planned,SET5
TABLET-WO-03937,P004,P004,91400,0,2019-10-24T00:00:00+00:00,planned,SET5
TABLET-WO-03938,P004,P004,159900,0,2019-10-31T00:00:00+00:00,planned,SET5
TABLET-WO-03939,P004,P004,136000,0,2019-10-03T00:00:00+00:00,planned,SET5
TABLET-WO-03940,P004,P004,0,0,2019-10-17T00:00:00+00:00,planned,SET5
TABLET-WO-03941,P004,P004,16900,0,2019-11-07T00:00:00+00:00,planned,SET5
TABLET-WO-03942,P004,P004,17900,0,2019-11-28T00:00:00+00:00,planned,SET5
TABLET-WO-03943,P004,P004,29300,0,2019-11-21T00:00:00+00:00,planned,SET5
TABLET-WO-03944,P004,P004,30300,0,2019-11-14T00:00:00+00:00,planned,SET5
TABLET-WO-03945,P004,P004,0,0,2019-12-05T00:00:00+00:00,planned,SET5
TABLET-WO-03946,P004,P004,0,0,2019-12-12T00:00:00+00:00,planned,SET5
TABLET-WO-03947,P004,P004,0,0,2019-12-26T00:00:00+00:00,planned,SET5
TABLET-WO-03948,P004,P004,0,0,2019-12-19T00:00:00+00:00,planned,SET5
TABLET-WO-03949,P004,P004,143600,0,2020-01-23T00:00:00+00:00,planned,SET5
TABLET-WO-03950,P004,P004,136600,0,2020-01-16T00:00:00+00:00,planned,SET5
TABLET-WO-03951,P004,P004,153500,0,2020-01-09T00:00:00+00:00,planned,SET5
TABLET-WO-03952,P004,P004,158100,0,2020-01-02T00:00:00+00:00,planned,SET5
TABLET-WO-03953,P004,P004,0,0,2020-01-30T00:00:00+00:00,planned,SET5
TABLET-WO-03954,P004,P004,57200,0,2020-02-13T00:00:00+00:00,planned,SET5
TABLET-WO-03955,P004,P004,55700,0,2020-02-06T00:00:00+00:00,planned,SET5
TABLET-WO-03956,P004,P004,46400,0,2020-02-27T00:00:00+00:00,planned,SET5
TABLET-WO-03957,P004,P004,0,0,2020-02-20T00:00:00+00:00,planned,SET5
TABLET-WO-03958,P004,P004,0,0,2020-03-26T00:00:00+00:00,planned,SET5
TABLET-WO-03959,P004,P004,0,0,2020-03-19T00:00:00+00:00,planned,SET5
TABLET-WO-03960,P004,P004,0,0,2020-03-05T00:00:00+00:00,planned,SET5
TABLET-WO-03961,P004,P004,0,0,2020-03-12T00:00:00+00:00,planned,SET5
TABLET-WO-03962,P004,P004,91100,0,2020-04-02T00:00:00+00:00,planned,SET5
TABLET-WO-03963,P004,P004,50400,0,2020-04-30T00:00:00+00:00,planned,SET5
TABLET-WO-03964,P004,P004,80400,0,2020-04-23T00:00:00+00:00,planned,SET5
TABLET-WO-03965,P004,P004,69800,0,2020-04-09T00:00:00+00:00,planned,SET5
TABLET-WO-03966,P004,P004,53600,0,2020-04-16T00:00:00+00:00,planned,SET5
TABLET-WO-03967,P004,P004,0,0,2020-05-21T00:00:00+00:00,planned,SET5
TABLET-WO-03968,P004,P004,0,0,2020-05-28T00:00:00+00:00,planned,SET5
TABLET-WO-03969,P004,P004,0,0,2020-05-07T00:00:00+00:00,planned,SET5
TABLET-WO-03970,P004,P004,0,0,2020-05-14T00:00:00+00:00,planned,SET5
TABLET-WO-03971,P004,P004,78800,0,2020-06-04T00:00:00+00:00,planned,SET5
TABLET-WO-03972,P004,P004,105400,0,2020-06-11T00:00:00+00:00,planned,SET5
TABLET-WO-03973,P004,P004,57300,0,2020-06-25T00:00:00+00:00,planned,SET5
TABLET-WO-03974,P004,P004,62200,0,2020-06-18T00:00:00+00:00,planned,SET5
TABLET-WO-03975,P004,P004,71800,0,2020-07-02T00:00:00+00:00,planned,SET5
TABLET-WO-03976,P004,P004,75600,0,2020-07-30T00:00:00+00:00,planned,SET5
TABLET-WO-03977,P004,P004,69400,0,2020-07-23T00:00:00+00:00,planned,SET5
TABLET-WO-03978,P004,P004,48600,0,2020-07-09T00:00:00+00:00,planned,SET5
TABLET-WO-03979,P004,P004,59000,0,2020-07-16T00:00:00+00:00,planned,SET5
TABLET-WO-03980,P004,P004,0,0,2020-08-06T00:00:00+00:00,planned,SET5
TABLET-WO-03981,P004,P004,0,0,2020-08-13T00:00:00+00:00,planned,SET5
TABLET-WO-03982,P004,P004,0,0,2020-08-27T00:00:00+00:00,planned,SET5
TABLET-WO-03983,P004,P004,0,0,2020-08-20T00:00:00+00:00,planned,SET5
TABLET-WO-03984,P004,P004,27400,0,2020-09-17T00:00:00+00:00,planned,SET5
TABLET-WO-03985,P004,P004,28100,0,2020-09-03T00:00:00+00:00,planned,SET5
TABLET-WO-03986,P004,P004,39000,0,2020-09-24T00:00:00+00:00,planned,SET5
TABLET-WO-03987,P004,P004,0,0,2020-09-10T00:00:00+00:00,planned,SET5
TABLET-WO-03988,P004,P004,10200,0,2020-10-29T00:00:00+00:00,planned,SET5
TABLET-WO-03989,P004,P004,18200,0,2020-10-15T00:00:00+00:00,planned,SET5
TABLET-WO-03990,P004,P004,19500,0,2020-10-01T00:00:00+00:00,planned,SET5
TABLET-WO-03991,P004,P004,16200,0,2020-10-08T00:00:00+00:00,planned,SET5
TABLET-WO-03992,P004,P004,0,0,2020-10-22T00:00:00+00:00,planned,SET5
TABLET-WO-03993,P004,P004,0,0,2020-11-05T00:00:00+00:00,planned,SET5
TABLET-WO-03994,P004,P004,0,0,2020-11-12T00:00:00+00:00,planned,SET5
TABLET-WO-03995,P004,P004,0,0,2020-11-19T00:00:00+00:00,planned,SET5
TABLET-WO-03996,P004,P004,0,0,2020-11-26T00:00:00+00:00,planned,SET5
TABLET-WO-03997,P022,P022,4500,0,2018-02-08T00:00:00+00:00,planned,SET5
TABLET-WO-03998,P022,P022,4900,0,2018-02-22T00:00:00+00:00,planned,SET5
TABLET-WO-03999,P022,P022,5800,0,2018-02-15T00:00:00+00:00,planned,SET5
TABLET-WO-04000,P022,P022,0,0,2018-02-01T00:00:00+00:00,planned,SET5
TABLET-WO-04001,P022,P022,2700,0,2018-03-29T00:00:00+00:00,planned,SET5
TABLET-WO-04002,P022,P022,3900,0,2018-03-08T00:00:00+00:00,planned,SET5
TABLET-WO-04003,P022,P022,2500,0,2018-03-22T00:00:00+00:00,planned,SET5
TABLET-WO-04004,P022,P022,2300,0,2018-03-15T00:00:00+00:00,planned,SET5
TABLET-WO-04005,P022,P022,4000,0,2018-03-01T00:00:00+00:00,planned,SET5
TABLET-WO-04006,P022,P022,0,0,2018-04-26T00:00:00+00:00,planned,SET5
TABLET-WO-04007,P022,P022,0,0,2018-04-05T00:00:00+00:00,planned,SET5
TABLET-WO-04008,P022,P022,0,0,2018-04-12T00:00:00+00:00,planned,SET5
TABLET-WO-04009,P022,P022,0,0,2018-04-19T00:00:00+00:00,planned,SET5
TABLET-WO-04010,P022,P022,26600,0,2018-05-24T00:00:00+00:00,planned,SET5
TABLET-WO-04011,P022,P022,23000,0,2018-05-17T00:00:00+00:00,planned,SET5
TABLET-WO-04012,P022,P022,20800,0,2018-05-10T00:00:00+00:00,planned,SET5
TABLET-WO-04013,P022,P022,29600,0,2018-05-03T00:00:00+00:00,planned,SET5
TABLET-WO-04014,P022,P022,0,0,2018-05-31T00:00:00+00:00,planned,SET5
TABLET-WO-04015,P022,P022,31700,0,2018-06-14T00:00:00+00:00,planned,SET5
TABLET-WO-04016,P022,P022,27400,0,2018-06-07T00:00:00+00:00,planned,SET5
TABLET-WO-04017,P022,P022,21400,0,2018-06-28T00:00:00+00:00,planned,SET5
TABLET-WO-04018,P022,P022,26500,0,2018-06-21T00:00:00+00:00,planned,SET5
TABLET-WO-04019,P022,P022,0,0,2018-07-19T00:00:00+00:00,planned,SET5
TABLET-WO-04020,P022,P022,0,0,2018-07-12T00:00:00+00:00,planned,SET5
TABLET-WO-04021,P022,P022,0,0,2018-07-26T00:00:00+00:00,planned,SET5
TABLET-WO-04022,P022,P022,0,0,2018-07-05T00:00:00+00:00,planned,SET5
TABLET-WO-04023,P022,P022,8700,0,2018-08-23T00:00:00+00:00,planned,SET5
TABLET-WO-04024,P022,P022,10500,0,2018-08-02T00:00:00+00:00,planned,SET5
TABLET-WO-04025,P022,P022,9400,0,2018-08-16T00:00:00+00:00,planned,SET5
TABLET-WO-04026,P022,P022,9800,0,2018-08-09T00:00:00+00:00,planned,SET5
TABLET-WO-04027,P022,P022,9300,0,2018-08-30T00:00:00+00:00,planned,SET5
TABLET-WO-04028,P022,P022,0,0,2018-09-20T00:00:00+00:00,planned,SET5
TABLET-WO-04029,P022,P022,0,0,2018-09-27T00:00:00+00:00,planned,SET5
TABLET-WO-04030,P022,P022,0,0,2018-09-06T00:00:00+00:00,planned,SET5
TABLET-WO-04031,P022,P022,0,0,2018-09-13T00:00:00+00:00,planned,SET5
TABLET-WO-04032,P022,P022,4400,0,2018-10-25T00:00:00+00:00,planned,SET5
TABLET-WO-04033,P022,P022,3900,0,2018-10-18T00:00:00+00:00,planned,SET5
TABLET-WO-04034,P022,P022,2700,0,2018-10-04T00:00:00+00:00,planned,SET5
TABLET-WO-04035,P022,P022,0,0,2018-10-11T00:00:00+00:00,planned,SET5
TABLET-WO-04036,P022,P022,47300,0,2018-11-15T00:00:00+00:00,planned,SET5
TABLET-WO-04037,P022,P022,38700,0,2018-11-01T00:00:00+00:00,planned,SET5
TABLET-WO-04038,P022,P022,32800,0,2018-11-22T00:00:00+00:00,planned,SET5
TABLET-WO-04039,P022,P022,29200,0,2018-11-29T00:00:00+00:00,planned,SET5
TABLET-WO-04040,P022,P022,0,0,2018-11-08T00:00:00+00:00,planned,SET5
TABLET-WO-04041,P022,P022,0,0,2018-12-13T00:00:00+00:00,planned,SET5
TABLET-WO-04042,P022,P022,0,0,2018-12-06T00:00:00+00:00,planned,SET5
TABLET-WO-04043,P022,P022,0,0,2018-12-27T00:00:00+00:00,planned,SET5
TABLET-WO-04044,P022,P022,0,0,2018-12-20T00:00:00+00:00,planned,SET5
TABLET-WO-04045,P022,P022,21300,0,2019-01-03T00:00:00+00:00,planned,SET5
TABLET-WO-04046,P022,P022,21600,0,2019-01-31T00:00:00+00:00,planned,SET5
TABLET-WO-04047,P022,P022,19300,0,2019-01-10T00:00:00+00:00,planned,SET5
TABLET-WO-04048,P022,P022,16700,0,2019-01-24T00:00:00+00:00,planned,SET5
TABLET-WO-04049,P022,P022,20700,0,2019-01-17T00:00:00+00:00,planned,SET5
TABLET-WO-04050,P022,P022,10600,0,2019-02-21T00:00:00+00:00,planned,SET5
TABLET-WO-04051,P022,P022,15300,0,2019-02-14T00:00:00+00:00,planned,SET5
TABLET-WO-04052,P022,P022,12500,0,2019-02-28T00:00:00+00:00,planned,SET5
TABLET-WO-04053,P022,P022,10100,0,2019-02-07T00:00:00+00:00,planned,SET5
TABLET-WO-04054,P022,P022,0,0,2019-03-28T00:00:00+00:00,planned,SET5
TABLET-WO-04055,P022,P022,0,0,2019-03-14T00:00:00+00:00,planned,SET5
TABLET-WO-04056,P022,P022,0,0,2019-03-07T00:00:00+00:00,planned,SET5
TABLET-WO-04057,P022,P022,0,0,2019-03-21T00:00:00+00:00,planned,SET5
TABLET-WO-04058,P022,P022,5600,0,2019-04-25T00:00:00+00:00,planned,SET5
TABLET-WO-04059,P022,P022,6200,0,2019-04-04T00:00:00+00:00,planned,SET5
TABLET-WO-04060,P022,P022,6300,0,2019-04-18T00:00:00+00:00,planned,SET5
TABLET-WO-04061,P022,P022,9800,0,2019-04-11T00:00:00+00:00,planned,SET5
TABLET-WO-04062,P022,P022,77600,0,2019-05-16T00:00:00+00:00,planned,SET5
TABLET-WO-04063,P022,P022,74400,0,2019-05-02T00:00:00+00:00,planned,SET5
TABLET-WO-04064,P022,P022,67200,0,2019-05-30T00:00:00+00:00,planned,SET5
TABLET-WO-04065,P022,P022,66800,0,2019-05-23T00:00:00+00:00,planned,SET5
TABLET-WO-04066,P022,P022,0,0,2019-05-09T00:00:00+00:00,planned,SET5
TABLET-WO-04067,P022,P022,0,0,2019-06-27T00:00:00+00:00,planned,SET5
TABLET-WO-04068,P022,P022,0,0,2019-06-13T00:00:00+00:00,planned,SET5
TABLET-WO-04069,P022,P022,0,0,2019-06-20T00:00:00+00:00,planned,SET5
TABLET-WO-04070,P022,P022,0,0,2019-06-06T00:00:00+00:00,planned,SET5
TABLET-WO-04071,P022,P022,7900,0,2019-07-25T00:00:00+00:00,planned,SET5
TABLET-WO-04072,P022,P022,6200,0,2019-07-04T00:00:00+00:00,planned,SET5
TABLET-WO-04073,P022,P022,9300,0,2019-07-11T00:00:00+00:00,planned,SET5
TABLET-WO-04074,P022,P022,0,0,2019-07-18T00:00:00+00:00,planned,SET5
TABLET-WO-04075,P022,P022,21100,0,2019-08-01T00:00:00+00:00,planned,SET5
TABLET-WO-04076,P022,P022,19000,0,2019-08-15T00:00:00+00:00,planned,SET5
TABLET-WO-04077,P022,P022,17000,0,2019-08-08T00:00:00+00:00,planned,SET5
TABLET-WO-04078,P022,P022,18700,0,2019-08-29T00:00:00+00:00,planned,SET5
TABLET-WO-04079,P022,P022,14800,0,2019-08-22T00:00:00+00:00,planned,SET5
TABLET-WO-04080,P022,P022,0,0,2019-09-26T00:00:00+00:00,planned,SET5
TABLET-WO-04081,P022,P022,0,0,2019-09-05T00:00:00+00:00,planned,SET5
TABLET-WO-04082,P022,P022,0,0,2019-09-12T00:00:00+00:00,planned,SET5
TABLET-WO-04083,P022,P022,0,0,2019-09-19T00:00:00+00:00,planned,SET5
TABLET-WO-04084,P022,P022,25200,0,2019-10-24T00:00:00+00:00,planned,SET5
TABLET-WO-04085,P022,P022,39800,0,2019-10-17T00:00:00+00:00,planned,SET5
TABLET-WO-04086,P022,P022,32100,0,2019-10-03T00:00:00+00:00,planned,SET5
TABLET-WO-04087,P022,P022,36000,0,2019-10-31T00:00:00+00:00,planned,SET5
TABLET-WO-04088,P022,P022,0,0,2019-10-10T00:00:00+00:00,planned,SET5
TABLET-WO-04089,P022,P022,15100,0,2019-11-21T00:00:00+00:00,planned,SET5
TABLET-WO-04090,P022,P022,14000,0,2019-11-07T00:00:00+00:00,planned,SET5
TABLET-WO-04091,P022,P022,15000,0,2019-11-14T00:00:00+00:00,planned,SET5
TABLET-WO-04092,P022,P022,9000,0,2019-11-28T00:00:00+00:00,planned,SET5
TABLET-WO-04093,P022,P022,0,0,2019-12-19T00:00:00+00:00,planned,SET5
TABLET-WO-04094,P022,P022,0,0,2019-12-12T00:00:00+00:00,planned,SET5
TABLET-WO-04095,P022,P022,0,0,2019-12-26T00:00:00+00:00,planned,SET5
TABLET-WO-04096,P022,P022,0,0,2019-12-05T00:00:00+00:00,planned,SET5
TABLET-WO-04097,P022,P022,46900,0,2020-01-30T00:00:00+00:00,planned,SET5
TABLET-WO-04098,P022,P022,59500,0,2020-01-23T00:00:00+00:00,planned,SET5
TABLET-WO-04099,P022,P022,36500,0,2020-01-09T00:00:00+00:00,planned,SET5
TABLET-WO-04100,P022,P022,45100,0,2020-01-02T00:00:00+00:00,planned,SET5
TABLET-WO-04101,P022,P022,0,0,2020-01-16T00:00:00+00:00,planned,SET5
TABLET-WO-04102,P022,P022,72100,0,2020-02-13T00:00:00+00:00,planned,SET5
TABLET-WO-04103,P022,P022,58500,0,2020-02-27T00:00:00+00:00,planned,SET5
TABLET-WO-04104,P022,P022,81400,0,2020-02-20T00:00:00+00:00,planned,SET5
TABLET-WO-04105,P022,P022,0,0,2020-02-06T00:00:00+00:00,planned,SET5
TABLET-WO-04106,P022,P022,0,0,2020-03-26T00:00:00+00:00,planned,SET5
TABLET-WO-04107,P022,P022,0,0,2020-03-12T00:00:00+00:00,planned,SET5
TABLET-WO-04108,P022,P022,0,0,2020-03-05T00:00:00+00:00,planned,SET5
TABLET-WO-04109,P022,P022,0,0,2020-03-19T00:00:00+00:00,planned,SET5
TABLET-WO-04110,P022,P022,29000,0,2020-04-30T00:00:00+00:00,planned,SET5
TABLET-WO-04111,P022,P022,21000,0,2020-04-16T00:00:00+00:00,planned,SET5
TABLET-WO-04112,P022,P022,21100,0,2020-04-23T00:00:00+00:00,planned,SET5
TABLET-WO-04113,P022,P022,18500,0,2020-04-02T00:00:00+00:00,planned,SET5
TABLET-WO-04114,P022,P022,20400,0,2020-04-09T00:00:00+00:00,planned,SET5
TABLET-WO-04115,P022,P022,0,0,2020-05-07T00:00:00+00:00,planned,SET5
TABLET-WO-04116,P022,P022,0,0,2020-05-21T00:00:00+00:00,planned,SET5
TABLET-WO-04117,P022,P022,0,0,2020-05-28T00:00:00+00:00,planned,SET5
TABLET-WO-04118,P022,P022,0,0,2020-05-14T00:00:00+00:00,planned,SET5
TABLET-WO-04119,P022,P022,46400,0,2020-06-11T00:00:00+00:00,planned,SET5
TABLET-WO-04120,P022,P022,43600,0,2020-06-25T00:00:00+00:00,planned,SET5
TABLET-WO-04121,P022,P022,32000,0,2020-06-18T00:00:00+00:00,planned,SET5
TABLET-WO-04122,P022,P022,0,0,2020-06-04T00:00:00+00:00,planned,SET5
TABLET-WO-04123,P022,P022,45600,0,2020-07-02T00:00:00+00:00,planned,SET5
TABLET-WO-04124,P022,P022,38800,0,2020-07-09T00:00:00+00:00,planned,SET5
TABLET-WO-04125,P022,P022,52700,0,2020-07-23T00:00:00+00:00,planned,SET5
TABLET-WO-04126,P022,P022,29000,0,2020-07-30T00:00:00+00:00,planned,SET5
TABLET-WO-04127,P022,P022,0,0,2020-07-16T00:00:00+00:00,planned,SET5
TABLET-WO-04128,P022,P022,0,0,2020-08-27T00:00:00+00:00,planned,SET5
TABLET-WO-04129,P022,P022,0,0,2020-08-13T00:00:00+00:00,planned,SET5
TABLET-WO-04130,P022,P022,0,0,2020-08-06T00:00:00+00:00,planned,SET5
TABLET-WO-04131,P022,P022,0,0,2020-08-20T00:00:00+00:00,planned,SET5
TABLET-WO-04132,P022,P022,19700,0,2020-09-10T00:00:00+00:00,planned,SET5
TABLET-WO-04133,P022,P022,20900,0,2020-09-17T00:00:00+00:00,planned,SET5
TABLET-WO-04134,P022,P022,19400,0,2020-09-03T00:00:00+00:00,planned,SET5
TABLET-WO-04135,P022,P022,0,0,2020-09-24T00:00:00+00:00,planned,SET5
TABLET-WO-04136,P022,P022,76100,0,2020-10-08T00:00:00+00:00,planned,SET5
TABLET-WO-04137,P022,P022,68400,0,2020-10-22T00:00:00+00:00,planned,SET5
TABLET-WO-04138,P022,P022,67600,0,2020-10-15T00:00:00+00:00,planned,SET5
TABLET-WO-04139,P022,P022,81400,0,2020-10-01T00:00:00+00:00,planned,SET5
TABLET-WO-04140,P022,P022,0,0,2020-10-29T00:00:00+00:00,planned,SET5
TABLET-WO-04141,P022,P022,0,0,2020-11-19T00:00:00+00:00,planned,SET5
TABLET-WO-04142,P022,P022,0,0,2020-11-05T00:00:00+00:00,planned,SET5
TABLET-WO-04143,P022,P022,0,0,2020-11-26T00:00:00+00:00,planned,SET5
TABLET-WO-04144,P022,P022,0,0,2020-11-12T00:00:00+00:00,planned,SET5
