work_order_id,product_id,quantity,priority,due_time,status,provenance,seed_work_order_id,generation_seed
DT-WO-00001,P-AXLE-A,120,URGENT,2026-07-14T00:00:00+00:00,planned,synthetic_digital_twin_from_p0_sample,WO-P0-001,20260713
DT-WO-00002,P-AXLE-B,80,HIGH,2026-07-14T01:00:00+00:00,planned,synthetic_digital_twin_from_p0_sample,WO-P0-002,20260713
DT-WO-00003,P-HOUSING-A,60,NORMAL,2026-07-14T02:00:00+00:00,planned,synthetic_digital_twin_from_p0_sample,WO-P0-003,20260713
DT-WO-00004,P-AXLE-A,120,URGENT,2026-07-14T03:00:00+00:00,planned,synthetic_digital_twin_from_p0_sample,WO-P0-001,20260713
DT-WO-00005,P-AXLE-B,80,HIGH,2026-07-14T04:00:00+00:00,planned,synthetic_digital_twin_from_p0_sample,WO-P0-002,20260713
DT-WO-00006,P-HOUSING-A,60,NORMAL,2026-07-14T05:00:00+00:00,planned,synthetic_digital_twin_from_p0_sample,WO-P0-003,20260713
DT-WO-00007,P-AXLE-A,120,URGENT,2026-07-14T06:00:00+00:00,planned,synthetic_digital_twin_from_p0_sample,WO-P0-001,20260713
DT-WO-00008,P-AXLE-B,80,HIGH,2026-07-14T07:00:00+00:00,planned,synthetic_digital_twin_from_p0_sample,WO-P0-002,20260713
DT-WO-00009,P-HOUSING-A,60,NORMAL,2026-07-14T08:00:00+00:00,planned,synthetic_digital_twin_from_p0_sample,WO-P0-003,20260713
DT-WO-00010,P-AXLE-A,120,URGENT,2026-07-14T09:00:00+00:00,planned,synthetic_digital_twin_from_p0_sample,WO-P0-001,20260713
DT-WO-00011,P-AXLE-B,80,HIGH,2026-07-14T10:00:00+00:00,planned,synthetic_digital_twin_from_p0_sample,WO-P0-002,20260713
DT-WO-00012,P-HOUSING-A,60,NORMAL,2026-07-14T11:00:00+00:00,planned,synthetic_digital_twin_from_p0_sample,WO-P0-003,20260713
DT-WO-00013,P-AXLE-A,120,URGENT,2026-07-14T12:00:00+00:00,planned,synthetic_digital_twin_from_p0_sample,WO-P0-001,20260713
DT-WO-00014,P-AXLE-B,80,HIGH,2026-07-14T13:00:00+00:00,planned,synthetic_digital_twin_from_p0_sample,WO-P0-002,20260713
DT-WO-00015,P-HOUSING-A,60,NORMAL,2026-07-14T14:00:00+00:00,planned,synthetic_digital_twin_from_p0_sample,WO-P0-003,20260713
DT-WO-00016,P-AXLE-A,120,URGENT,2026-07-14T15:00:00+00:00,planned,synthetic_digital_twin_from_p0_sample,WO-P0-001,20260713
DT-WO-00017,P-AXLE-B,80,HIGH,2026-07-14T16:00:00+00:00,planned,synthetic_digital_twin_from_p0_sample,WO-P0-002,20260713
DT-WO-00018,P-HOUSING-A,60,NORMAL,2026-07-14T17:00:00+00:00,planned,synthetic_digital_twin_from_p0_sample,WO-P0-003,20260713
DT-WO-00019,P-AXLE-A,120,URGENT,2026-07-14T18:00:00+00:00,planned,synthetic_digital_twin_from_p0_sample,WO-P0-001,20260713
DT-WO-00020,P-AXLE-B,80,HIGH,2026-07-14T19:00:00+00:00,planned,synthetic_digital_twin_from_p0_sample,WO-P0-002,20260713
DT-WO-00021,P-HOUSING-A,60,NORMAL,2026-07-14T20:00:00+00:00,planned,synthetic_digital_twin_from_p0_sample,WO-P0-003,20260713
DT-WO-00022,P-AXLE-A,120,URGENT,2026-07-14T21:00:00+00:00,planned,synthetic_digital_twin_from_p0_sample,WO-P0-001,20260713
DT-WO-00023,P-AXLE-B,80,HIGH,2026-07-14T22:00:00+00:00,planned,synthetic_digital_twin_from_p0_sample,WO-P0-002,20260713
DT-WO-00024,P-HOUSING-A,60,NORMAL,2026-07-14T23:00:00+00:00,planned,synthetic_digital_twin_from_p0_sample,WO-P0-003,20260713
DT-WO-00025,P-AXLE-A,120,URGENT,2026-07-15T00:00:00+00:00,planned,synthetic_digital_twin_from_p0_sample,WO-P0-001,20260713
DT-WO-00026,P-AXLE-B,80,HIGH,2026-07-15T01:00:00+00:00,planned,synthetic_digital_twin_from_p0_sample,WO-P0-002,20260713
DT-WO-00027,P-HOUSING-A,60,NORMAL,2026-07-15T02:00:00+00:00,planned,synthetic_digital_twin_from_p0_sample,WO-P0-003,20260713
DT-WO-00028,P-AXLE-A,120,URGENT,2026-07-15T03:00:00+00:00,planned,synthetic_digital_twin_from_p0_sample,WO-P0-001,20260713
DT-WO-00029,P-AXLE-B,80,HIGH,2026-07-15T04:00:00+00:00,planned,synthetic_digital_twin_from_p0_sample,WO-P0-002,20260713
DT-WO-00030,P-HOUSING-A,60,NORMAL,2026-07-15T05:00:00+00:00,planned,synthetic_digital_twin_from_p0_sample,WO-P0-003,20260713
DT-WO-00031,P-AXLE-A,120,URGENT,2026-07-15T06:00:00+00:00,planned,synthetic_digital_twin_from_p0_sample,WO-P0-001,20260713
DT-WO-00032,P-AXLE-B,80,HIGH,2026-07-15T07:00:00+00:00,planned,synthetic_digital_twin_from_p0_sample,WO-P0-002,20260713
DT-WO-00033,P-HOUSING-A,60,NORMAL,2026-07-15T08:00:00+00:00,planned,synthetic_digital_twin_from_p0_sample,WO-P0-003,20260713
DT-WO-00034,P-AXLE-A,120,URGENT,2026-07-15T09:00:00+00:00,planned,synthetic_digital_twin_from_p0_sample,WO-P0-001,20260713
DT-WO-00035,P-AXLE-B,80,HIGH,2026-07-15T10:00:00+00:00,planned,synthetic_digital_twin_from_p0_sample,WO-P0-002,20260713
DT-WO-00036,P-HOUSING-A,60,NORMAL,2026-07-15T11:00:00+00:00,planned,synthetic_digital_twin_from_p0_sample,WO-P0-003,20260713
DT-WO-00037,P-AXLE-A,120,URGENT,2026-07-15T12:00:00+00:00,planned,synthetic_digital_twin_from_p0_sample,WO-P0-001,20260713
DT-WO-00038,P-AXLE-B,80,HIGH,2026-07-15T13:00:00+00:00,planned,synthetic_digital_twin_from_p0_sample,WO-P0-002,20260713
DT-WO-00039,P-HOUSING-A,60,NORMAL,2026-07-15T14:00:00+00:00,planned,synthetic_digital_twin_from_p0_sample,WO-P0-003,20260713
DT-WO-00040,P-AXLE-A,120,URGENT,2026-07-15T15:00:00+00:00,planned,synthetic_digital_twin_from_p0_sample,WO-P0-001,20260713
DT-WO-00041,P-AXLE-B,80,HIGH,2026-07-15T16:00:00+00:00,planned,synthetic_digital_twin_from_p0_sample,WO-P0-002,20260713
DT-WO-00042,P-HOUSING-A,60,NORMAL,2026-07-15T17:00:00+00:00,planned,synthetic_digital_twin_from_p0_sample,WO-P0-003,20260713
DT-WO-00043,P-AXLE-A,120,URGENT,2026-07-15T18:00:00+00:00,planned,synthetic_digital_twin_from_p0_sample,WO-P0-001,20260713
DT-WO-00044,P-AXLE-B,80,HIGH,2026-07-15T19:00:00+00:00,planned,synthetic_digital_twin_from_p0_sample,WO-P0-002,20260713
DT-WO-00045,P-HOUSING-A,60,NORMAL,2026-07-15T20:00:00+00:00,planned,synthetic_digital_twin_from_p0_sample,WO-P0-003,20260713
DT-WO-00046,P-AXLE-A,120,URGENT,2026-07-15T21:00:00+00:00,planned,synthetic_digital_twin_from_p0_sample,WO-P0-001,20260713
DT-WO-00047,P-AXLE-B,80,HIGH,2026-07-15T22:00:00+00:00,planned,synthetic_digital_twin_from_p0_sample,WO-P0-002,20260713
DT-WO-00048,P-HOUSING-A,60,NORMAL,2026-07-15T23:00:00+00:00,planned,synthetic_digital_twin_from_p0_sample,WO-P0-003,20260713
DT-WO-00049,P-AXLE-A,120,URGENT,2026-07-16T00:00:00+00:00,planned,synthetic_digital_twin_from_p0_sample,WO-P0-001,20260713
DT-WO-00050,P-AXLE-B,80,HIGH,2026-07-16T01:00:00+00:00,planned,synthetic_digital_twin_from_p0_sample,WO-P0-002,20260713
DT-WO-00051,P-HOUSING-A,60,NORMAL,2026-07-16T02:00:00+00:00,planned,synthetic_digital_twin_from_p0_sample,WO-P0-003,20260713
DT-WO-00052,P-AXLE-A,120,URGENT,2026-07-16T03:00:00+00:00,planned,synthetic_digital_twin_from_p0_sample,WO-P0-001,20260713
DT-WO-00053,P-AXLE-B,80,HIGH,2026-07-16T04:00:00+00:00,planned,synthetic_digital_twin_from_p0_sample,WO-P0-002,20260713
DT-WO-00054,P-HOUSING-A,60,NORMAL,2026-07-16T05:00:00+00:00,planned,synthetic_digital_twin_from_p0_sample,WO-P0-003,20260713
DT-WO-00055,P-AXLE-A,120,URGENT,2026-07-16T06:00:00+00:00,planned,synthetic_digital_twin_from_p0_sample,WO-P0-001,20260713
DT-WO-00056,P-AXLE-B,80,HIGH,2026-07-16T07:00:00+00:00,planned,synthetic_digital_twin_from_p0_sample,WO-P0-002,20260713
DT-WO-00057,P-HOUSING-A,60,NORMAL,2026-07-16T08:00:00+00:00,planned,synthetic_digital_twin_from_p0_sample,WO-P0-003,20260713
DT-WO-00058,P-AXLE-A,120,URGENT,2026-07-16T09:00:00+00:00,planned,synthetic_digital_twin_from_p0_sample,WO-P0-001,20260713
DT-WO-00059,P-AXLE-B,80,HIGH,2026-07-16T10:00:00+00:00,planned,synthetic_digital_twin_from_p0_sample,WO-P0-002,20260713
DT-WO-00060,P-HOUSING-A,60,NORMAL,2026-07-16T11:00:00+00:00,planned,synthetic_digital_twin_from_p0_sample,WO-P0-003,20260713
DT-WO-00061,P-AXLE-A,120,URGENT,2026-07-16T12:00:00+00:00,planned,synthetic_digital_twin_from_p0_sample,WO-P0-001,20260713
DT-WO-00062,P-AXLE-B,80,HIGH,2026-07-16T13:00:00+00:00,planned,synthetic_digital_twin_from_p0_sample,WO-P0-002,20260713
DT-WO-00063,P-HOUSING-A,60,NORMAL,2026-07-16T14:00:00+00:00,planned,synthetic_digital_twin_from_p0_sample,WO-P0-003,20260713
DT-WO-00064,P-AXLE-A,120,URGENT,2026-07-16T15:00:00+00:00,planned,synthetic_digital_twin_from_p0_sample,WO-P0-001,20260713
DT-WO-00065,P-AXLE-B,80,HIGH,2026-07-16T16:00:00+00:00,planned,synthetic_digital_twin_from_p0_sample,WO-P0-002,20260713
DT-WO-00066,P-HOUSING-A,60,NORMAL,2026-07-16T17:00:00+00:00,planned,synthetic_digital_twin_from_p0_sample,WO-P0-003,20260713
DT-WO-00067,P-AXLE-A,120,URGENT,2026-07-16T18:00:00+00:00,planned,synthetic_digital_twin_from_p0_sample,WO-P0-001,20260713
DT-WO-00068,P-AXLE-B,80,HIGH,2026-07-16T19:00:00+00:00,planned,synthetic_digital_twin_from_p0_sample,WO-P0-002,20260713
DT-WO-00069,P-HOUSING-A,60,NORMAL,2026-07-16T20:00:00+00:00,planned,synthetic_digital_twin_from_p0_sample,WO-P0-003,20260713
DT-WO-00070,P-AXLE-A,120,URGENT,2026-07-16T21:00:00+00:00,planned,synthetic_digital_twin_from_p0_sample,WO-P0-001,20260713
DT-WO-00071,P-AXLE-B,80,HIGH,2026-07-16T22:00:00+00:00,planned,synthetic_digital_twin_from_p0_sample,WO-P0-002,20260713
DT-WO-00072,P-HOUSING-A,60,NORMAL,2026-07-16T23:00:00+00:00,planned,synthetic_digital_twin_from_p0_sample,WO-P0-003,20260713
DT-WO-00073,P-AXLE-A,120,URGENT,2026-07-17T00:00:00+00:00,planned,synthetic_digital_twin_from_p0_sample,WO-P0-001,20260713
DT-WO-00074,P-AXLE-B,80,HIGH,2026-07-17T01:00:00+00:00,planned,synthetic_digital_twin_from_p0_sample,WO-P0-002,20260713
DT-WO-00075,P-HOUSING-A,60,NORMAL,2026-07-17T02:00:00+00:00,planned,synthetic_digital_twin_from_p0_sample,WO-P0-003,20260713
DT-WO-00076,P-AXLE-A,120,URGENT,2026-07-17T03:00:00+00:00,planned,synthetic_digital_twin_from_p0_sample,WO-P0-001,20260713
DT-WO-00077,P-AXLE-B,80,HIGH,2026-07-17T04:00:00+00:00,planned,synthetic_digital_twin_from_p0_sample,WO-P0-002,20260713
DT-WO-00078,P-HOUSING-A,60,NORMAL,2026-07-17T05:00:00+00:00,planned,synthetic_digital_twin_from_p0_sample,WO-P0-003,20260713
DT-WO-00079,P-AXLE-A,120,URGENT,2026-07-17T06:00:00+00:00,planned,synthetic_digital_twin_from_p0_sample,WO-P0-001,20260713
DT-WO-00080,P-AXLE-B,80,HIGH,2026-07-17T07:00:00+00:00,planned,synthetic_digital_twin_from_p0_sample,WO-P0-002,20260713
DT-WO-00081,P-HOUSING-A,60,NORMAL,2026-07-17T08:00:00+00:00,planned,synthetic_digital_twin_from_p0_sample,WO-P0-003,20260713
DT-WO-00082,P-AXLE-A,120,URGENT,2026-07-17T09:00:00+00:00,planned,synthetic_digital_twin_from_p0_sample,WO-P0-001,20260713
DT-WO-00083,P-AXLE-B,80,HIGH,2026-07-17T10:00:00+00:00,planned,synthetic_digital_twin_from_p0_sample,WO-P0-002,20260713
DT-WO-00084,P-HOUSING-A,60,NORMAL,2026-07-17T11:00:00+00:00,planned,synthetic_digital_twin_from_p0_sample,WO-P0-003,20260713
DT-WO-00085,P-AXLE-A,120,URGENT,2026-07-17T12:00:00+00:00,planned,synthetic_digital_twin_from_p0_sample,WO-P0-001,20260713
DT-WO-00086,P-AXLE-B,80,HIGH,2026-07-17T13:00:00+00:00,planned,synthetic_digital_twin_from_p0_sample,WO-P0-002,20260713
DT-WO-00087,P-HOUSING-A,60,NORMAL,2026-07-17T14:00:00+00:00,planned,synthetic_digital_twin_from_p0_sample,WO-P0-003,20260713
DT-WO-00088,P-AXLE-A,120,URGENT,2026-07-17T15:00:00+00:00,planned,synthetic_digital_twin_from_p0_sample,WO-P0-001,20260713
DT-WO-00089,P-AXLE-B,80,HIGH,2026-07-17T16:00:00+00:00,planned,synthetic_digital_twin_from_p0_sample,WO-P0-002,20260713
DT-WO-00090,P-HOUSING-A,60,NORMAL,2026-07-17T17:00:00+00:00,planned,synthetic_digital_twin_from_p0_sample,WO-P0-003,20260713
DT-WO-00091,P-AXLE-A,120,URGENT,2026-07-17T18:00:00+00:00,planned,synthetic_digital_twin_from_p0_sample,WO-P0-001,20260713
DT-WO-00092,P-AXLE-B,80,HIGH,2026-07-17T19:00:00+00:00,planned,synthetic_digital_twin_from_p0_sample,WO-P0-002,20260713
DT-WO-00093,P-HOUSING-A,60,NORMAL,2026-07-17T20:00:00+00:00,planned,synthetic_digital_twin_from_p0_sample,WO-P0-003,20260713
DT-WO-00094,P-AXLE-A,120,URGENT,2026-07-17T21:00:00+00:00,planned,synthetic_digital_twin_from_p0_sample,WO-P0-001,20260713
DT-WO-00095,P-AXLE-B,80,HIGH,2026-07-17T22:00:00+00:00,planned,synthetic_digital_twin_from_p0_sample,WO-P0-002,20260713
DT-WO-00096,P-HOUSING-A,60,NORMAL,2026-07-17T23:00:00+00:00,planned,synthetic_digital_twin_from_p0_sample,WO-P0-003,20260713
DT-WO-00097,P-AXLE-A,120,URGENT,2026-07-18T00:00:00+00:00,planned,synthetic_digital_twin_from_p0_sample,WO-P0-001,20260713
DT-WO-00098,P-AXLE-B,80,HIGH,2026-07-18T01:00:00+00:00,planned,synthetic_digital_twin_from_p0_sample,WO-P0-002,20260713
DT-WO-00099,P-HOUSING-A,60,NORMAL,2026-07-18T02:00:00+00:00,planned,synthetic_digital_twin_from_p0_sample,WO-P0-003,20260713
DT-WO-00100,P-AXLE-A,120,URGENT,2026-07-18T03:00:00+00:00,planned,synthetic_digital_twin_from_p0_sample,WO-P0-001,20260713
DT-WO-00101,P-AXLE-B,80,HIGH,2026-07-18T04:00:00+00:00,planned,synthetic_digital_twin_from_p0_sample,WO-P0-002,20260713
DT-WO-00102,P-HOUSING-A,60,NORMAL,2026-07-18T05:00:00+00:00,planned,synthetic_digital_twin_from_p0_sample,WO-P0-003,20260713
DT-WO-00103,P-AXLE-A,120,URGENT,2026-07-18T06:00:00+00:00,planned,synthetic_digital_twin_from_p0_sample,WO-P0-001,20260713
DT-WO-00104,P-AXLE-B,80,HIGH,2026-07-18T07:00:00+00:00,planned,synthetic_digital_twin_from_p0_sample,WO-P0-002,20260713
DT-WO-00105,P-HOUSING-A,60,NORMAL,2026-07-18T08:00:00+00:00,planned,synthetic_digital_twin_from_p0_sample,WO-P0-003,20260713
DT-WO-00106,P-AXLE-A,120,URGENT,2026-07-18T09:00:00+00:00,planned,synthetic_digital_twin_from_p0_sample,WO-P0-001,20260713
DT-WO-00107,P-AXLE-B,80,HIGH,2026-07-18T10:00:00+00:00,planned,synthetic_digital_twin_from_p0_sample,WO-P0-002,20260713
DT-WO-00108,P-HOUSING-A,60,NORMAL,2026-07-18T11:00:00+00:00,planned,synthetic_digital_twin_from_p0_sample,WO-P0-003,20260713
DT-WO-00109,P-AXLE-A,120,URGENT,2026-07-18T12:00:00+00:00,planned,synthetic_digital_twin_from_p0_sample,WO-P0-001,20260713
DT-WO-00110,P-AXLE-B,80,HIGH,2026-07-18T13:00:00+00:00,planned,synthetic_digital_twin_from_p0_sample,WO-P0-002,20260713
DT-WO-00111,P-HOUSING-A,60,NORMAL,2026-07-18T14:00:00+00:00,planned,synthetic_digital_twin_from_p0_sample,WO-P0-003,20260713
DT-WO-00112,P-AXLE-A,120,URGENT,2026-07-18T15:00:00+00:00,planned,synthetic_digital_twin_from_p0_sample,WO-P0-001,20260713
DT-WO-00113,P-AXLE-B,80,HIGH,2026-07-18T16:00:00+00:00,planned,synthetic_digital_twin_from_p0_sample,WO-P0-002,20260713
DT-WO-00114,P-HOUSING-A,60,NORMAL,2026-07-18T17:00:00+00:00,planned,synthetic_digital_twin_from_p0_sample,WO-P0-003,20260713
DT-WO-00115,P-AXLE-A,120,URGENT,2026-07-18T18:00:00+00:00,planned,synthetic_digital_twin_from_p0_sample,WO-P0-001,20260713
DT-WO-00116,P-AXLE-B,80,HIGH,2026-07-18T19:00:00+00:00,planned,synthetic_digital_twin_from_p0_sample,WO-P0-002,20260713
DT-WO-00117,P-HOUSING-A,60,NORMAL,2026-07-18T20:00:00+00:00,planned,synthetic_digital_twin_from_p0_sample,WO-P0-003,20260713
DT-WO-00118,P-AXLE-A,120,URGENT,2026-07-18T21:00:00+00:00,planned,synthetic_digital_twin_from_p0_sample,WO-P0-001,20260713
DT-WO-00119,P-AXLE-B,80,HIGH,2026-07-18T22:00:00+00:00,planned,synthetic_digital_twin_from_p0_sample,WO-P0-002,20260713
DT-WO-00120,P-HOUSING-A,60,NORMAL,2026-07-18T23:00:00+00:00,planned,synthetic_digital_twin_from_p0_sample,WO-P0-003,20260713
DT-WO-00121,P-AXLE-A,120,URGENT,2026-07-19T00:00:00+00:00,planned,synthetic_digital_twin_from_p0_sample,WO-P0-001,20260713
DT-WO-00122,P-AXLE-B,80,HIGH,2026-07-19T01:00:00+00:00,planned,synthetic_digital_twin_from_p0_sample,WO-P0-002,20260713
DT-WO-00123,P-HOUSING-A,60,NORMAL,2026-07-19T02:00:00+00:00,planned,synthetic_digital_twin_from_p0_sample,WO-P0-003,20260713
DT-WO-00124,P-AXLE-A,120,URGENT,2026-07-19T03:00:00+00:00,planned,synthetic_digital_twin_from_p0_sample,WO-P0-001,20260713
DT-WO-00125,P-AXLE-B,80,HIGH,2026-07-19T04:00:00+00:00,planned,synthetic_digital_twin_from_p0_sample,WO-P0-002,20260713
DT-WO-00126,P-HOUSING-A,60,NORMAL,2026-07-19T05:00:00+00:00,planned,synthetic_digital_twin_from_p0_sample,WO-P0-003,20260713
DT-WO-00127,P-AXLE-A,120,URGENT,2026-07-19T06:00:00+00:00,planned,synthetic_digital_twin_from_p0_sample,WO-P0-001,20260713
DT-WO-00128,P-AXLE-B,80,HIGH,2026-07-19T07:00:00+00:00,planned,synthetic_digital_twin_from_p0_sample,WO-P0-002,20260713
DT-WO-00129,P-HOUSING-A,60,NORMAL,2026-07-19T08:00:00+00:00,planned,synthetic_digital_twin_from_p0_sample,WO-P0-003,20260713
DT-WO-00130,P-AXLE-A,120,URGENT,2026-07-19T09:00:00+00:00,planned,synthetic_digital_twin_from_p0_sample,WO-P0-001,20260713
DT-WO-00131,P-AXLE-B,80,HIGH,2026-07-19T10:00:00+00:00,planned,synthetic_digital_twin_from_p0_sample,WO-P0-002,20260713
DT-WO-00132,P-HOUSING-A,60,NORMAL,2026-07-19T11:00:00+00:00,planned,synthetic_digital_twin_from_p0_sample,WO-P0-003,20260713
DT-WO-00133,P-AXLE-A,120,URGENT,2026-07-19T12:00:00+00:00,planned,synthetic_digital_twin_from_p0_sample,WO-P0-001,20260713
DT-WO-00134,P-AXLE-B,80,HIGH,2026-07-19T13:00:00+00:00,planned,synthetic_digital_twin_from_p0_sample,WO-P0-002,20260713
DT-WO-00135,P-HOUSING-A,60,NORMAL,2026-07-19T14:00:00+00:00,planned,synthetic_digital_twin_from_p0_sample,WO-P0-003,20260713
DT-WO-00136,P-AXLE-A,120,URGENT,2026-07-19T15:00:00+00:00,planned,synthetic_digital_twin_from_p0_sample,WO-P0-001,20260713
DT-WO-00137,P-AXLE-B,80,HIGH,2026-07-19T16:00:00+00:00,planned,synthetic_digital_twin_from_p0_sample,WO-P0-002,20260713
DT-WO-00138,P-HOUSING-A,60,NORMAL,2026-07-19T17:00:00+00:00,planned,synthetic_digital_twin_from_p0_sample,WO-P0-003,20260713
DT-WO-00139,P-AXLE-A,120,URGENT,2026-07-19T18:00:00+00:00,planned,synthetic_digital_twin_from_p0_sample,WO-P0-001,20260713
DT-WO-00140,P-AXLE-B,80,HIGH,2026-07-19T19:00:00+00:00,planned,synthetic_digital_twin_from_p0_sample,WO-P0-002,20260713
DT-WO-00141,P-HOUSING-A,60,NORMAL,2026-07-19T20:00:00+00:00,planned,synthetic_digital_twin_from_p0_sample,WO-P0-003,20260713
DT-WO-00142,P-AXLE-A,120,URGENT,2026-07-19T21:00:00+00:00,planned,synthetic_digital_twin_from_p0_sample,WO-P0-001,20260713
DT-WO-00143,P-AXLE-B,80,HIGH,2026-07-19T22:00:00+00:00,planned,synthetic_digital_twin_from_p0_sample,WO-P0-002,20260713
DT-WO-00144,P-HOUSING-A,60,NORMAL,2026-07-19T23:00:00+00:00,planned,synthetic_digital_twin_from_p0_sample,WO-P0-003,20260713
DT-WO-00145,P-AXLE-A,120,URGENT,2026-07-20T00:00:00+00:00,planned,synthetic_digital_twin_from_p0_sample,WO-P0-001,20260713
DT-WO-00146,P-AXLE-B,80,HIGH,2026-07-20T01:00:00+00:00,planned,synthetic_digital_twin_from_p0_sample,WO-P0-002,20260713
DT-WO-00147,P-HOUSING-A,60,NORMAL,2026-07-20T02:00:00+00:00,planned,synthetic_digital_twin_from_p0_sample,WO-P0-003,20260713
DT-WO-00148,P-AXLE-A,120,URGENT,2026-07-20T03:00:00+00:00,planned,synthetic_digital_twin_from_p0_sample,WO-P0-001,20260713
DT-WO-00149,P-AXLE-B,80,HIGH,2026-07-20T04:00:00+00:00,planned,synthetic_digital_twin_from_p0_sample,WO-P0-002,20260713
DT-WO-00150,P-HOUSING-A,60,NORMAL,2026-07-20T05:00:00+00:00,planned,synthetic_digital_twin_from_p0_sample,WO-P0-003,20260713
DT-WO-00151,P-AXLE-A,120,URGENT,2026-07-20T06:00:00+00:00,planned,synthetic_digital_twin_from_p0_sample,WO-P0-001,20260713
DT-WO-00152,P-AXLE-B,80,HIGH,2026-07-20T07:00:00+00:00,planned,synthetic_digital_twin_from_p0_sample,WO-P0-002,20260713
DT-WO-00153,P-HOUSING-A,60,NORMAL,2026-07-20T08:00:00+00:00,planned,synthetic_digital_twin_from_p0_sample,WO-P0-003,20260713
DT-WO-00154,P-AXLE-A,120,URGENT,2026-07-20T09:00:00+00:00,planned,synthetic_digital_twin_from_p0_sample,WO-P0-001,20260713
DT-WO-00155,P-AXLE-B,80,HIGH,2026-07-20T10:00:00+00:00,planned,synthetic_digital_twin_from_p0_sample,WO-P0-002,20260713
DT-WO-00156,P-HOUSING-A,60,NORMAL,2026-07-20T11:00:00+00:00,planned,synthetic_digital_twin_from_p0_sample,WO-P0-003,20260713
DT-WO-00157,P-AXLE-A,120,URGENT,2026-07-20T12:00:00+00:00,planned,synthetic_digital_twin_from_p0_sample,WO-P0-001,20260713
DT-WO-00158,P-AXLE-B,80,HIGH,2026-07-20T13:00:00+00:00,planned,synthetic_digital_twin_from_p0_sample,WO-P0-002,20260713
DT-WO-00159,P-HOUSING-A,60,NORMAL,2026-07-20T14:00:00+00:00,planned,synthetic_digital_twin_from_p0_sample,WO-P0-003,20260713
DT-WO-00160,P-AXLE-A,120,URGENT,2026-07-20T15:00:00+00:00,planned,synthetic_digital_twin_from_p0_sample,WO-P0-001,20260713
DT-WO-00161,P-AXLE-B,80,HIGH,2026-07-20T16:00:00+00:00,planned,synthetic_digital_twin_from_p0_sample,WO-P0-002,20260713
DT-WO-00162,P-HOUSING-A,60,NORMAL,2026-07-20T17:00:00+00:00,planned,synthetic_digital_twin_from_p0_sample,WO-P0-003,20260713
DT-WO-00163,P-AXLE-A,120,URGENT,2026-07-20T18:00:00+00:00,planned,synthetic_digital_twin_from_p0_sample,WO-P0-001,20260713
DT-WO-00164,P-AXLE-B,80,HIGH,2026-07-20T19:00:00+00:00,planned,synthetic_digital_twin_from_p0_sample,WO-P0-002,20260713
DT-WO-00165,P-HOUSING-A,60,NORMAL,2026-07-20T20:00:00+00:00,planned,synthetic_digital_twin_from_p0_sample,WO-P0-003,20260713
DT-WO-00166,P-AXLE-A,120,URGENT,2026-07-20T21:00:00+00:00,planned,synthetic_digital_twin_from_p0_sample,WO-P0-001,20260713
DT-WO-00167,P-AXLE-B,80,HIGH,2026-07-20T22:00:00+00:00,planned,synthetic_digital_twin_from_p0_sample,WO-P0-002,20260713
DT-WO-00168,P-HOUSING-A,60,NORMAL,2026-07-20T23:00:00+00:00,planned,synthetic_digital_twin_from_p0_sample,WO-P0-003,20260713
DT-WO-00169,P-AXLE-A,120,URGENT,2026-07-14T00:00:00+00:00,planned,synthetic_digital_twin_from_p0_sample,WO-P0-001,20260713
DT-WO-00170,P-AXLE-B,80,HIGH,2026-07-14T01:00:00+00:00,planned,synthetic_digital_twin_from_p0_sample,WO-P0-002,20260713
DT-WO-00171,P-HOUSING-A,60,NORMAL,2026-07-14T02:00:00+00:00,planned,synthetic_digital_twin_from_p0_sample,WO-P0-003,20260713
DT-WO-00172,P-AXLE-A,120,URGENT,2026-07-14T03:00:00+00:00,planned,synthetic_digital_twin_from_p0_sample,WO-P0-001,20260713
DT-WO-00173,P-AXLE-B,80,HIGH,2026-07-14T04:00:00+00:00,planned,synthetic_digital_twin_from_p0_sample,WO-P0-002,20260713
DT-WO-00174,P-HOUSING-A,60,NORMAL,2026-07-14T05:00:00+00:00,planned,synthetic_digital_twin_from_p0_sample,WO-P0-003,20260713
DT-WO-00175,P-AXLE-A,120,URGENT,2026-07-14T06:00:00+00:00,planned,synthetic_digital_twin_from_p0_sample,WO-P0-001,20260713
DT-WO-00176,P-AXLE-B,80,HIGH,2026-07-14T07:00:00+00:00,planned,synthetic_digital_twin_from_p0_sample,WO-P0-002,20260713
DT-WO-00177,P-HOUSING-A,60,NORMAL,2026-07-14T08:00:00+00:00,planned,synthetic_digital_twin_from_p0_sample,WO-P0-003,20260713
DT-WO-00178,P-AXLE-A,120,URGENT,2026-07-14T09:00:00+00:00,planned,synthetic_digital_twin_from_p0_sample,WO-P0-001,20260713
DT-WO-00179,P-AXLE-B,80,HIGH,2026-07-14T10:00:00+00:00,planned,synthetic_digital_twin_from_p0_sample,WO-P0-002,20260713
DT-WO-00180,P-HOUSING-A,60,NORMAL,2026-07-14T11:00:00+00:00,planned,synthetic_digital_twin_from_p0_sample,WO-P0-003,20260713
DT-WO-00181,P-AXLE-A,120,URGENT,2026-07-14T12:00:00+00:00,planned,synthetic_digital_twin_from_p0_sample,WO-P0-001,20260713
DT-WO-00182,P-AXLE-B,80,HIGH,2026-07-14T13:00:00+00:00,planned,synthetic_digital_twin_from_p0_sample,WO-P0-002,20260713
DT-WO-00183,P-HOUSING-A,60,NORMAL,2026-07-14T14:00:00+00:00,planned,synthetic_digital_twin_from_p0_sample,WO-P0-003,20260713
DT-WO-00184,P-AXLE-A,120,URGENT,2026-07-14T15:00:00+00:00,planned,synthetic_digital_twin_from_p0_sample,WO-P0-001,20260713
DT-WO-00185,P-AXLE-B,80,HIGH,2026-07-14T16:00:00+00:00,planned,synthetic_digital_twin_from_p0_sample,WO-P0-002,20260713
DT-WO-00186,P-HOUSING-A,60,NORMAL,2026-07-14T17:00:00+00:00,planned,synthetic_digital_twin_from_p0_sample,WO-P0-003,20260713
DT-WO-00187,P-AXLE-A,120,URGENT,2026-07-14T18:00:00+00:00,planned,synthetic_digital_twin_from_p0_sample,WO-P0-001,20260713
DT-WO-00188,P-AXLE-B,80,HIGH,2026-07-14T19:00:00+00:00,planned,synthetic_digital_twin_from_p0_sample,WO-P0-002,20260713
DT-WO-00189,P-HOUSING-A,60,NORMAL,2026-07-14T20:00:00+00:00,planned,synthetic_digital_twin_from_p0_sample,WO-P0-003,20260713
DT-WO-00190,P-AXLE-A,120,URGENT,2026-07-14T21:00:00+00:00,planned,synthetic_digital_twin_from_p0_sample,WO-P0-001,20260713
DT-WO-00191,P-AXLE-B,80,HIGH,2026-07-14T22:00:00+00:00,planned,synthetic_digital_twin_from_p0_sample,WO-P0-002,20260713
DT-WO-00192,P-HOUSING-A,60,NORMAL,2026-07-14T23:00:00+00:00,planned,synthetic_digital_twin_from_p0_sample,WO-P0-003,20260713
DT-WO-00193,P-AXLE-A,120,URGENT,2026-07-15T00:00:00+00:00,planned,synthetic_digital_twin_from_p0_sample,WO-P0-001,20260713
DT-WO-00194,P-AXLE-B,80,HIGH,2026-07-15T01:00:00+00:00,planned,synthetic_digital_twin_from_p0_sample,WO-P0-002,20260713
DT-WO-00195,P-HOUSING-A,60,NORMAL,2026-07-15T02:00:00+00:00,planned,synthetic_digital_twin_from_p0_sample,WO-P0-003,20260713
DT-WO-00196,P-AXLE-A,120,URGENT,2026-07-15T03:00:00+00:00,planned,synthetic_digital_twin_from_p0_sample,WO-P0-001,20260713
DT-WO-00197,P-AXLE-B,80,HIGH,2026-07-15T04:00:00+00:00,planned,synthetic_digital_twin_from_p0_sample,WO-P0-002,20260713
DT-WO-00198,P-HOUSING-A,60,NORMAL,2026-07-15T05:00:00+00:00,planned,synthetic_digital_twin_from_p0_sample,WO-P0-003,20260713
DT-WO-00199,P-AXLE-A,120,URGENT,2026-07-15T06:00:00+00:00,planned,synthetic_digital_twin_from_p0_sample,WO-P0-001,20260713
DT-WO-00200,P-AXLE-B,80,HIGH,2026-07-15T07:00:00+00:00,planned,synthetic_digital_twin_from_p0_sample,WO-P0-002,20260713
DT-WO-00201,P-HOUSING-A,60,NORMAL,2026-07-15T08:00:00+00:00,planned,synthetic_digital_twin_from_p0_sample,WO-P0-003,20260713
DT-WO-00202,P-AXLE-A,120,URGENT,2026-07-15T09:00:00+00:00,planned,synthetic_digital_twin_from_p0_sample,WO-P0-001,20260713
DT-WO-00203,P-AXLE-B,80,HIGH,2026-07-15T10:00:00+00:00,planned,synthetic_digital_twin_from_p0_sample,WO-P0-002,20260713
DT-WO-00204,P-HOUSING-A,60,NORMAL,2026-07-15T11:00:00+00:00,planned,synthetic_digital_twin_from_p0_sample,WO-P0-003,20260713
DT-WO-00205,P-AXLE-A,120,URGENT,2026-07-15T12:00:00+00:00,planned,synthetic_digital_twin_from_p0_sample,WO-P0-001,20260713
DT-WO-00206,P-AXLE-B,80,HIGH,2026-07-15T13:00:00+00:00,planned,synthetic_digital_twin_from_p0_sample,WO-P0-002,20260713
DT-WO-00207,P-HOUSING-A,60,NORMAL,2026-07-15T14:00:00+00:00,planned,synthetic_digital_twin_from_p0_sample,WO-P0-003,20260713
DT-WO-00208,P-AXLE-A,120,URGENT,2026-07-15T15:00:00+00:00,planned,synthetic_digital_twin_from_p0_sample,WO-P0-001,20260713
DT-WO-00209,P-AXLE-B,80,HIGH,2026-07-15T16:00:00+00:00,planned,synthetic_digital_twin_from_p0_sample,WO-P0-002,20260713
DT-WO-00210,P-HOUSING-A,60,NORMAL,2026-07-15T17:00:00+00:00,planned,synthetic_digital_twin_from_p0_sample,WO-P0-003,20260713
DT-WO-00211,P-AXLE-A,120,URGENT,2026-07-15T18:00:00+00:00,planned,synthetic_digital_twin_from_p0_sample,WO-P0-001,20260713
DT-WO-00212,P-AXLE-B,80,HIGH,2026-07-15T19:00:00+00:00,planned,synthetic_digital_twin_from_p0_sample,WO-P0-002,20260713
DT-WO-00213,P-HOUSING-A,60,NORMAL,2026-07-15T20:00:00+00:00,planned,synthetic_digital_twin_from_p0_sample,WO-P0-003,20260713
DT-WO-00214,P-AXLE-A,120,URGENT,2026-07-15T21:00:00+00:00,planned,synthetic_digital_twin_from_p0_sample,WO-P0-001,20260713
DT-WO-00215,P-AXLE-B,80,HIGH,2026-07-15T22:00:00+00:00,planned,synthetic_digital_twin_from_p0_sample,WO-P0-002,20260713
DT-WO-00216,P-HOUSING-A,60,NORMAL,2026-07-15T23:00:00+00:00,planned,synthetic_digital_twin_from_p0_sample,WO-P0-003,20260713
DT-WO-00217,P-AXLE-A,120,URGENT,2026-07-16T00:00:00+00:00,planned,synthetic_digital_twin_from_p0_sample,WO-P0-001,20260713
DT-WO-00218,P-AXLE-B,80,HIGH,2026-07-16T01:00:00+00:00,planned,synthetic_digital_twin_from_p0_sample,WO-P0-002,20260713
DT-WO-00219,P-HOUSING-A,60,NORMAL,2026-07-16T02:00:00+00:00,planned,synthetic_digital_twin_from_p0_sample,WO-P0-003,20260713
DT-WO-00220,P-AXLE-A,120,URGENT,2026-07-16T03:00:00+00:00,planned,synthetic_digital_twin_from_p0_sample,WO-P0-001,20260713
DT-WO-00221,P-AXLE-B,80,HIGH,2026-07-16T04:00:00+00:00,planned,synthetic_digital_twin_from_p0_sample,WO-P0-002,20260713
DT-WO-00222,P-HOUSING-A,60,NORMAL,2026-07-16T05:00:00+00:00,planned,synthetic_digital_twin_from_p0_sample,WO-P0-003,20260713
DT-WO-00223,P-AXLE-A,120,URGENT,2026-07-16T06:00:00+00:00,planned,synthetic_digital_twin_from_p0_sample,WO-P0-001,20260713
DT-WO-00224,P-AXLE-B,80,HIGH,2026-07-16T07:00:00+00:00,planned,synthetic_digital_twin_from_p0_sample,WO-P0-002,20260713
DT-WO-00225,P-HOUSING-A,60,NORMAL,2026-07-16T08:00:00+00:00,planned,synthetic_digital_twin_from_p0_sample,WO-P0-003,20260713
DT-WO-00226,P-AXLE-A,120,URGENT,2026-07-16T09:00:00+00:00,planned,synthetic_digital_twin_from_p0_sample,WO-P0-001,20260713
DT-WO-00227,P-AXLE-B,80,HIGH,2026-07-16T10:00:00+00:00,planned,synthetic_digital_twin_from_p0_sample,WO-P0-002,20260713
DT-WO-00228,P-HOUSING-A,60,NORMAL,2026-07-16T11:00:00+00:00,planned,synthetic_digital_twin_from_p0_sample,WO-P0-003,20260713
DT-WO-00229,P-AXLE-A,120,URGENT,2026-07-16T12:00:00+00:00,planned,synthetic_digital_twin_from_p0_sample,WO-P0-001,20260713
DT-WO-00230,P-AXLE-B,80,HIGH,2026-07-16T13:00:00+00:00,planned,synthetic_digital_twin_from_p0_sample,WO-P0-002,20260713
DT-WO-00231,P-HOUSING-A,60,NORMAL,2026-07-16T14:00:00+00:00,planned,synthetic_digital_twin_from_p0_sample,WO-P0-003,20260713
DT-WO-00232,P-AXLE-A,120,URGENT,2026-07-16T15:00:00+00:00,planned,synthetic_digital_twin_from_p0_sample,WO-P0-001,20260713
DT-WO-00233,P-AXLE-B,80,HIGH,2026-07-16T16:00:00+00:00,planned,synthetic_digital_twin_from_p0_sample,WO-P0-002,20260713
DT-WO-00234,P-HOUSING-A,60,NORMAL,2026-07-16T17:00:00+00:00,planned,synthetic_digital_twin_from_p0_sample,WO-P0-003,20260713
DT-WO-00235,P-AXLE-A,120,URGENT,2026-07-16T18:00:00+00:00,planned,synthetic_digital_twin_from_p0_sample,WO-P0-001,20260713
DT-WO-00236,P-AXLE-B,80,HIGH,2026-07-16T19:00:00+00:00,planned,synthetic_digital_twin_from_p0_sample,WO-P0-002,20260713
DT-WO-00237,P-HOUSING-A,60,NORMAL,2026-07-16T20:00:00+00:00,planned,synthetic_digital_twin_from_p0_sample,WO-P0-003,20260713
DT-WO-00238,P-AXLE-A,120,URGENT,2026-07-16T21:00:00+00:00,planned,synthetic_digital_twin_from_p0_sample,WO-P0-001,20260713
DT-WO-00239,P-AXLE-B,80,HIGH,2026-07-16T22:00:00+00:00,planned,synthetic_digital_twin_from_p0_sample,WO-P0-002,20260713
DT-WO-00240,P-HOUSING-A,60,NORMAL,2026-07-16T23:00:00+00:00,planned,synthetic_digital_twin_from_p0_sample,WO-P0-003,20260713
DT-WO-00241,P-AXLE-A,120,URGENT,2026-07-17T00:00:00+00:00,planned,synthetic_digital_twin_from_p0_sample,WO-P0-001,20260713
DT-WO-00242,P-AXLE-B,80,HIGH,2026-07-17T01:00:00+00:00,planned,synthetic_digital_twin_from_p0_sample,WO-P0-002,20260713
DT-WO-00243,P-HOUSING-A,60,NORMAL,2026-07-17T02:00:00+00:00,planned,synthetic_digital_twin_from_p0_sample,WO-P0-003,20260713
DT-WO-00244,P-AXLE-A,120,URGENT,2026-07-17T03:00:00+00:00,planned,synthetic_digital_twin_from_p0_sample,WO-P0-001,20260713
DT-WO-00245,P-AXLE-B,80,HIGH,2026-07-17T04:00:00+00:00,planned,synthetic_digital_twin_from_p0_sample,WO-P0-002,20260713
DT-WO-00246,P-HOUSING-A,60,NORMAL,2026-07-17T05:00:00+00:00,planned,synthetic_digital_twin_from_p0_sample,WO-P0-003,20260713
DT-WO-00247,P-AXLE-A,120,URGENT,2026-07-17T06:00:00+00:00,planned,synthetic_digital_twin_from_p0_sample,WO-P0-001,20260713
DT-WO-00248,P-AXLE-B,80,HIGH,2026-07-17T07:00:00+00:00,planned,synthetic_digital_twin_from_p0_sample,WO-P0-002,20260713
DT-WO-00249,P-HOUSING-A,60,NORMAL,2026-07-17T08:00:00+00:00,planned,synthetic_digital_twin_from_p0_sample,WO-P0-003,20260713
DT-WO-00250,P-AXLE-A,120,URGENT,2026-07-17T09:00:00+00:00,planned,synthetic_digital_twin_from_p0_sample,WO-P0-001,20260713
DT-WO-00251,P-AXLE-B,80,HIGH,2026-07-17T10:00:00+00:00,planned,synthetic_digital_twin_from_p0_sample,WO-P0-002,20260713
DT-WO-00252,P-HOUSING-A,60,NORMAL,2026-07-17T11:00:00+00:00,planned,synthetic_digital_twin_from_p0_sample,WO-P0-003,20260713
DT-WO-00253,P-AXLE-A,120,URGENT,2026-07-17T12:00:00+00:00,planned,synthetic_digital_twin_from_p0_sample,WO-P0-001,20260713
DT-WO-00254,P-AXLE-B,80,HIGH,2026-07-17T13:00:00+00:00,planned,synthetic_digital_twin_from_p0_sample,WO-P0-002,20260713
DT-WO-00255,P-HOUSING-A,60,NORMAL,2026-07-17T14:00:00+00:00,planned,synthetic_digital_twin_from_p0_sample,WO-P0-003,20260713
DT-WO-00256,P-AXLE-A,120,URGENT,2026-07-17T15:00:00+00:00,planned,synthetic_digital_twin_from_p0_sample,WO-P0-001,20260713
DT-WO-00257,P-AXLE-B,80,HIGH,2026-07-17T16:00:00+00:00,planned,synthetic_digital_twin_from_p0_sample,WO-P0-002,20260713
DT-WO-00258,P-HOUSING-A,60,NORMAL,2026-07-17T17:00:00+00:00,planned,synthetic_digital_twin_from_p0_sample,WO-P0-003,20260713
DT-WO-00259,P-AXLE-A,120,URGENT,2026-07-17T18:00:00+00:00,planned,synthetic_digital_twin_from_p0_sample,WO-P0-001,20260713
DT-WO-00260,P-AXLE-B,80,HIGH,2026-07-17T19:00:00+00:00,planned,synthetic_digital_twin_from_p0_sample,WO-P0-002,20260713
DT-WO-00261,P-HOUSING-A,60,NORMAL,2026-07-17T20:00:00+00:00,planned,synthetic_digital_twin_from_p0_sample,WO-P0-003,20260713
DT-WO-00262,P-AXLE-A,120,URGENT,2026-07-17T21:00:00+00:00,planned,synthetic_digital_twin_from_p0_sample,WO-P0-001,20260713
DT-WO-00263,P-AXLE-B,80,HIGH,2026-07-17T22:00:00+00:00,planned,synthetic_digital_twin_from_p0_sample,WO-P0-002,20260713
DT-WO-00264,P-HOUSING-A,60,NORMAL,2026-07-17T23:00:00+00:00,planned,synthetic_digital_twin_from_p0_sample,WO-P0-003,20260713
DT-WO-00265,P-AXLE-A,120,URGENT,2026-07-18T00:00:00+00:00,planned,synthetic_digital_twin_from_p0_sample,WO-P0-001,20260713
DT-WO-00266,P-AXLE-B,80,HIGH,2026-07-18T01:00:00+00:00,planned,synthetic_digital_twin_from_p0_sample,WO-P0-002,20260713
DT-WO-00267,P-HOUSING-A,60,NORMAL,2026-07-18T02:00:00+00:00,planned,synthetic_digital_twin_from_p0_sample,WO-P0-003,20260713
DT-WO-00268,P-AXLE-A,120,URGENT,2026-07-18T03:00:00+00:00,planned,synthetic_digital_twin_from_p0_sample,WO-P0-001,20260713
DT-WO-00269,P-AXLE-B,80,HIGH,2026-07-18T04:00:00+00:00,planned,synthetic_digital_twin_from_p0_sample,WO-P0-002,20260713
DT-WO-00270,P-HOUSING-A,60,NORMAL,2026-07-18T05:00:00+00:00,planned,synthetic_digital_twin_from_p0_sample,WO-P0-003,20260713
DT-WO-00271,P-AXLE-A,120,URGENT,2026-07-18T06:00:00+00:00,planned,synthetic_digital_twin_from_p0_sample,WO-P0-001,20260713
DT-WO-00272,P-AXLE-B,80,HIGH,2026-07-18T07:00:00+00:00,planned,synthetic_digital_twin_from_p0_sample,WO-P0-002,20260713
DT-WO-00273,P-HOUSING-A,60,NORMAL,2026-07-18T08:00:00+00:00,planned,synthetic_digital_twin_from_p0_sample,WO-P0-003,20260713
DT-WO-00274,P-AXLE-A,120,URGENT,2026-07-18T09:00:00+00:00,planned,synthetic_digital_twin_from_p0_sample,WO-P0-001,20260713
DT-WO-00275,P-AXLE-B,80,HIGH,2026-07-18T10:00:00+00:00,planned,synthetic_digital_twin_from_p0_sample,WO-P0-002,20260713
DT-WO-00276,P-HOUSING-A,60,NORMAL,2026-07-18T11:00:00+00:00,planned,synthetic_digital_twin_from_p0_sample,WO-P0-003,20260713
DT-WO-00277,P-AXLE-A,120,URGENT,2026-07-18T12:00:00+00:00,planned,synthetic_digital_twin_from_p0_sample,WO-P0-001,20260713
DT-WO-00278,P-AXLE-B,80,HIGH,2026-07-18T13:00:00+00:00,planned,synthetic_digital_twin_from_p0_sample,WO-P0-002,20260713
DT-WO-00279,P-HOUSING-A,60,NORMAL,2026-07-18T14:00:00+00:00,planned,synthetic_digital_twin_from_p0_sample,WO-P0-003,20260713
DT-WO-00280,P-AXLE-A,120,URGENT,2026-07-18T15:00:00+00:00,planned,synthetic_digital_twin_from_p0_sample,WO-P0-001,20260713
DT-WO-00281,P-AXLE-B,80,HIGH,2026-07-18T16:00:00+00:00,planned,synthetic_digital_twin_from_p0_sample,WO-P0-002,20260713
DT-WO-00282,P-HOUSING-A,60,NORMAL,2026-07-18T17:00:00+00:00,planned,synthetic_digital_twin_from_p0_sample,WO-P0-003,20260713
DT-WO-00283,P-AXLE-A,120,URGENT,2026-07-18T18:00:00+00:00,planned,synthetic_digital_twin_from_p0_sample,WO-P0-001,20260713
DT-WO-00284,P-AXLE-B,80,HIGH,2026-07-18T19:00:00+00:00,planned,synthetic_digital_twin_from_p0_sample,WO-P0-002,20260713
DT-WO-00285,P-HOUSING-A,60,NORMAL,2026-07-18T20:00:00+00:00,planned,synthetic_digital_twin_from_p0_sample,WO-P0-003,20260713
DT-WO-00286,P-AXLE-A,120,URGENT,2026-07-18T21:00:00+00:00,planned,synthetic_digital_twin_from_p0_sample,WO-P0-001,20260713
DT-WO-00287,P-AXLE-B,80,HIGH,2026-07-18T22:00:00+00:00,planned,synthetic_digital_twin_from_p0_sample,WO-P0-002,20260713
DT-WO-00288,P-HOUSING-A,60,NORMAL,2026-07-18T23:00:00+00:00,planned,synthetic_digital_twin_from_p0_sample,WO-P0-003,20260713
DT-WO-00289,P-AXLE-A,120,URGENT,2026-07-19T00:00:00+00:00,planned,synthetic_digital_twin_from_p0_sample,WO-P0-001,20260713
DT-WO-00290,P-AXLE-B,80,HIGH,2026-07-19T01:00:00+00:00,planned,synthetic_digital_twin_from_p0_sample,WO-P0-002,20260713
DT-WO-00291,P-HOUSING-A,60,NORMAL,2026-07-19T02:00:00+00:00,planned,synthetic_digital_twin_from_p0_sample,WO-P0-003,20260713
DT-WO-00292,P-AXLE-A,120,URGENT,2026-07-19T03:00:00+00:00,planned,synthetic_digital_twin_from_p0_sample,WO-P0-001,20260713
DT-WO-00293,P-AXLE-B,80,HIGH,2026-07-19T04:00:00+00:00,planned,synthetic_digital_twin_from_p0_sample,WO-P0-002,20260713
DT-WO-00294,P-HOUSING-A,60,NORMAL,2026-07-19T05:00:00+00:00,planned,synthetic_digital_twin_from_p0_sample,WO-P0-003,20260713
DT-WO-00295,P-AXLE-A,120,URGENT,2026-07-19T06:00:00+00:00,planned,synthetic_digital_twin_from_p0_sample,WO-P0-001,20260713
DT-WO-00296,P-AXLE-B,80,HIGH,2026-07-19T07:00:00+00:00,planned,synthetic_digital_twin_from_p0_sample,WO-P0-002,20260713
DT-WO-00297,P-HOUSING-A,60,NORMAL,2026-07-19T08:00:00+00:00,planned,synthetic_digital_twin_from_p0_sample,WO-P0-003,20260713
DT-WO-00298,P-AXLE-A,120,URGENT,2026-07-19T09:00:00+00:00,planned,synthetic_digital_twin_from_p0_sample,WO-P0-001,20260713
DT-WO-00299,P-AXLE-B,80,HIGH,2026-07-19T10:00:00+00:00,planned,synthetic_digital_twin_from_p0_sample,WO-P0-002,20260713
DT-WO-00300,P-HOUSING-A,60,NORMAL,2026-07-19T11:00:00+00:00,planned,synthetic_digital_twin_from_p0_sample,WO-P0-003,20260713
DT-WO-00301,P-AXLE-A,120,URGENT,2026-07-19T12:00:00+00:00,planned,synthetic_digital_twin_from_p0_sample,WO-P0-001,20260713
DT-WO-00302,P-AXLE-B,80,HIGH,2026-07-19T13:00:00+00:00,planned,synthetic_digital_twin_from_p0_sample,WO-P0-002,20260713
DT-WO-00303,P-HOUSING-A,60,NORMAL,2026-07-19T14:00:00+00:00,planned,synthetic_digital_twin_from_p0_sample,WO-P0-003,20260713
DT-WO-00304,P-AXLE-A,120,URGENT,2026-07-19T15:00:00+00:00,planned,synthetic_digital_twin_from_p0_sample,WO-P0-001,20260713
DT-WO-00305,P-AXLE-B,80,HIGH,2026-07-19T16:00:00+00:00,planned,synthetic_digital_twin_from_p0_sample,WO-P0-002,20260713
DT-WO-00306,P-HOUSING-A,60,NORMAL,2026-07-19T17:00:00+00:00,planned,synthetic_digital_twin_from_p0_sample,WO-P0-003,20260713
DT-WO-00307,P-AXLE-A,120,URGENT,2026-07-19T18:00:00+00:00,planned,synthetic_digital_twin_from_p0_sample,WO-P0-001,20260713
DT-WO-00308,P-AXLE-B,80,HIGH,2026-07-19T19:00:00+00:00,planned,synthetic_digital_twin_from_p0_sample,WO-P0-002,20260713
DT-WO-00309,P-HOUSING-A,60,NORMAL,2026-07-19T20:00:00+00:00,planned,synthetic_digital_twin_from_p0_sample,WO-P0-003,20260713
DT-WO-00310,P-AXLE-A,120,URGENT,2026-07-19T21:00:00+00:00,planned,synthetic_digital_twin_from_p0_sample,WO-P0-001,20260713
DT-WO-00311,P-AXLE-B,80,HIGH,2026-07-19T22:00:00+00:00,planned,synthetic_digital_twin_from_p0_sample,WO-P0-002,20260713
DT-WO-00312,P-HOUSING-A,60,NORMAL,2026-07-19T23:00:00+00:00,planned,synthetic_digital_twin_from_p0_sample,WO-P0-003,20260713
DT-WO-00313,P-AXLE-A,120,URGENT,2026-07-20T00:00:00+00:00,planned,synthetic_digital_twin_from_p0_sample,WO-P0-001,20260713
DT-WO-00314,P-AXLE-B,80,HIGH,2026-07-20T01:00:00+00:00,planned,synthetic_digital_twin_from_p0_sample,WO-P0-002,20260713
DT-WO-00315,P-HOUSING-A,60,NORMAL,2026-07-20T02:00:00+00:00,planned,synthetic_digital_twin_from_p0_sample,WO-P0-003,20260713
DT-WO-00316,P-AXLE-A,120,URGENT,2026-07-20T03:00:00+00:00,planned,synthetic_digital_twin_from_p0_sample,WO-P0-001,20260713
DT-WO-00317,P-AXLE-B,80,HIGH,2026-07-20T04:00:00+00:00,planned,synthetic_digital_twin_from_p0_sample,WO-P0-002,20260713
DT-WO-00318,P-HOUSING-A,60,NORMAL,2026-07-20T05:00:00+00:00,planned,synthetic_digital_twin_from_p0_sample,WO-P0-003,20260713
DT-WO-00319,P-AXLE-A,120,URGENT,2026-07-20T06:00:00+00:00,planned,synthetic_digital_twin_from_p0_sample,WO-P0-001,20260713
DT-WO-00320,P-AXLE-B,80,HIGH,2026-07-20T07:00:00+00:00,planned,synthetic_digital_twin_from_p0_sample,WO-P0-002,20260713
DT-WO-00321,P-HOUSING-A,60,NORMAL,2026-07-20T08:00:00+00:00,planned,synthetic_digital_twin_from_p0_sample,WO-P0-003,20260713
DT-WO-00322,P-AXLE-A,120,URGENT,2026-07-20T09:00:00+00:00,planned,synthetic_digital_twin_from_p0_sample,WO-P0-001,20260713
DT-WO-00323,P-AXLE-B,80,HIGH,2026-07-20T10:00:00+00:00,planned,synthetic_digital_twin_from_p0_sample,WO-P0-002,20260713
DT-WO-00324,P-HOUSING-A,60,NORMAL,2026-07-20T11:00:00+00:00,planned,synthetic_digital_twin_from_p0_sample,WO-P0-003,20260713
DT-WO-00325,P-AXLE-A,120,URGENT,2026-07-20T12:00:00+00:00,planned,synthetic_digital_twin_from_p0_sample,WO-P0-001,20260713
DT-WO-00326,P-AXLE-B,80,HIGH,2026-07-20T13:00:00+00:00,planned,synthetic_digital_twin_from_p0_sample,WO-P0-002,20260713
DT-WO-00327,P-HOUSING-A,60,NORMAL,2026-07-20T14:00:00+00:00,planned,synthetic_digital_twin_from_p0_sample,WO-P0-003,20260713
DT-WO-00328,P-AXLE-A,120,URGENT,2026-07-20T15:00:00+00:00,planned,synthetic_digital_twin_from_p0_sample,WO-P0-001,20260713
DT-WO-00329,P-AXLE-B,80,HIGH,2026-07-20T16:00:00+00:00,planned,synthetic_digital_twin_from_p0_sample,WO-P0-002,20260713
DT-WO-00330,P-HOUSING-A,60,NORMAL,2026-07-20T17:00:00+00:00,planned,synthetic_digital_twin_from_p0_sample,WO-P0-003,20260713
DT-WO-00331,P-AXLE-A,120,URGENT,2026-07-20T18:00:00+00:00,planned,synthetic_digital_twin_from_p0_sample,WO-P0-001,20260713
DT-WO-00332,P-AXLE-B,80,HIGH,2026-07-20T19:00:00+00:00,planned,synthetic_digital_twin_from_p0_sample,WO-P0-002,20260713
DT-WO-00333,P-HOUSING-A,60,NORMAL,2026-07-20T20:00:00+00:00,planned,synthetic_digital_twin_from_p0_sample,WO-P0-003,20260713
DT-WO-00334,P-AXLE-A,120,URGENT,2026-07-20T21:00:00+00:00,planned,synthetic_digital_twin_from_p0_sample,WO-P0-001,20260713
DT-WO-00335,P-AXLE-B,80,HIGH,2026-07-20T22:00:00+00:00,planned,synthetic_digital_twin_from_p0_sample,WO-P0-002,20260713
DT-WO-00336,P-HOUSING-A,60,NORMAL,2026-07-20T23:00:00+00:00,planned,synthetic_digital_twin_from_p0_sample,WO-P0-003,20260713
DT-WO-00337,P-AXLE-A,120,URGENT,2026-07-14T00:00:00+00:00,planned,synthetic_digital_twin_from_p0_sample,WO-P0-001,20260713
DT-WO-00338,P-AXLE-B,80,HIGH,2026-07-14T01:00:00+00:00,planned,synthetic_digital_twin_from_p0_sample,WO-P0-002,20260713
DT-WO-00339,P-HOUSING-A,60,NORMAL,2026-07-14T02:00:00+00:00,planned,synthetic_digital_twin_from_p0_sample,WO-P0-003,20260713
DT-WO-00340,P-AXLE-A,120,URGENT,2026-07-14T03:00:00+00:00,planned,synthetic_digital_twin_from_p0_sample,WO-P0-001,20260713
DT-WO-00341,P-AXLE-B,80,HIGH,2026-07-14T04:00:00+00:00,planned,synthetic_digital_twin_from_p0_sample,WO-P0-002,20260713
DT-WO-00342,P-HOUSING-A,60,NORMAL,2026-07-14T05:00:00+00:00,planned,synthetic_digital_twin_from_p0_sample,WO-P0-003,20260713
DT-WO-00343,P-AXLE-A,120,URGENT,2026-07-14T06:00:00+00:00,planned,synthetic_digital_twin_from_p0_sample,WO-P0-001,20260713
DT-WO-00344,P-AXLE-B,80,HIGH,2026-07-14T07:00:00+00:00,planned,synthetic_digital_twin_from_p0_sample,WO-P0-002,20260713
DT-WO-00345,P-HOUSING-A,60,NORMAL,2026-07-14T08:00:00+00:00,planned,synthetic_digital_twin_from_p0_sample,WO-P0-003,20260713
DT-WO-00346,P-AXLE-A,120,URGENT,2026-07-14T09:00:00+00:00,planned,synthetic_digital_twin_from_p0_sample,WO-P0-001,20260713
DT-WO-00347,P-AXLE-B,80,HIGH,2026-07-14T10:00:00+00:00,planned,synthetic_digital_twin_from_p0_sample,WO-P0-002,20260713
DT-WO-00348,P-HOUSING-A,60,NORMAL,2026-07-14T11:00:00+00:00,planned,synthetic_digital_twin_from_p0_sample,WO-P0-003,20260713
DT-WO-00349,P-AXLE-A,120,URGENT,2026-07-14T12:00:00+00:00,planned,synthetic_digital_twin_from_p0_sample,WO-P0-001,20260713
DT-WO-00350,P-AXLE-B,80,HIGH,2026-07-14T13:00:00+00:00,planned,synthetic_digital_twin_from_p0_sample,WO-P0-002,20260713
DT-WO-00351,P-HOUSING-A,60,NORMAL,2026-07-14T14:00:00+00:00,planned,synthetic_digital_twin_from_p0_sample,WO-P0-003,20260713
DT-WO-00352,P-AXLE-A,120,URGENT,2026-07-14T15:00:00+00:00,planned,synthetic_digital_twin_from_p0_sample,WO-P0-001,20260713
DT-WO-00353,P-AXLE-B,80,HIGH,2026-07-14T16:00:00+00:00,planned,synthetic_digital_twin_from_p0_sample,WO-P0-002,20260713
DT-WO-00354,P-HOUSING-A,60,NORMAL,2026-07-14T17:00:00+00:00,planned,synthetic_digital_twin_from_p0_sample,WO-P0-003,20260713
DT-WO-00355,P-AXLE-A,120,URGENT,2026-07-14T18:00:00+00:00,planned,synthetic_digital_twin_from_p0_sample,WO-P0-001,20260713
DT-WO-00356,P-AXLE-B,80,HIGH,2026-07-14T19:00:00+00:00,planned,synthetic_digital_twin_from_p0_sample,WO-P0-002,20260713
DT-WO-00357,P-HOUSING-A,60,NORMAL,2026-07-14T20:00:00+00:00,planned,synthetic_digital_twin_from_p0_sample,WO-P0-003,20260713
DT-WO-00358,P-AXLE-A,120,URGENT,2026-07-14T21:00:00+00:00,planned,synthetic_digital_twin_from_p0_sample,WO-P0-001,20260713
DT-WO-00359,P-AXLE-B,80,HIGH,2026-07-14T22:00:00+00:00,planned,synthetic_digital_twin_from_p0_sample,WO-P0-002,20260713
DT-WO-00360,P-HOUSING-A,60,NORMAL,2026-07-14T23:00:00+00:00,planned,synthetic_digital_twin_from_p0_sample,WO-P0-003,20260713
DT-WO-00361,P-AXLE-A,120,URGENT,2026-07-15T00:00:00+00:00,planned,synthetic_digital_twin_from_p0_sample,WO-P0-001,20260713
DT-WO-00362,P-AXLE-B,80,HIGH,2026-07-15T01:00:00+00:00,planned,synthetic_digital_twin_from_p0_sample,WO-P0-002,20260713
DT-WO-00363,P-HOUSING-A,60,NORMAL,2026-07-15T02:00:00+00:00,planned,synthetic_digital_twin_from_p0_sample,WO-P0-003,20260713
DT-WO-00364,P-AXLE-A,120,URGENT,2026-07-15T03:00:00+00:00,planned,synthetic_digital_twin_from_p0_sample,WO-P0-001,20260713
DT-WO-00365,P-AXLE-B,80,HIGH,2026-07-15T04:00:00+00:00,planned,synthetic_digital_twin_from_p0_sample,WO-P0-002,20260713
DT-WO-00366,P-HOUSING-A,60,NORMAL,2026-07-15T05:00:00+00:00,planned,synthetic_digital_twin_from_p0_sample,WO-P0-003,20260713
DT-WO-00367,P-AXLE-A,120,URGENT,2026-07-15T06:00:00+00:00,planned,synthetic_digital_twin_from_p0_sample,WO-P0-001,20260713
DT-WO-00368,P-AXLE-B,80,HIGH,2026-07-15T07:00:00+00:00,planned,synthetic_digital_twin_from_p0_sample,WO-P0-002,20260713
DT-WO-00369,P-HOUSING-A,60,NORMAL,2026-07-15T08:00:00+00:00,planned,synthetic_digital_twin_from_p0_sample,WO-P0-003,20260713
DT-WO-00370,P-AXLE-A,120,URGENT,2026-07-15T09:00:00+00:00,planned,synthetic_digital_twin_from_p0_sample,WO-P0-001,20260713
DT-WO-00371,P-AXLE-B,80,HIGH,2026-07-15T10:00:00+00:00,planned,synthetic_digital_twin_from_p0_sample,WO-P0-002,20260713
DT-WO-00372,P-HOUSING-A,60,NORMAL,2026-07-15T11:00:00+00:00,planned,synthetic_digital_twin_from_p0_sample,WO-P0-003,20260713
DT-WO-00373,P-AXLE-A,120,URGENT,2026-07-15T12:00:00+00:00,planned,synthetic_digital_twin_from_p0_sample,WO-P0-001,20260713
DT-WO-00374,P-AXLE-B,80,HIGH,2026-07-15T13:00:00+00:00,planned,synthetic_digital_twin_from_p0_sample,WO-P0-002,20260713
DT-WO-00375,P-HOUSING-A,60,NORMAL,2026-07-15T14:00:00+00:00,planned,synthetic_digital_twin_from_p0_sample,WO-P0-003,20260713
DT-WO-00376,P-AXLE-A,120,URGENT,2026-07-15T15:00:00+00:00,planned,synthetic_digital_twin_from_p0_sample,WO-P0-001,20260713
DT-WO-00377,P-AXLE-B,80,HIGH,2026-07-15T16:00:00+00:00,planned,synthetic_digital_twin_from_p0_sample,WO-P0-002,20260713
DT-WO-00378,P-HOUSING-A,60,NORMAL,2026-07-15T17:00:00+00:00,planned,synthetic_digital_twin_from_p0_sample,WO-P0-003,20260713
DT-WO-00379,P-AXLE-A,120,URGENT,2026-07-15T18:00:00+00:00,planned,synthetic_digital_twin_from_p0_sample,WO-P0-001,20260713
DT-WO-00380,P-AXLE-B,80,HIGH,2026-07-15T19:00:00+00:00,planned,synthetic_digital_twin_from_p0_sample,WO-P0-002,20260713
DT-WO-00381,P-HOUSING-A,60,NORMAL,2026-07-15T20:00:00+00:00,planned,synthetic_digital_twin_from_p0_sample,WO-P0-003,20260713
DT-WO-00382,P-AXLE-A,120,URGENT,2026-07-15T21:00:00+00:00,planned,synthetic_digital_twin_from_p0_sample,WO-P0-001,20260713
DT-WO-00383,P-AXLE-B,80,HIGH,2026-07-15T22:00:00+00:00,planned,synthetic_digital_twin_from_p0_sample,WO-P0-002,20260713
DT-WO-00384,P-HOUSING-A,60,NORMAL,2026-07-15T23:00:00+00:00,planned,synthetic_digital_twin_from_p0_sample,WO-P0-003,20260713
DT-WO-00385,P-AXLE-A,120,URGENT,2026-07-16T00:00:00+00:00,planned,synthetic_digital_twin_from_p0_sample,WO-P0-001,20260713
DT-WO-00386,P-AXLE-B,80,HIGH,2026-07-16T01:00:00+00:00,planned,synthetic_digital_twin_from_p0_sample,WO-P0-002,20260713
DT-WO-00387,P-HOUSING-A,60,NORMAL,2026-07-16T02:00:00+00:00,planned,synthetic_digital_twin_from_p0_sample,WO-P0-003,20260713
DT-WO-00388,P-AXLE-A,120,URGENT,2026-07-16T03:00:00+00:00,planned,synthetic_digital_twin_from_p0_sample,WO-P0-001,20260713
DT-WO-00389,P-AXLE-B,80,HIGH,2026-07-16T04:00:00+00:00,planned,synthetic_digital_twin_from_p0_sample,WO-P0-002,20260713
DT-WO-00390,P-HOUSING-A,60,NORMAL,2026-07-16T05:00:00+00:00,planned,synthetic_digital_twin_from_p0_sample,WO-P0-003,20260713
DT-WO-00391,P-AXLE-A,120,URGENT,2026-07-16T06:00:00+00:00,planned,synthetic_digital_twin_from_p0_sample,WO-P0-001,20260713
DT-WO-00392,P-AXLE-B,80,HIGH,2026-07-16T07:00:00+00:00,planned,synthetic_digital_twin_from_p0_sample,WO-P0-002,20260713
DT-WO-00393,P-HOUSING-A,60,NORMAL,2026-07-16T08:00:00+00:00,planned,synthetic_digital_twin_from_p0_sample,WO-P0-003,20260713
DT-WO-00394,P-AXLE-A,120,URGENT,2026-07-16T09:00:00+00:00,planned,synthetic_digital_twin_from_p0_sample,WO-P0-001,20260713
DT-WO-00395,P-AXLE-B,80,HIGH,2026-07-16T10:00:00+00:00,planned,synthetic_digital_twin_from_p0_sample,WO-P0-002,20260713
DT-WO-00396,P-HOUSING-A,60,NORMAL,2026-07-16T11:00:00+00:00,planned,synthetic_digital_twin_from_p0_sample,WO-P0-003,20260713
DT-WO-00397,P-AXLE-A,120,URGENT,2026-07-16T12:00:00+00:00,planned,synthetic_digital_twin_from_p0_sample,WO-P0-001,20260713
DT-WO-00398,P-AXLE-B,80,HIGH,2026-07-16T13:00:00+00:00,planned,synthetic_digital_twin_from_p0_sample,WO-P0-002,20260713
DT-WO-00399,P-HOUSING-A,60,NORMAL,2026-07-16T14:00:00+00:00,planned,synthetic_digital_twin_from_p0_sample,WO-P0-003,20260713
DT-WO-00400,P-AXLE-A,120,URGENT,2026-07-16T15:00:00+00:00,planned,synthetic_digital_twin_from_p0_sample,WO-P0-001,20260713
DT-WO-00401,P-AXLE-B,80,HIGH,2026-07-16T16:00:00+00:00,planned,synthetic_digital_twin_from_p0_sample,WO-P0-002,20260713
DT-WO-00402,P-HOUSING-A,60,NORMAL,2026-07-16T17:00:00+00:00,planned,synthetic_digital_twin_from_p0_sample,WO-P0-003,20260713
DT-WO-00403,P-AXLE-A,120,URGENT,2026-07-16T18:00:00+00:00,planned,synthetic_digital_twin_from_p0_sample,WO-P0-001,20260713
DT-WO-00404,P-AXLE-B,80,HIGH,2026-07-16T19:00:00+00:00,planned,synthetic_digital_twin_from_p0_sample,WO-P0-002,20260713
DT-WO-00405,P-HOUSING-A,60,NORMAL,2026-07-16T20:00:00+00:00,planned,synthetic_digital_twin_from_p0_sample,WO-P0-003,20260713
DT-WO-00406,P-AXLE-A,120,URGENT,2026-07-16T21:00:00+00:00,planned,synthetic_digital_twin_from_p0_sample,WO-P0-001,20260713
DT-WO-00407,P-AXLE-B,80,HIGH,2026-07-16T22:00:00+00:00,planned,synthetic_digital_twin_from_p0_sample,WO-P0-002,20260713
DT-WO-00408,P-HOUSING-A,60,NORMAL,2026-07-16T23:00:00+00:00,planned,synthetic_digital_twin_from_p0_sample,WO-P0-003,20260713
DT-WO-00409,P-AXLE-A,120,URGENT,2026-07-17T00:00:00+00:00,planned,synthetic_digital_twin_from_p0_sample,WO-P0-001,20260713
DT-WO-00410,P-AXLE-B,80,HIGH,2026-07-17T01:00:00+00:00,planned,synthetic_digital_twin_from_p0_sample,WO-P0-002,20260713
DT-WO-00411,P-HOUSING-A,60,NORMAL,2026-07-17T02:00:00+00:00,planned,synthetic_digital_twin_from_p0_sample,WO-P0-003,20260713
DT-WO-00412,P-AXLE-A,120,URGENT,2026-07-17T03:00:00+00:00,planned,synthetic_digital_twin_from_p0_sample,WO-P0-001,20260713
DT-WO-00413,P-AXLE-B,80,HIGH,2026-07-17T04:00:00+00:00,planned,synthetic_digital_twin_from_p0_sample,WO-P0-002,20260713
DT-WO-00414,P-HOUSING-A,60,NORMAL,2026-07-17T05:00:00+00:00,planned,synthetic_digital_twin_from_p0_sample,WO-P0-003,20260713
DT-WO-00415,P-AXLE-A,120,URGENT,2026-07-17T06:00:00+00:00,planned,synthetic_digital_twin_from_p0_sample,WO-P0-001,20260713
DT-WO-00416,P-AXLE-B,80,HIGH,2026-07-17T07:00:00+00:00,planned,synthetic_digital_twin_from_p0_sample,WO-P0-002,20260713
DT-WO-00417,P-HOUSING-A,60,NORMAL,2026-07-17T08:00:00+00:00,planned,synthetic_digital_twin_from_p0_sample,WO-P0-003,20260713
DT-WO-00418,P-AXLE-A,120,URGENT,2026-07-17T09:00:00+00:00,planned,synthetic_digital_twin_from_p0_sample,WO-P0-001,20260713
DT-WO-00419,P-AXLE-B,80,HIGH,2026-07-17T10:00:00+00:00,planned,synthetic_digital_twin_from_p0_sample,WO-P0-002,20260713
DT-WO-00420,P-HOUSING-A,60,NORMAL,2026-07-17T11:00:00+00:00,planned,synthetic_digital_twin_from_p0_sample,WO-P0-003,20260713
DT-WO-00421,P-AXLE-A,120,URGENT,2026-07-17T12:00:00+00:00,planned,synthetic_digital_twin_from_p0_sample,WO-P0-001,20260713
DT-WO-00422,P-AXLE-B,80,HIGH,2026-07-17T13:00:00+00:00,planned,synthetic_digital_twin_from_p0_sample,WO-P0-002,20260713
DT-WO-00423,P-HOUSING-A,60,NORMAL,2026-07-17T14:00:00+00:00,planned,synthetic_digital_twin_from_p0_sample,WO-P0-003,20260713
DT-WO-00424,P-AXLE-A,120,URGENT,2026-07-17T15:00:00+00:00,planned,synthetic_digital_twin_from_p0_sample,WO-P0-001,20260713
DT-WO-00425,P-AXLE-B,80,HIGH,2026-07-17T16:00:00+00:00,planned,synthetic_digital_twin_from_p0_sample,WO-P0-002,20260713
DT-WO-00426,P-HOUSING-A,60,NORMAL,2026-07-17T17:00:00+00:00,planned,synthetic_digital_twin_from_p0_sample,WO-P0-003,20260713
DT-WO-00427,P-AXLE-A,120,URGENT,2026-07-17T18:00:00+00:00,planned,synthetic_digital_twin_from_p0_sample,WO-P0-001,20260713
DT-WO-00428,P-AXLE-B,80,HIGH,2026-07-17T19:00:00+00:00,planned,synthetic_digital_twin_from_p0_sample,WO-P0-002,20260713
DT-WO-00429,P-HOUSING-A,60,NORMAL,2026-07-17T20:00:00+00:00,planned,synthetic_digital_twin_from_p0_sample,WO-P0-003,20260713
DT-WO-00430,P-AXLE-A,120,URGENT,2026-07-17T21:00:00+00:00,planned,synthetic_digital_twin_from_p0_sample,WO-P0-001,20260713
DT-WO-00431,P-AXLE-B,80,HIGH,2026-07-17T22:00:00+00:00,planned,synthetic_digital_twin_from_p0_sample,WO-P0-002,20260713
DT-WO-00432,P-HOUSING-A,60,NORMAL,2026-07-17T23:00:00+00:00,planned,synthetic_digital_twin_from_p0_sample,WO-P0-003,20260713
DT-WO-00433,P-AXLE-A,120,URGENT,2026-07-18T00:00:00+00:00,planned,synthetic_digital_twin_from_p0_sample,WO-P0-001,20260713
DT-WO-00434,P-AXLE-B,80,HIGH,2026-07-18T01:00:00+00:00,planned,synthetic_digital_twin_from_p0_sample,WO-P0-002,20260713
DT-WO-00435,P-HOUSING-A,60,NORMAL,2026-07-18T02:00:00+00:00,planned,synthetic_digital_twin_from_p0_sample,WO-P0-003,20260713
DT-WO-00436,P-AXLE-A,120,URGENT,2026-07-18T03:00:00+00:00,planned,synthetic_digital_twin_from_p0_sample,WO-P0-001,20260713
DT-WO-00437,P-AXLE-B,80,HIGH,2026-07-18T04:00:00+00:00,planned,synthetic_digital_twin_from_p0_sample,WO-P0-002,20260713
DT-WO-00438,P-HOUSING-A,60,NORMAL,2026-07-18T05:00:00+00:00,planned,synthetic_digital_twin_from_p0_sample,WO-P0-003,20260713
DT-WO-00439,P-AXLE-A,120,URGENT,2026-07-18T06:00:00+00:00,planned,synthetic_digital_twin_from_p0_sample,WO-P0-001,20260713
DT-WO-00440,P-AXLE-B,80,HIGH,2026-07-18T07:00:00+00:00,planned,synthetic_digital_twin_from_p0_sample,WO-P0-002,20260713
DT-WO-00441,P-HOUSING-A,60,NORMAL,2026-07-18T08:00:00+00:00,planned,synthetic_digital_twin_from_p0_sample,WO-P0-003,20260713
DT-WO-00442,P-AXLE-A,120,URGENT,2026-07-18T09:00:00+00:00,planned,synthetic_digital_twin_from_p0_sample,WO-P0-001,20260713
DT-WO-00443,P-AXLE-B,80,HIGH,2026-07-18T10:00:00+00:00,planned,synthetic_digital_twin_from_p0_sample,WO-P0-002,20260713
DT-WO-00444,P-HOUSING-A,60,NORMAL,2026-07-18T11:00:00+00:00,planned,synthetic_digital_twin_from_p0_sample,WO-P0-003,20260713
DT-WO-00445,P-AXLE-A,120,URGENT,2026-07-18T12:00:00+00:00,planned,synthetic_digital_twin_from_p0_sample,WO-P0-001,20260713
DT-WO-00446,P-AXLE-B,80,HIGH,2026-07-18T13:00:00+00:00,planned,synthetic_digital_twin_from_p0_sample,WO-P0-002,20260713
DT-WO-00447,P-HOUSING-A,60,NORMAL,2026-07-18T14:00:00+00:00,planned,synthetic_digital_twin_from_p0_sample,WO-P0-003,20260713
DT-WO-00448,P-AXLE-A,120,URGENT,2026-07-18T15:00:00+00:00,planned,synthetic_digital_twin_from_p0_sample,WO-P0-001,20260713
DT-WO-00449,P-AXLE-B,80,HIGH,2026-07-18T16:00:00+00:00,planned,synthetic_digital_twin_from_p0_sample,WO-P0-002,20260713
DT-WO-00450,P-HOUSING-A,60,NORMAL,2026-07-18T17:00:00+00:00,planned,synthetic_digital_twin_from_p0_sample,WO-P0-003,20260713
DT-WO-00451,P-AXLE-A,120,URGENT,2026-07-18T18:00:00+00:00,planned,synthetic_digital_twin_from_p0_sample,WO-P0-001,20260713
DT-WO-00452,P-AXLE-B,80,HIGH,2026-07-18T19:00:00+00:00,planned,synthetic_digital_twin_from_p0_sample,WO-P0-002,20260713
DT-WO-00453,P-HOUSING-A,60,NORMAL,2026-07-18T20:00:00+00:00,planned,synthetic_digital_twin_from_p0_sample,WO-P0-003,20260713
DT-WO-00454,P-AXLE-A,120,URGENT,2026-07-18T21:00:00+00:00,planned,synthetic_digital_twin_from_p0_sample,WO-P0-001,20260713
DT-WO-00455,P-AXLE-B,80,HIGH,2026-07-18T22:00:00+00:00,planned,synthetic_digital_twin_from_p0_sample,WO-P0-002,20260713
DT-WO-00456,P-HOUSING-A,60,NORMAL,2026-07-18T23:00:00+00:00,planned,synthetic_digital_twin_from_p0_sample,WO-P0-003,20260713
DT-WO-00457,P-AXLE-A,120,URGENT,2026-07-19T00:00:00+00:00,planned,synthetic_digital_twin_from_p0_sample,WO-P0-001,20260713
DT-WO-00458,P-AXLE-B,80,HIGH,2026-07-19T01:00:00+00:00,planned,synthetic_digital_twin_from_p0_sample,WO-P0-002,20260713
DT-WO-00459,P-HOUSING-A,60,NORMAL,2026-07-19T02:00:00+00:00,planned,synthetic_digital_twin_from_p0_sample,WO-P0-003,20260713
DT-WO-00460,P-AXLE-A,120,URGENT,2026-07-19T03:00:00+00:00,planned,synthetic_digital_twin_from_p0_sample,WO-P0-001,20260713
DT-WO-00461,P-AXLE-B,80,HIGH,2026-07-19T04:00:00+00:00,planned,synthetic_digital_twin_from_p0_sample,WO-P0-002,20260713
DT-WO-00462,P-HOUSING-A,60,NORMAL,2026-07-19T05:00:00+00:00,planned,synthetic_digital_twin_from_p0_sample,WO-P0-003,20260713
DT-WO-00463,P-AXLE-A,120,URGENT,2026-07-19T06:00:00+00:00,planned,synthetic_digital_twin_from_p0_sample,WO-P0-001,20260713
DT-WO-00464,P-AXLE-B,80,HIGH,2026-07-19T07:00:00+00:00,planned,synthetic_digital_twin_from_p0_sample,WO-P0-002,20260713
DT-WO-00465,P-HOUSING-A,60,NORMAL,2026-07-19T08:00:00+00:00,planned,synthetic_digital_twin_from_p0_sample,WO-P0-003,20260713
DT-WO-00466,P-AXLE-A,120,URGENT,2026-07-19T09:00:00+00:00,planned,synthetic_digital_twin_from_p0_sample,WO-P0-001,20260713
DT-WO-00467,P-AXLE-B,80,HIGH,2026-07-19T10:00:00+00:00,planned,synthetic_digital_twin_from_p0_sample,WO-P0-002,20260713
DT-WO-00468,P-HOUSING-A,60,NORMAL,2026-07-19T11:00:00+00:00,planned,synthetic_digital_twin_from_p0_sample,WO-P0-003,20260713
DT-WO-00469,P-AXLE-A,120,URGENT,2026-07-19T12:00:00+00:00,planned,synthetic_digital_twin_from_p0_sample,WO-P0-001,20260713
DT-WO-00470,P-AXLE-B,80,HIGH,2026-07-19T13:00:00+00:00,planned,synthetic_digital_twin_from_p0_sample,WO-P0-002,20260713
DT-WO-00471,P-HOUSING-A,60,NORMAL,2026-07-19T14:00:00+00:00,planned,synthetic_digital_twin_from_p0_sample,WO-P0-003,20260713
DT-WO-00472,P-AXLE-A,120,URGENT,2026-07-19T15:00:00+00:00,planned,synthetic_digital_twin_from_p0_sample,WO-P0-001,20260713
DT-WO-00473,P-AXLE-B,80,HIGH,2026-07-19T16:00:00+00:00,planned,synthetic_digital_twin_from_p0_sample,WO-P0-002,20260713
DT-WO-00474,P-HOUSING-A,60,NORMAL,2026-07-19T17:00:00+00:00,planned,synthetic_digital_twin_from_p0_sample,WO-P0-003,20260713
DT-WO-00475,P-AXLE-A,120,URGENT,2026-07-19T18:00:00+00:00,planned,synthetic_digital_twin_from_p0_sample,WO-P0-001,20260713
DT-WO-00476,P-AXLE-B,80,HIGH,2026-07-19T19:00:00+00:00,planned,synthetic_digital_twin_from_p0_sample,WO-P0-002,20260713
DT-WO-00477,P-HOUSING-A,60,NORMAL,2026-07-19T20:00:00+00:00,planned,synthetic_digital_twin_from_p0_sample,WO-P0-003,20260713
DT-WO-00478,P-AXLE-A,120,URGENT,2026-07-19T21:00:00+00:00,planned,synthetic_digital_twin_from_p0_sample,WO-P0-001,20260713
DT-WO-00479,P-AXLE-B,80,HIGH,2026-07-19T22:00:00+00:00,planned,synthetic_digital_twin_from_p0_sample,WO-P0-002,20260713
DT-WO-00480,P-HOUSING-A,60,NORMAL,2026-07-19T23:00:00+00:00,planned,synthetic_digital_twin_from_p0_sample,WO-P0-003,20260713
DT-WO-00481,P-AXLE-A,120,URGENT,2026-07-20T00:00:00+00:00,planned,synthetic_digital_twin_from_p0_sample,WO-P0-001,20260713
DT-WO-00482,P-AXLE-B,80,HIGH,2026-07-20T01:00:00+00:00,planned,synthetic_digital_twin_from_p0_sample,WO-P0-002,20260713
DT-WO-00483,P-HOUSING-A,60,NORMAL,2026-07-20T02:00:00+00:00,planned,synthetic_digital_twin_from_p0_sample,WO-P0-003,20260713
DT-WO-00484,P-AXLE-A,120,URGENT,2026-07-20T03:00:00+00:00,planned,synthetic_digital_twin_from_p0_sample,WO-P0-001,20260713
DT-WO-00485,P-AXLE-B,80,HIGH,2026-07-20T04:00:00+00:00,planned,synthetic_digital_twin_from_p0_sample,WO-P0-002,20260713
DT-WO-00486,P-HOUSING-A,60,NORMAL,2026-07-20T05:00:00+00:00,planned,synthetic_digital_twin_from_p0_sample,WO-P0-003,20260713
DT-WO-00487,P-AXLE-A,120,URGENT,2026-07-20T06:00:00+00:00,planned,synthetic_digital_twin_from_p0_sample,WO-P0-001,20260713
DT-WO-00488,P-AXLE-B,80,HIGH,2026-07-20T07:00:00+00:00,planned,synthetic_digital_twin_from_p0_sample,WO-P0-002,20260713
DT-WO-00489,P-HOUSING-A,60,NORMAL,2026-07-20T08:00:00+00:00,planned,synthetic_digital_twin_from_p0_sample,WO-P0-003,20260713
DT-WO-00490,P-AXLE-A,120,URGENT,2026-07-20T09:00:00+00:00,planned,synthetic_digital_twin_from_p0_sample,WO-P0-001,20260713
DT-WO-00491,P-AXLE-B,80,HIGH,2026-07-20T10:00:00+00:00,planned,synthetic_digital_twin_from_p0_sample,WO-P0-002,20260713
DT-WO-00492,P-HOUSING-A,60,NORMAL,2026-07-20T11:00:00+00:00,planned,synthetic_digital_twin_from_p0_sample,WO-P0-003,20260713
DT-WO-00493,P-AXLE-A,120,URGENT,2026-07-20T12:00:00+00:00,planned,synthetic_digital_twin_from_p0_sample,WO-P0-001,20260713
DT-WO-00494,P-AXLE-B,80,HIGH,2026-07-20T13:00:00+00:00,planned,synthetic_digital_twin_from_p0_sample,WO-P0-002,20260713
DT-WO-00495,P-HOUSING-A,60,NORMAL,2026-07-20T14:00:00+00:00,planned,synthetic_digital_twin_from_p0_sample,WO-P0-003,20260713
DT-WO-00496,P-AXLE-A,120,URGENT,2026-07-20T15:00:00+00:00,planned,synthetic_digital_twin_from_p0_sample,WO-P0-001,20260713
DT-WO-00497,P-AXLE-B,80,HIGH,2026-07-20T16:00:00+00:00,planned,synthetic_digital_twin_from_p0_sample,WO-P0-002,20260713
DT-WO-00498,P-HOUSING-A,60,NORMAL,2026-07-20T17:00:00+00:00,planned,synthetic_digital_twin_from_p0_sample,WO-P0-003,20260713
DT-WO-00499,P-AXLE-A,120,URGENT,2026-07-20T18:00:00+00:00,planned,synthetic_digital_twin_from_p0_sample,WO-P0-001,20260713
DT-WO-00500,P-AXLE-B,80,HIGH,2026-07-20T19:00:00+00:00,planned,synthetic_digital_twin_from_p0_sample,WO-P0-002,20260713
DT-WO-00501,P-HOUSING-A,60,NORMAL,2026-07-20T20:00:00+00:00,planned,synthetic_digital_twin_from_p0_sample,WO-P0-003,20260713
DT-WO-00502,P-AXLE-A,120,URGENT,2026-07-20T21:00:00+00:00,planned,synthetic_digital_twin_from_p0_sample,WO-P0-001,20260713
DT-WO-00503,P-AXLE-B,80,HIGH,2026-07-20T22:00:00+00:00,planned,synthetic_digital_twin_from_p0_sample,WO-P0-002,20260713
DT-WO-00504,P-HOUSING-A,60,NORMAL,2026-07-20T23:00:00+00:00,planned,synthetic_digital_twin_from_p0_sample,WO-P0-003,20260713
DT-WO-00505,P-AXLE-A,120,URGENT,2026-07-14T00:00:00+00:00,planned,synthetic_digital_twin_from_p0_sample,WO-P0-001,20260713
DT-WO-00506,P-AXLE-B,80,HIGH,2026-07-14T01:00:00+00:00,planned,synthetic_digital_twin_from_p0_sample,WO-P0-002,20260713
DT-WO-00507,P-HOUSING-A,60,NORMAL,2026-07-14T02:00:00+00:00,planned,synthetic_digital_twin_from_p0_sample,WO-P0-003,20260713
DT-WO-00508,P-AXLE-A,120,URGENT,2026-07-14T03:00:00+00:00,planned,synthetic_digital_twin_from_p0_sample,WO-P0-001,20260713
DT-WO-00509,P-AXLE-B,80,HIGH,2026-07-14T04:00:00+00:00,planned,synthetic_digital_twin_from_p0_sample,WO-P0-002,20260713
DT-WO-00510,P-HOUSING-A,60,NORMAL,2026-07-14T05:00:00+00:00,planned,synthetic_digital_twin_from_p0_sample,WO-P0-003,20260713
DT-WO-00511,P-AXLE-A,120,URGENT,2026-07-14T06:00:00+00:00,planned,synthetic_digital_twin_from_p0_sample,WO-P0-001,20260713
DT-WO-00512,P-AXLE-B,80,HIGH,2026-07-14T07:00:00+00:00,planned,synthetic_digital_twin_from_p0_sample,WO-P0-002,20260713
DT-WO-00513,P-HOUSING-A,60,NORMAL,2026-07-14T08:00:00+00:00,planned,synthetic_digital_twin_from_p0_sample,WO-P0-003,20260713
DT-WO-00514,P-AXLE-A,120,URGENT,2026-07-14T09:00:00+00:00,planned,synthetic_digital_twin_from_p0_sample,WO-P0-001,20260713
DT-WO-00515,P-AXLE-B,80,HIGH,2026-07-14T10:00:00+00:00,planned,synthetic_digital_twin_from_p0_sample,WO-P0-002,20260713
DT-WO-00516,P-HOUSING-A,60,NORMAL,2026-07-14T11:00:00+00:00,planned,synthetic_digital_twin_from_p0_sample,WO-P0-003,20260713
DT-WO-00517,P-AXLE-A,120,URGENT,2026-07-14T12:00:00+00:00,planned,synthetic_digital_twin_from_p0_sample,WO-P0-001,20260713
DT-WO-00518,P-AXLE-B,80,HIGH,2026-07-14T13:00:00+00:00,planned,synthetic_digital_twin_from_p0_sample,WO-P0-002,20260713
DT-WO-00519,P-HOUSING-A,60,NORMAL,2026-07-14T14:00:00+00:00,planned,synthetic_digital_twin_from_p0_sample,WO-P0-003,20260713
DT-WO-00520,P-AXLE-A,120,URGENT,2026-07-14T15:00:00+00:00,planned,synthetic_digital_twin_from_p0_sample,WO-P0-001,20260713
DT-WO-00521,P-AXLE-B,80,HIGH,2026-07-14T16:00:00+00:00,planned,synthetic_digital_twin_from_p0_sample,WO-P0-002,20260713
DT-WO-00522,P-HOUSING-A,60,NORMAL,2026-07-14T17:00:00+00:00,planned,synthetic_digital_twin_from_p0_sample,WO-P0-003,20260713
DT-WO-00523,P-AXLE-A,120,URGENT,2026-07-14T18:00:00+00:00,planned,synthetic_digital_twin_from_p0_sample,WO-P0-001,20260713
DT-WO-00524,P-AXLE-B,80,HIGH,2026-07-14T19:00:00+00:00,planned,synthetic_digital_twin_from_p0_sample,WO-P0-002,20260713
DT-WO-00525,P-HOUSING-A,60,NORMAL,2026-07-14T20:00:00+00:00,planned,synthetic_digital_twin_from_p0_sample,WO-P0-003,20260713
DT-WO-00526,P-AXLE-A,120,URGENT,2026-07-14T21:00:00+00:00,planned,synthetic_digital_twin_from_p0_sample,WO-P0-001,20260713
DT-WO-00527,P-AXLE-B,80,HIGH,2026-07-14T22:00:00+00:00,planned,synthetic_digital_twin_from_p0_sample,WO-P0-002,20260713
DT-WO-00528,P-HOUSING-A,60,NORMAL,2026-07-14T23:00:00+00:00,planned,synthetic_digital_twin_from_p0_sample,WO-P0-003,20260713
DT-WO-00529,P-AXLE-A,120,URGENT,2026-07-15T00:00:00+00:00,planned,synthetic_digital_twin_from_p0_sample,WO-P0-001,20260713
DT-WO-00530,P-AXLE-B,80,HIGH,2026-07-15T01:00:00+00:00,planned,synthetic_digital_twin_from_p0_sample,WO-P0-002,20260713
DT-WO-00531,P-HOUSING-A,60,NORMAL,2026-07-15T02:00:00+00:00,planned,synthetic_digital_twin_from_p0_sample,WO-P0-003,20260713
DT-WO-00532,P-AXLE-A,120,URGENT,2026-07-15T03:00:00+00:00,planned,synthetic_digital_twin_from_p0_sample,WO-P0-001,20260713
DT-WO-00533,P-AXLE-B,80,HIGH,2026-07-15T04:00:00+00:00,planned,synthetic_digital_twin_from_p0_sample,WO-P0-002,20260713
DT-WO-00534,P-HOUSING-A,60,NORMAL,2026-07-15T05:00:00+00:00,planned,synthetic_digital_twin_from_p0_sample,WO-P0-003,20260713
DT-WO-00535,P-AXLE-A,120,URGENT,2026-07-15T06:00:00+00:00,planned,synthetic_digital_twin_from_p0_sample,WO-P0-001,20260713
DT-WO-00536,P-AXLE-B,80,HIGH,2026-07-15T07:00:00+00:00,planned,synthetic_digital_twin_from_p0_sample,WO-P0-002,20260713
DT-WO-00537,P-HOUSING-A,60,NORMAL,2026-07-15T08:00:00+00:00,planned,synthetic_digital_twin_from_p0_sample,WO-P0-003,20260713
DT-WO-00538,P-AXLE-A,120,URGENT,2026-07-15T09:00:00+00:00,planned,synthetic_digital_twin_from_p0_sample,WO-P0-001,20260713
DT-WO-00539,P-AXLE-B,80,HIGH,2026-07-15T10:00:00+00:00,planned,synthetic_digital_twin_from_p0_sample,WO-P0-002,20260713
DT-WO-00540,P-HOUSING-A,60,NORMAL,2026-07-15T11:00:00+00:00,planned,synthetic_digital_twin_from_p0_sample,WO-P0-003,20260713
DT-WO-00541,P-AXLE-A,120,URGENT,2026-07-15T12:00:00+00:00,planned,synthetic_digital_twin_from_p0_sample,WO-P0-001,20260713
DT-WO-00542,P-AXLE-B,80,HIGH,2026-07-15T13:00:00+00:00,planned,synthetic_digital_twin_from_p0_sample,WO-P0-002,20260713
DT-WO-00543,P-HOUSING-A,60,NORMAL,2026-07-15T14:00:00+00:00,planned,synthetic_digital_twin_from_p0_sample,WO-P0-003,20260713
DT-WO-00544,P-AXLE-A,120,URGENT,2026-07-15T15:00:00+00:00,planned,synthetic_digital_twin_from_p0_sample,WO-P0-001,20260713
DT-WO-00545,P-AXLE-B,80,HIGH,2026-07-15T16:00:00+00:00,planned,synthetic_digital_twin_from_p0_sample,WO-P0-002,20260713
DT-WO-00546,P-HOUSING-A,60,NORMAL,2026-07-15T17:00:00+00:00,planned,synthetic_digital_twin_from_p0_sample,WO-P0-003,20260713
DT-WO-00547,P-AXLE-A,120,URGENT,2026-07-15T18:00:00+00:00,planned,synthetic_digital_twin_from_p0_sample,WO-P0-001,20260713
DT-WO-00548,P-AXLE-B,80,HIGH,2026-07-15T19:00:00+00:00,planned,synthetic_digital_twin_from_p0_sample,WO-P0-002,20260713
DT-WO-00549,P-HOUSING-A,60,NORMAL,2026-07-15T20:00:00+00:00,planned,synthetic_digital_twin_from_p0_sample,WO-P0-003,20260713
DT-WO-00550,P-AXLE-A,120,URGENT,2026-07-15T21:00:00+00:00,planned,synthetic_digital_twin_from_p0_sample,WO-P0-001,20260713
DT-WO-00551,P-AXLE-B,80,HIGH,2026-07-15T22:00:00+00:00,planned,synthetic_digital_twin_from_p0_sample,WO-P0-002,20260713
DT-WO-00552,P-HOUSING-A,60,NORMAL,2026-07-15T23:00:00+00:00,planned,synthetic_digital_twin_from_p0_sample,WO-P0-003,20260713
DT-WO-00553,P-AXLE-A,120,URGENT,2026-07-16T00:00:00+00:00,planned,synthetic_digital_twin_from_p0_sample,WO-P0-001,20260713
DT-WO-00554,P-AXLE-B,80,HIGH,2026-07-16T01:00:00+00:00,planned,synthetic_digital_twin_from_p0_sample,WO-P0-002,20260713
DT-WO-00555,P-HOUSING-A,60,NORMAL,2026-07-16T02:00:00+00:00,planned,synthetic_digital_twin_from_p0_sample,WO-P0-003,20260713
DT-WO-00556,P-AXLE-A,120,URGENT,2026-07-16T03:00:00+00:00,planned,synthetic_digital_twin_from_p0_sample,WO-P0-001,20260713
DT-WO-00557,P-AXLE-B,80,HIGH,2026-07-16T04:00:00+00:00,planned,synthetic_digital_twin_from_p0_sample,WO-P0-002,20260713
DT-WO-00558,P-HOUSING-A,60,NORMAL,2026-07-16T05:00:00+00:00,planned,synthetic_digital_twin_from_p0_sample,WO-P0-003,20260713
DT-WO-00559,P-AXLE-A,120,URGENT,2026-07-16T06:00:00+00:00,planned,synthetic_digital_twin_from_p0_sample,WO-P0-001,20260713
DT-WO-00560,P-AXLE-B,80,HIGH,2026-07-16T07:00:00+00:00,planned,synthetic_digital_twin_from_p0_sample,WO-P0-002,20260713
DT-WO-00561,P-HOUSING-A,60,NORMAL,2026-07-16T08:00:00+00:00,planned,synthetic_digital_twin_from_p0_sample,WO-P0-003,20260713
DT-WO-00562,P-AXLE-A,120,URGENT,2026-07-16T09:00:00+00:00,planned,synthetic_digital_twin_from_p0_sample,WO-P0-001,20260713
DT-WO-00563,P-AXLE-B,80,HIGH,2026-07-16T10:00:00+00:00,planned,synthetic_digital_twin_from_p0_sample,WO-P0-002,20260713
DT-WO-00564,P-HOUSING-A,60,NORMAL,2026-07-16T11:00:00+00:00,planned,synthetic_digital_twin_from_p0_sample,WO-P0-003,20260713
DT-WO-00565,P-AXLE-A,120,URGENT,2026-07-16T12:00:00+00:00,planned,synthetic_digital_twin_from_p0_sample,WO-P0-001,20260713
DT-WO-00566,P-AXLE-B,80,HIGH,2026-07-16T13:00:00+00:00,planned,synthetic_digital_twin_from_p0_sample,WO-P0-002,20260713
DT-WO-00567,P-HOUSING-A,60,NORMAL,2026-07-16T14:00:00+00:00,planned,synthetic_digital_twin_from_p0_sample,WO-P0-003,20260713
DT-WO-00568,P-AXLE-A,120,URGENT,2026-07-16T15:00:00+00:00,planned,synthetic_digital_twin_from_p0_sample,WO-P0-001,20260713
DT-WO-00569,P-AXLE-B,80,HIGH,2026-07-16T16:00:00+00:00,planned,synthetic_digital_twin_from_p0_sample,WO-P0-002,20260713
DT-WO-00570,P-HOUSING-A,60,NORMAL,2026-07-16T17:00:00+00:00,planned,synthetic_digital_twin_from_p0_sample,WO-P0-003,20260713
DT-WO-00571,P-AXLE-A,120,URGENT,2026-07-16T18:00:00+00:00,planned,synthetic_digital_twin_from_p0_sample,WO-P0-001,20260713
DT-WO-00572,P-AXLE-B,80,HIGH,2026-07-16T19:00:00+00:00,planned,synthetic_digital_twin_from_p0_sample,WO-P0-002,20260713
DT-WO-00573,P-HOUSING-A,60,NORMAL,2026-07-16T20:00:00+00:00,planned,synthetic_digital_twin_from_p0_sample,WO-P0-003,20260713
DT-WO-00574,P-AXLE-A,120,URGENT,2026-07-16T21:00:00+00:00,planned,synthetic_digital_twin_from_p0_sample,WO-P0-001,20260713
DT-WO-00575,P-AXLE-B,80,HIGH,2026-07-16T22:00:00+00:00,planned,synthetic_digital_twin_from_p0_sample,WO-P0-002,20260713
DT-WO-00576,P-HOUSING-A,60,NORMAL,2026-07-16T23:00:00+00:00,planned,synthetic_digital_twin_from_p0_sample,WO-P0-003,20260713
DT-WO-00577,P-AXLE-A,120,URGENT,2026-07-17T00:00:00+00:00,planned,synthetic_digital_twin_from_p0_sample,WO-P0-001,20260713
DT-WO-00578,P-AXLE-B,80,HIGH,2026-07-17T01:00:00+00:00,planned,synthetic_digital_twin_from_p0_sample,WO-P0-002,20260713
DT-WO-00579,P-HOUSING-A,60,NORMAL,2026-07-17T02:00:00+00:00,planned,synthetic_digital_twin_from_p0_sample,WO-P0-003,20260713
DT-WO-00580,P-AXLE-A,120,URGENT,2026-07-17T03:00:00+00:00,planned,synthetic_digital_twin_from_p0_sample,WO-P0-001,20260713
DT-WO-00581,P-AXLE-B,80,HIGH,2026-07-17T04:00:00+00:00,planned,synthetic_digital_twin_from_p0_sample,WO-P0-002,20260713
DT-WO-00582,P-HOUSING-A,60,NORMAL,2026-07-17T05:00:00+00:00,planned,synthetic_digital_twin_from_p0_sample,WO-P0-003,20260713
DT-WO-00583,P-AXLE-A,120,URGENT,2026-07-17T06:00:00+00:00,planned,synthetic_digital_twin_from_p0_sample,WO-P0-001,20260713
DT-WO-00584,P-AXLE-B,80,HIGH,2026-07-17T07:00:00+00:00,planned,synthetic_digital_twin_from_p0_sample,WO-P0-002,20260713
DT-WO-00585,P-HOUSING-A,60,NORMAL,2026-07-17T08:00:00+00:00,planned,synthetic_digital_twin_from_p0_sample,WO-P0-003,20260713
DT-WO-00586,P-AXLE-A,120,URGENT,2026-07-17T09:00:00+00:00,planned,synthetic_digital_twin_from_p0_sample,WO-P0-001,20260713
DT-WO-00587,P-AXLE-B,80,HIGH,2026-07-17T10:00:00+00:00,planned,synthetic_digital_twin_from_p0_sample,WO-P0-002,20260713
DT-WO-00588,P-HOUSING-A,60,NORMAL,2026-07-17T11:00:00+00:00,planned,synthetic_digital_twin_from_p0_sample,WO-P0-003,20260713
DT-WO-00589,P-AXLE-A,120,URGENT,2026-07-17T12:00:00+00:00,planned,synthetic_digital_twin_from_p0_sample,WO-P0-001,20260713
DT-WO-00590,P-AXLE-B,80,HIGH,2026-07-17T13:00:00+00:00,planned,synthetic_digital_twin_from_p0_sample,WO-P0-002,20260713
DT-WO-00591,P-HOUSING-A,60,NORMAL,2026-07-17T14:00:00+00:00,planned,synthetic_digital_twin_from_p0_sample,WO-P0-003,20260713
DT-WO-00592,P-AXLE-A,120,URGENT,2026-07-17T15:00:00+00:00,planned,synthetic_digital_twin_from_p0_sample,WO-P0-001,20260713
DT-WO-00593,P-AXLE-B,80,HIGH,2026-07-17T16:00:00+00:00,planned,synthetic_digital_twin_from_p0_sample,WO-P0-002,20260713
DT-WO-00594,P-HOUSING-A,60,NORMAL,2026-07-17T17:00:00+00:00,planned,synthetic_digital_twin_from_p0_sample,WO-P0-003,20260713
DT-WO-00595,P-AXLE-A,120,URGENT,2026-07-17T18:00:00+00:00,planned,synthetic_digital_twin_from_p0_sample,WO-P0-001,20260713
DT-WO-00596,P-AXLE-B,80,HIGH,2026-07-17T19:00:00+00:00,planned,synthetic_digital_twin_from_p0_sample,WO-P0-002,20260713
DT-WO-00597,P-HOUSING-A,60,NORMAL,2026-07-17T20:00:00+00:00,planned,synthetic_digital_twin_from_p0_sample,WO-P0-003,20260713
DT-WO-00598,P-AXLE-A,120,URGENT,2026-07-17T21:00:00+00:00,planned,synthetic_digital_twin_from_p0_sample,WO-P0-001,20260713
DT-WO-00599,P-AXLE-B,80,HIGH,2026-07-17T22:00:00+00:00,planned,synthetic_digital_twin_from_p0_sample,WO-P0-002,20260713
DT-WO-00600,P-HOUSING-A,60,NORMAL,2026-07-17T23:00:00+00:00,planned,synthetic_digital_twin_from_p0_sample,WO-P0-003,20260713
DT-WO-00601,P-AXLE-A,120,URGENT,2026-07-18T00:00:00+00:00,planned,synthetic_digital_twin_from_p0_sample,WO-P0-001,20260713
DT-WO-00602,P-AXLE-B,80,HIGH,2026-07-18T01:00:00+00:00,planned,synthetic_digital_twin_from_p0_sample,WO-P0-002,20260713
DT-WO-00603,P-HOUSING-A,60,NORMAL,2026-07-18T02:00:00+00:00,planned,synthetic_digital_twin_from_p0_sample,WO-P0-003,20260713
DT-WO-00604,P-AXLE-A,120,URGENT,2026-07-18T03:00:00+00:00,planned,synthetic_digital_twin_from_p0_sample,WO-P0-001,20260713
DT-WO-00605,P-AXLE-B,80,HIGH,2026-07-18T04:00:00+00:00,planned,synthetic_digital_twin_from_p0_sample,WO-P0-002,20260713
DT-WO-00606,P-HOUSING-A,60,NORMAL,2026-07-18T05:00:00+00:00,planned,synthetic_digital_twin_from_p0_sample,WO-P0-003,20260713
DT-WO-00607,P-AXLE-A,120,URGENT,2026-07-18T06:00:00+00:00,planned,synthetic_digital_twin_from_p0_sample,WO-P0-001,20260713
DT-WO-00608,P-AXLE-B,80,HIGH,2026-07-18T07:00:00+00:00,planned,synthetic_digital_twin_from_p0_sample,WO-P0-002,20260713
DT-WO-00609,P-HOUSING-A,60,NORMAL,2026-07-18T08:00:00+00:00,planned,synthetic_digital_twin_from_p0_sample,WO-P0-003,20260713
DT-WO-00610,P-AXLE-A,120,URGENT,2026-07-18T09:00:00+00:00,planned,synthetic_digital_twin_from_p0_sample,WO-P0-001,20260713
DT-WO-00611,P-AXLE-B,80,HIGH,2026-07-18T10:00:00+00:00,planned,synthetic_digital_twin_from_p0_sample,WO-P0-002,20260713
DT-WO-00612,P-HOUSING-A,60,NORMAL,2026-07-18T11:00:00+00:00,planned,synthetic_digital_twin_from_p0_sample,WO-P0-003,20260713
DT-WO-00613,P-AXLE-A,120,URGENT,2026-07-18T12:00:00+00:00,planned,synthetic_digital_twin_from_p0_sample,WO-P0-001,20260713
DT-WO-00614,P-AXLE-B,80,HIGH,2026-07-18T13:00:00+00:00,planned,synthetic_digital_twin_from_p0_sample,WO-P0-002,20260713
DT-WO-00615,P-HOUSING-A,60,NORMAL,2026-07-18T14:00:00+00:00,planned,synthetic_digital_twin_from_p0_sample,WO-P0-003,20260713
DT-WO-00616,P-AXLE-A,120,URGENT,2026-07-18T15:00:00+00:00,planned,synthetic_digital_twin_from_p0_sample,WO-P0-001,20260713
DT-WO-00617,P-AXLE-B,80,HIGH,2026-07-18T16:00:00+00:00,planned,synthetic_digital_twin_from_p0_sample,WO-P0-002,20260713
DT-WO-00618,P-HOUSING-A,60,NORMAL,2026-07-18T17:00:00+00:00,planned,synthetic_digital_twin_from_p0_sample,WO-P0-003,20260713
DT-WO-00619,P-AXLE-A,120,URGENT,2026-07-18T18:00:00+00:00,planned,synthetic_digital_twin_from_p0_sample,WO-P0-001,20260713
DT-WO-00620,P-AXLE-B,80,HIGH,2026-07-18T19:00:00+00:00,planned,synthetic_digital_twin_from_p0_sample,WO-P0-002,20260713
DT-WO-00621,P-HOUSING-A,60,NORMAL,2026-07-18T20:00:00+00:00,planned,synthetic_digital_twin_from_p0_sample,WO-P0-003,20260713
DT-WO-00622,P-AXLE-A,120,URGENT,2026-07-18T21:00:00+00:00,planned,synthetic_digital_twin_from_p0_sample,WO-P0-001,20260713
DT-WO-00623,P-AXLE-B,80,HIGH,2026-07-18T22:00:00+00:00,planned,synthetic_digital_twin_from_p0_sample,WO-P0-002,20260713
DT-WO-00624,P-HOUSING-A,60,NORMAL,2026-07-18T23:00:00+00:00,planned,synthetic_digital_twin_from_p0_sample,WO-P0-003,20260713
DT-WO-00625,P-AXLE-A,120,URGENT,2026-07-19T00:00:00+00:00,planned,synthetic_digital_twin_from_p0_sample,WO-P0-001,20260713
DT-WO-00626,P-AXLE-B,80,HIGH,2026-07-19T01:00:00+00:00,planned,synthetic_digital_twin_from_p0_sample,WO-P0-002,20260713
DT-WO-00627,P-HOUSING-A,60,NORMAL,2026-07-19T02:00:00+00:00,planned,synthetic_digital_twin_from_p0_sample,WO-P0-003,20260713
DT-WO-00628,P-AXLE-A,120,URGENT,2026-07-19T03:00:00+00:00,planned,synthetic_digital_twin_from_p0_sample,WO-P0-001,20260713
DT-WO-00629,P-AXLE-B,80,HIGH,2026-07-19T04:00:00+00:00,planned,synthetic_digital_twin_from_p0_sample,WO-P0-002,20260713
DT-WO-00630,P-HOUSING-A,60,NORMAL,2026-07-19T05:00:00+00:00,planned,synthetic_digital_twin_from_p0_sample,WO-P0-003,20260713
DT-WO-00631,P-AXLE-A,120,URGENT,2026-07-19T06:00:00+00:00,planned,synthetic_digital_twin_from_p0_sample,WO-P0-001,20260713
DT-WO-00632,P-AXLE-B,80,HIGH,2026-07-19T07:00:00+00:00,planned,synthetic_digital_twin_from_p0_sample,WO-P0-002,20260713
DT-WO-00633,P-HOUSING-A,60,NORMAL,2026-07-19T08:00:00+00:00,planned,synthetic_digital_twin_from_p0_sample,WO-P0-003,20260713
DT-WO-00634,P-AXLE-A,120,URGENT,2026-07-19T09:00:00+00:00,planned,synthetic_digital_twin_from_p0_sample,WO-P0-001,20260713
DT-WO-00635,P-AXLE-B,80,HIGH,2026-07-19T10:00:00+00:00,planned,synthetic_digital_twin_from_p0_sample,WO-P0-002,20260713
DT-WO-00636,P-HOUSING-A,60,NORMAL,2026-07-19T11:00:00+00:00,planned,synthetic_digital_twin_from_p0_sample,WO-P0-003,20260713
DT-WO-00637,P-AXLE-A,120,URGENT,2026-07-19T12:00:00+00:00,planned,synthetic_digital_twin_from_p0_sample,WO-P0-001,20260713
DT-WO-00638,P-AXLE-B,80,HIGH,2026-07-19T13:00:00+00:00,planned,synthetic_digital_twin_from_p0_sample,WO-P0-002,20260713
DT-WO-00639,P-HOUSING-A,60,NORMAL,2026-07-19T14:00:00+00:00,planned,synthetic_digital_twin_from_p0_sample,WO-P0-003,20260713
DT-WO-00640,P-AXLE-A,120,URGENT,2026-07-19T15:00:00+00:00,planned,synthetic_digital_twin_from_p0_sample,WO-P0-001,20260713
DT-WO-00641,P-AXLE-B,80,HIGH,2026-07-19T16:00:00+00:00,planned,synthetic_digital_twin_from_p0_sample,WO-P0-002,20260713
DT-WO-00642,P-HOUSING-A,60,NORMAL,2026-07-19T17:00:00+00:00,planned,synthetic_digital_twin_from_p0_sample,WO-P0-003,20260713
DT-WO-00643,P-AXLE-A,120,URGENT,2026-07-19T18:00:00+00:00,planned,synthetic_digital_twin_from_p0_sample,WO-P0-001,20260713
DT-WO-00644,P-AXLE-B,80,HIGH,2026-07-19T19:00:00+00:00,planned,synthetic_digital_twin_from_p0_sample,WO-P0-002,20260713
DT-WO-00645,P-HOUSING-A,60,NORMAL,2026-07-19T20:00:00+00:00,planned,synthetic_digital_twin_from_p0_sample,WO-P0-003,20260713
DT-WO-00646,P-AXLE-A,120,URGENT,2026-07-19T21:00:00+00:00,planned,synthetic_digital_twin_from_p0_sample,WO-P0-001,20260713
DT-WO-00647,P-AXLE-B,80,HIGH,2026-07-19T22:00:00+00:00,planned,synthetic_digital_twin_from_p0_sample,WO-P0-002,20260713
DT-WO-00648,P-HOUSING-A,60,NORMAL,2026-07-19T23:00:00+00:00,planned,synthetic_digital_twin_from_p0_sample,WO-P0-003,20260713
DT-WO-00649,P-AXLE-A,120,URGENT,2026-07-20T00:00:00+00:00,planned,synthetic_digital_twin_from_p0_sample,WO-P0-001,20260713
DT-WO-00650,P-AXLE-B,80,HIGH,2026-07-20T01:00:00+00:00,planned,synthetic_digital_twin_from_p0_sample,WO-P0-002,20260713
DT-WO-00651,P-HOUSING-A,60,NORMAL,2026-07-20T02:00:00+00:00,planned,synthetic_digital_twin_from_p0_sample,WO-P0-003,20260713
DT-WO-00652,P-AXLE-A,120,URGENT,2026-07-20T03:00:00+00:00,planned,synthetic_digital_twin_from_p0_sample,WO-P0-001,20260713
DT-WO-00653,P-AXLE-B,80,HIGH,2026-07-20T04:00:00+00:00,planned,synthetic_digital_twin_from_p0_sample,WO-P0-002,20260713
DT-WO-00654,P-HOUSING-A,60,NORMAL,2026-07-20T05:00:00+00:00,planned,synthetic_digital_twin_from_p0_sample,WO-P0-003,20260713
DT-WO-00655,P-AXLE-A,120,URGENT,2026-07-20T06:00:00+00:00,planned,synthetic_digital_twin_from_p0_sample,WO-P0-001,20260713
DT-WO-00656,P-AXLE-B,80,HIGH,2026-07-20T07:00:00+00:00,planned,synthetic_digital_twin_from_p0_sample,WO-P0-002,20260713
DT-WO-00657,P-HOUSING-A,60,NORMAL,2026-07-20T08:00:00+00:00,planned,synthetic_digital_twin_from_p0_sample,WO-P0-003,20260713
DT-WO-00658,P-AXLE-A,120,URGENT,2026-07-20T09:00:00+00:00,planned,synthetic_digital_twin_from_p0_sample,WO-P0-001,20260713
DT-WO-00659,P-AXLE-B,80,HIGH,2026-07-20T10:00:00+00:00,planned,synthetic_digital_twin_from_p0_sample,WO-P0-002,20260713
DT-WO-00660,P-HOUSING-A,60,NORMAL,2026-07-20T11:00:00+00:00,planned,synthetic_digital_twin_from_p0_sample,WO-P0-003,20260713
DT-WO-00661,P-AXLE-A,120,URGENT,2026-07-20T12:00:00+00:00,planned,synthetic_digital_twin_from_p0_sample,WO-P0-001,20260713
DT-WO-00662,P-AXLE-B,80,HIGH,2026-07-20T13:00:00+00:00,planned,synthetic_digital_twin_from_p0_sample,WO-P0-002,20260713
DT-WO-00663,P-HOUSING-A,60,NORMAL,2026-07-20T14:00:00+00:00,planned,synthetic_digital_twin_from_p0_sample,WO-P0-003,20260713
DT-WO-00664,P-AXLE-A,120,URGENT,2026-07-20T15:00:00+00:00,planned,synthetic_digital_twin_from_p0_sample,WO-P0-001,20260713
DT-WO-00665,P-AXLE-B,80,HIGH,2026-07-20T16:00:00+00:00,planned,synthetic_digital_twin_from_p0_sample,WO-P0-002,20260713
DT-WO-00666,P-HOUSING-A,60,NORMAL,2026-07-20T17:00:00+00:00,planned,synthetic_digital_twin_from_p0_sample,WO-P0-003,20260713
DT-WO-00667,P-AXLE-A,120,URGENT,2026-07-20T18:00:00+00:00,planned,synthetic_digital_twin_from_p0_sample,WO-P0-001,20260713
DT-WO-00668,P-AXLE-B,80,HIGH,2026-07-20T19:00:00+00:00,planned,synthetic_digital_twin_from_p0_sample,WO-P0-002,20260713
DT-WO-00669,P-HOUSING-A,60,NORMAL,2026-07-20T20:00:00+00:00,planned,synthetic_digital_twin_from_p0_sample,WO-P0-003,20260713
DT-WO-00670,P-AXLE-A,120,URGENT,2026-07-20T21:00:00+00:00,planned,synthetic_digital_twin_from_p0_sample,WO-P0-001,20260713
DT-WO-00671,P-AXLE-B,80,HIGH,2026-07-20T22:00:00+00:00,planned,synthetic_digital_twin_from_p0_sample,WO-P0-002,20260713
DT-WO-00672,P-HOUSING-A,60,NORMAL,2026-07-20T23:00:00+00:00,planned,synthetic_digital_twin_from_p0_sample,WO-P0-003,20260713
DT-WO-00673,P-AXLE-A,120,URGENT,2026-07-14T00:00:00+00:00,planned,synthetic_digital_twin_from_p0_sample,WO-P0-001,20260713
DT-WO-00674,P-AXLE-B,80,HIGH,2026-07-14T01:00:00+00:00,planned,synthetic_digital_twin_from_p0_sample,WO-P0-002,20260713
DT-WO-00675,P-HOUSING-A,60,NORMAL,2026-07-14T02:00:00+00:00,planned,synthetic_digital_twin_from_p0_sample,WO-P0-003,20260713
DT-WO-00676,P-AXLE-A,120,URGENT,2026-07-14T03:00:00+00:00,planned,synthetic_digital_twin_from_p0_sample,WO-P0-001,20260713
DT-WO-00677,P-AXLE-B,80,HIGH,2026-07-14T04:00:00+00:00,planned,synthetic_digital_twin_from_p0_sample,WO-P0-002,20260713
DT-WO-00678,P-HOUSING-A,60,NORMAL,2026-07-14T05:00:00+00:00,planned,synthetic_digital_twin_from_p0_sample,WO-P0-003,20260713
DT-WO-00679,P-AXLE-A,120,URGENT,2026-07-14T06:00:00+00:00,planned,synthetic_digital_twin_from_p0_sample,WO-P0-001,20260713
DT-WO-00680,P-AXLE-B,80,HIGH,2026-07-14T07:00:00+00:00,planned,synthetic_digital_twin_from_p0_sample,WO-P0-002,20260713
DT-WO-00681,P-HOUSING-A,60,NORMAL,2026-07-14T08:00:00+00:00,planned,synthetic_digital_twin_from_p0_sample,WO-P0-003,20260713
DT-WO-00682,P-AXLE-A,120,URGENT,2026-07-14T09:00:00+00:00,planned,synthetic_digital_twin_from_p0_sample,WO-P0-001,20260713
DT-WO-00683,P-AXLE-B,80,HIGH,2026-07-14T10:00:00+00:00,planned,synthetic_digital_twin_from_p0_sample,WO-P0-002,20260713
DT-WO-00684,P-HOUSING-A,60,NORMAL,2026-07-14T11:00:00+00:00,planned,synthetic_digital_twin_from_p0_sample,WO-P0-003,20260713
DT-WO-00685,P-AXLE-A,120,URGENT,2026-07-14T12:00:00+00:00,planned,synthetic_digital_twin_from_p0_sample,WO-P0-001,20260713
DT-WO-00686,P-AXLE-B,80,HIGH,2026-07-14T13:00:00+00:00,planned,synthetic_digital_twin_from_p0_sample,WO-P0-002,20260713
DT-WO-00687,P-HOUSING-A,60,NORMAL,2026-07-14T14:00:00+00:00,planned,synthetic_digital_twin_from_p0_sample,WO-P0-003,20260713
DT-WO-00688,P-AXLE-A,120,URGENT,2026-07-14T15:00:00+00:00,planned,synthetic_digital_twin_from_p0_sample,WO-P0-001,20260713
DT-WO-00689,P-AXLE-B,80,HIGH,2026-07-14T16:00:00+00:00,planned,synthetic_digital_twin_from_p0_sample,WO-P0-002,20260713
DT-WO-00690,P-HOUSING-A,60,NORMAL,2026-07-14T17:00:00+00:00,planned,synthetic_digital_twin_from_p0_sample,WO-P0-003,20260713
DT-WO-00691,P-AXLE-A,120,URGENT,2026-07-14T18:00:00+00:00,planned,synthetic_digital_twin_from_p0_sample,WO-P0-001,20260713
DT-WO-00692,P-AXLE-B,80,HIGH,2026-07-14T19:00:00+00:00,planned,synthetic_digital_twin_from_p0_sample,WO-P0-002,20260713
DT-WO-00693,P-HOUSING-A,60,NORMAL,2026-07-14T20:00:00+00:00,planned,synthetic_digital_twin_from_p0_sample,WO-P0-003,20260713
DT-WO-00694,P-AXLE-A,120,URGENT,2026-07-14T21:00:00+00:00,planned,synthetic_digital_twin_from_p0_sample,WO-P0-001,20260713
DT-WO-00695,P-AXLE-B,80,HIGH,2026-07-14T22:00:00+00:00,planned,synthetic_digital_twin_from_p0_sample,WO-P0-002,20260713
DT-WO-00696,P-HOUSING-A,60,NORMAL,2026-07-14T23:00:00+00:00,planned,synthetic_digital_twin_from_p0_sample,WO-P0-003,20260713
DT-WO-00697,P-AXLE-A,120,URGENT,2026-07-15T00:00:00+00:00,planned,synthetic_digital_twin_from_p0_sample,WO-P0-001,20260713
DT-WO-00698,P-AXLE-B,80,HIGH,2026-07-15T01:00:00+00:00,planned,synthetic_digital_twin_from_p0_sample,WO-P0-002,20260713
DT-WO-00699,P-HOUSING-A,60,NORMAL,2026-07-15T02:00:00+00:00,planned,synthetic_digital_twin_from_p0_sample,WO-P0-003,20260713
DT-WO-00700,P-AXLE-A,120,URGENT,2026-07-15T03:00:00+00:00,planned,synthetic_digital_twin_from_p0_sample,WO-P0-001,20260713
DT-WO-00701,P-AXLE-B,80,HIGH,2026-07-15T04:00:00+00:00,planned,synthetic_digital_twin_from_p0_sample,WO-P0-002,20260713
DT-WO-00702,P-HOUSING-A,60,NORMAL,2026-07-15T05:00:00+00:00,planned,synthetic_digital_twin_from_p0_sample,WO-P0-003,20260713
DT-WO-00703,P-AXLE-A,120,URGENT,2026-07-15T06:00:00+00:00,planned,synthetic_digital_twin_from_p0_sample,WO-P0-001,20260713
DT-WO-00704,P-AXLE-B,80,HIGH,2026-07-15T07:00:00+00:00,planned,synthetic_digital_twin_from_p0_sample,WO-P0-002,20260713
DT-WO-00705,P-HOUSING-A,60,NORMAL,2026-07-15T08:00:00+00:00,planned,synthetic_digital_twin_from_p0_sample,WO-P0-003,20260713
DT-WO-00706,P-AXLE-A,120,URGENT,2026-07-15T09:00:00+00:00,planned,synthetic_digital_twin_from_p0_sample,WO-P0-001,20260713
DT-WO-00707,P-AXLE-B,80,HIGH,2026-07-15T10:00:00+00:00,planned,synthetic_digital_twin_from_p0_sample,WO-P0-002,20260713
DT-WO-00708,P-HOUSING-A,60,NORMAL,2026-07-15T11:00:00+00:00,planned,synthetic_digital_twin_from_p0_sample,WO-P0-003,20260713
DT-WO-00709,P-AXLE-A,120,URGENT,2026-07-15T12:00:00+00:00,planned,synthetic_digital_twin_from_p0_sample,WO-P0-001,20260713
DT-WO-00710,P-AXLE-B,80,HIGH,2026-07-15T13:00:00+00:00,planned,synthetic_digital_twin_from_p0_sample,WO-P0-002,20260713
DT-WO-00711,P-HOUSING-A,60,NORMAL,2026-07-15T14:00:00+00:00,planned,synthetic_digital_twin_from_p0_sample,WO-P0-003,20260713
DT-WO-00712,P-AXLE-A,120,URGENT,2026-07-15T15:00:00+00:00,planned,synthetic_digital_twin_from_p0_sample,WO-P0-001,20260713
DT-WO-00713,P-AXLE-B,80,HIGH,2026-07-15T16:00:00+00:00,planned,synthetic_digital_twin_from_p0_sample,WO-P0-002,20260713
DT-WO-00714,P-HOUSING-A,60,NORMAL,2026-07-15T17:00:00+00:00,planned,synthetic_digital_twin_from_p0_sample,WO-P0-003,20260713
DT-WO-00715,P-AXLE-A,120,URGENT,2026-07-15T18:00:00+00:00,planned,synthetic_digital_twin_from_p0_sample,WO-P0-001,20260713
DT-WO-00716,P-AXLE-B,80,HIGH,2026-07-15T19:00:00+00:00,planned,synthetic_digital_twin_from_p0_sample,WO-P0-002,20260713
DT-WO-00717,P-HOUSING-A,60,NORMAL,2026-07-15T20:00:00+00:00,planned,synthetic_digital_twin_from_p0_sample,WO-P0-003,20260713
DT-WO-00718,P-AXLE-A,120,URGENT,2026-07-15T21:00:00+00:00,planned,synthetic_digital_twin_from_p0_sample,WO-P0-001,20260713
DT-WO-00719,P-AXLE-B,80,HIGH,2026-07-15T22:00:00+00:00,planned,synthetic_digital_twin_from_p0_sample,WO-P0-002,20260713
DT-WO-00720,P-HOUSING-A,60,NORMAL,2026-07-15T23:00:00+00:00,planned,synthetic_digital_twin_from_p0_sample,WO-P0-003,20260713
DT-WO-00721,P-AXLE-A,120,URGENT,2026-07-16T00:00:00+00:00,planned,synthetic_digital_twin_from_p0_sample,WO-P0-001,20260713
DT-WO-00722,P-AXLE-B,80,HIGH,2026-07-16T01:00:00+00:00,planned,synthetic_digital_twin_from_p0_sample,WO-P0-002,20260713
DT-WO-00723,P-HOUSING-A,60,NORMAL,2026-07-16T02:00:00+00:00,planned,synthetic_digital_twin_from_p0_sample,WO-P0-003,20260713
DT-WO-00724,P-AXLE-A,120,URGENT,2026-07-16T03:00:00+00:00,planned,synthetic_digital_twin_from_p0_sample,WO-P0-001,20260713
DT-WO-00725,P-AXLE-B,80,HIGH,2026-07-16T04:00:00+00:00,planned,synthetic_digital_twin_from_p0_sample,WO-P0-002,20260713
DT-WO-00726,P-HOUSING-A,60,NORMAL,2026-07-16T05:00:00+00:00,planned,synthetic_digital_twin_from_p0_sample,WO-P0-003,20260713
DT-WO-00727,P-AXLE-A,120,URGENT,2026-07-16T06:00:00+00:00,planned,synthetic_digital_twin_from_p0_sample,WO-P0-001,20260713
DT-WO-00728,P-AXLE-B,80,HIGH,2026-07-16T07:00:00+00:00,planned,synthetic_digital_twin_from_p0_sample,WO-P0-002,20260713
DT-WO-00729,P-HOUSING-A,60,NORMAL,2026-07-16T08:00:00+00:00,planned,synthetic_digital_twin_from_p0_sample,WO-P0-003,20260713
DT-WO-00730,P-AXLE-A,120,URGENT,2026-07-16T09:00:00+00:00,planned,synthetic_digital_twin_from_p0_sample,WO-P0-001,20260713
DT-WO-00731,P-AXLE-B,80,HIGH,2026-07-16T10:00:00+00:00,planned,synthetic_digital_twin_from_p0_sample,WO-P0-002,20260713
DT-WO-00732,P-HOUSING-A,60,NORMAL,2026-07-16T11:00:00+00:00,planned,synthetic_digital_twin_from_p0_sample,WO-P0-003,20260713
DT-WO-00733,P-AXLE-A,120,URGENT,2026-07-16T12:00:00+00:00,planned,synthetic_digital_twin_from_p0_sample,WO-P0-001,20260713
DT-WO-00734,P-AXLE-B,80,HIGH,2026-07-16T13:00:00+00:00,planned,synthetic_digital_twin_from_p0_sample,WO-P0-002,20260713
DT-WO-00735,P-HOUSING-A,60,NORMAL,2026-07-16T14:00:00+00:00,planned,synthetic_digital_twin_from_p0_sample,WO-P0-003,20260713
DT-WO-00736,P-AXLE-A,120,URGENT,2026-07-16T15:00:00+00:00,planned,synthetic_digital_twin_from_p0_sample,WO-P0-001,20260713
DT-WO-00737,P-AXLE-B,80,HIGH,2026-07-16T16:00:00+00:00,planned,synthetic_digital_twin_from_p0_sample,WO-P0-002,20260713
DT-WO-00738,P-HOUSING-A,60,NORMAL,2026-07-16T17:00:00+00:00,planned,synthetic_digital_twin_from_p0_sample,WO-P0-003,20260713
DT-WO-00739,P-AXLE-A,120,URGENT,2026-07-16T18:00:00+00:00,planned,synthetic_digital_twin_from_p0_sample,WO-P0-001,20260713
DT-WO-00740,P-AXLE-B,80,HIGH,2026-07-16T19:00:00+00:00,planned,synthetic_digital_twin_from_p0_sample,WO-P0-002,20260713
DT-WO-00741,P-HOUSING-A,60,NORMAL,2026-07-16T20:00:00+00:00,planned,synthetic_digital_twin_from_p0_sample,WO-P0-003,20260713
DT-WO-00742,P-AXLE-A,120,URGENT,2026-07-16T21:00:00+00:00,planned,synthetic_digital_twin_from_p0_sample,WO-P0-001,20260713
DT-WO-00743,P-AXLE-B,80,HIGH,2026-07-16T22:00:00+00:00,planned,synthetic_digital_twin_from_p0_sample,WO-P0-002,20260713
DT-WO-00744,P-HOUSING-A,60,NORMAL,2026-07-16T23:00:00+00:00,planned,synthetic_digital_twin_from_p0_sample,WO-P0-003,20260713
DT-WO-00745,P-AXLE-A,120,URGENT,2026-07-17T00:00:00+00:00,planned,synthetic_digital_twin_from_p0_sample,WO-P0-001,20260713
DT-WO-00746,P-AXLE-B,80,HIGH,2026-07-17T01:00:00+00:00,planned,synthetic_digital_twin_from_p0_sample,WO-P0-002,20260713
DT-WO-00747,P-HOUSING-A,60,NORMAL,2026-07-17T02:00:00+00:00,planned,synthetic_digital_twin_from_p0_sample,WO-P0-003,20260713
DT-WO-00748,P-AXLE-A,120,URGENT,2026-07-17T03:00:00+00:00,planned,synthetic_digital_twin_from_p0_sample,WO-P0-001,20260713
DT-WO-00749,P-AXLE-B,80,HIGH,2026-07-17T04:00:00+00:00,planned,synthetic_digital_twin_from_p0_sample,WO-P0-002,20260713
DT-WO-00750,P-HOUSING-A,60,NORMAL,2026-07-17T05:00:00+00:00,planned,synthetic_digital_twin_from_p0_sample,WO-P0-003,20260713
DT-WO-00751,P-AXLE-A,120,URGENT,2026-07-17T06:00:00+00:00,planned,synthetic_digital_twin_from_p0_sample,WO-P0-001,20260713
DT-WO-00752,P-AXLE-B,80,HIGH,2026-07-17T07:00:00+00:00,planned,synthetic_digital_twin_from_p0_sample,WO-P0-002,20260713
DT-WO-00753,P-HOUSING-A,60,NORMAL,2026-07-17T08:00:00+00:00,planned,synthetic_digital_twin_from_p0_sample,WO-P0-003,20260713
DT-WO-00754,P-AXLE-A,120,URGENT,2026-07-17T09:00:00+00:00,planned,synthetic_digital_twin_from_p0_sample,WO-P0-001,20260713
DT-WO-00755,P-AXLE-B,80,HIGH,2026-07-17T10:00:00+00:00,planned,synthetic_digital_twin_from_p0_sample,WO-P0-002,20260713
DT-WO-00756,P-HOUSING-A,60,NORMAL,2026-07-17T11:00:00+00:00,planned,synthetic_digital_twin_from_p0_sample,WO-P0-003,20260713
DT-WO-00757,P-AXLE-A,120,URGENT,2026-07-17T12:00:00+00:00,planned,synthetic_digital_twin_from_p0_sample,WO-P0-001,20260713
DT-WO-00758,P-AXLE-B,80,HIGH,2026-07-17T13:00:00+00:00,planned,synthetic_digital_twin_from_p0_sample,WO-P0-002,20260713
DT-WO-00759,P-HOUSING-A,60,NORMAL,2026-07-17T14:00:00+00:00,planned,synthetic_digital_twin_from_p0_sample,WO-P0-003,20260713
DT-WO-00760,P-AXLE-A,120,URGENT,2026-07-17T15:00:00+00:00,planned,synthetic_digital_twin_from_p0_sample,WO-P0-001,20260713
DT-WO-00761,P-AXLE-B,80,HIGH,2026-07-17T16:00:00+00:00,planned,synthetic_digital_twin_from_p0_sample,WO-P0-002,20260713
DT-WO-00762,P-HOUSING-A,60,NORMAL,2026-07-17T17:00:00+00:00,planned,synthetic_digital_twin_from_p0_sample,WO-P0-003,20260713
DT-WO-00763,P-AXLE-A,120,URGENT,2026-07-17T18:00:00+00:00,planned,synthetic_digital_twin_from_p0_sample,WO-P0-001,20260713
DT-WO-00764,P-AXLE-B,80,HIGH,2026-07-17T19:00:00+00:00,planned,synthetic_digital_twin_from_p0_sample,WO-P0-002,20260713
DT-WO-00765,P-HOUSING-A,60,NORMAL,2026-07-17T20:00:00+00:00,planned,synthetic_digital_twin_from_p0_sample,WO-P0-003,20260713
DT-WO-00766,P-AXLE-A,120,URGENT,2026-07-17T21:00:00+00:00,planned,synthetic_digital_twin_from_p0_sample,WO-P0-001,20260713
DT-WO-00767,P-AXLE-B,80,HIGH,2026-07-17T22:00:00+00:00,planned,synthetic_digital_twin_from_p0_sample,WO-P0-002,20260713
DT-WO-00768,P-HOUSING-A,60,NORMAL,2026-07-17T23:00:00+00:00,planned,synthetic_digital_twin_from_p0_sample,WO-P0-003,20260713
DT-WO-00769,P-AXLE-A,120,URGENT,2026-07-18T00:00:00+00:00,planned,synthetic_digital_twin_from_p0_sample,WO-P0-001,20260713
DT-WO-00770,P-AXLE-B,80,HIGH,2026-07-18T01:00:00+00:00,planned,synthetic_digital_twin_from_p0_sample,WO-P0-002,20260713
DT-WO-00771,P-HOUSING-A,60,NORMAL,2026-07-18T02:00:00+00:00,planned,synthetic_digital_twin_from_p0_sample,WO-P0-003,20260713
DT-WO-00772,P-AXLE-A,120,URGENT,2026-07-18T03:00:00+00:00,planned,synthetic_digital_twin_from_p0_sample,WO-P0-001,20260713
DT-WO-00773,P-AXLE-B,80,HIGH,2026-07-18T04:00:00+00:00,planned,synthetic_digital_twin_from_p0_sample,WO-P0-002,20260713
DT-WO-00774,P-HOUSING-A,60,NORMAL,2026-07-18T05:00:00+00:00,planned,synthetic_digital_twin_from_p0_sample,WO-P0-003,20260713
DT-WO-00775,P-AXLE-A,120,URGENT,2026-07-18T06:00:00+00:00,planned,synthetic_digital_twin_from_p0_sample,WO-P0-001,20260713
DT-WO-00776,P-AXLE-B,80,HIGH,2026-07-18T07:00:00+00:00,planned,synthetic_digital_twin_from_p0_sample,WO-P0-002,20260713
DT-WO-00777,P-HOUSING-A,60,NORMAL,2026-07-18T08:00:00+00:00,planned,synthetic_digital_twin_from_p0_sample,WO-P0-003,20260713
DT-WO-00778,P-AXLE-A,120,URGENT,2026-07-18T09:00:00+00:00,planned,synthetic_digital_twin_from_p0_sample,WO-P0-001,20260713
DT-WO-00779,P-AXLE-B,80,HIGH,2026-07-18T10:00:00+00:00,planned,synthetic_digital_twin_from_p0_sample,WO-P0-002,20260713
DT-WO-00780,P-HOUSING-A,60,NORMAL,2026-07-18T11:00:00+00:00,planned,synthetic_digital_twin_from_p0_sample,WO-P0-003,20260713
DT-WO-00781,P-AXLE-A,120,URGENT,2026-07-18T12:00:00+00:00,planned,synthetic_digital_twin_from_p0_sample,WO-P0-001,20260713
DT-WO-00782,P-AXLE-B,80,HIGH,2026-07-18T13:00:00+00:00,planned,synthetic_digital_twin_from_p0_sample,WO-P0-002,20260713
DT-WO-00783,P-HOUSING-A,60,NORMAL,2026-07-18T14:00:00+00:00,planned,synthetic_digital_twin_from_p0_sample,WO-P0-003,20260713
DT-WO-00784,P-AXLE-A,120,URGENT,2026-07-18T15:00:00+00:00,planned,synthetic_digital_twin_from_p0_sample,WO-P0-001,20260713
DT-WO-00785,P-AXLE-B,80,HIGH,2026-07-18T16:00:00+00:00,planned,synthetic_digital_twin_from_p0_sample,WO-P0-002,20260713
DT-WO-00786,P-HOUSING-A,60,NORMAL,2026-07-18T17:00:00+00:00,planned,synthetic_digital_twin_from_p0_sample,WO-P0-003,20260713
DT-WO-00787,P-AXLE-A,120,URGENT,2026-07-18T18:00:00+00:00,planned,synthetic_digital_twin_from_p0_sample,WO-P0-001,20260713
DT-WO-00788,P-AXLE-B,80,HIGH,2026-07-18T19:00:00+00:00,planned,synthetic_digital_twin_from_p0_sample,WO-P0-002,20260713
DT-WO-00789,P-HOUSING-A,60,NORMAL,2026-07-18T20:00:00+00:00,planned,synthetic_digital_twin_from_p0_sample,WO-P0-003,20260713
DT-WO-00790,P-AXLE-A,120,URGENT,2026-07-18T21:00:00+00:00,planned,synthetic_digital_twin_from_p0_sample,WO-P0-001,20260713
DT-WO-00791,P-AXLE-B,80,HIGH,2026-07-18T22:00:00+00:00,planned,synthetic_digital_twin_from_p0_sample,WO-P0-002,20260713
DT-WO-00792,P-HOUSING-A,60,NORMAL,2026-07-18T23:00:00+00:00,planned,synthetic_digital_twin_from_p0_sample,WO-P0-003,20260713
DT-WO-00793,P-AXLE-A,120,URGENT,2026-07-19T00:00:00+00:00,planned,synthetic_digital_twin_from_p0_sample,WO-P0-001,20260713
DT-WO-00794,P-AXLE-B,80,HIGH,2026-07-19T01:00:00+00:00,planned,synthetic_digital_twin_from_p0_sample,WO-P0-002,20260713
DT-WO-00795,P-HOUSING-A,60,NORMAL,2026-07-19T02:00:00+00:00,planned,synthetic_digital_twin_from_p0_sample,WO-P0-003,20260713
DT-WO-00796,P-AXLE-A,120,URGENT,2026-07-19T03:00:00+00:00,planned,synthetic_digital_twin_from_p0_sample,WO-P0-001,20260713
DT-WO-00797,P-AXLE-B,80,HIGH,2026-07-19T04:00:00+00:00,planned,synthetic_digital_twin_from_p0_sample,WO-P0-002,20260713
DT-WO-00798,P-HOUSING-A,60,NORMAL,2026-07-19T05:00:00+00:00,planned,synthetic_digital_twin_from_p0_sample,WO-P0-003,20260713
DT-WO-00799,P-AXLE-A,120,URGENT,2026-07-19T06:00:00+00:00,planned,synthetic_digital_twin_from_p0_sample,WO-P0-001,20260713
DT-WO-00800,P-AXLE-B,80,HIGH,2026-07-19T07:00:00+00:00,planned,synthetic_digital_twin_from_p0_sample,WO-P0-002,20260713
DT-WO-00801,P-HOUSING-A,60,NORMAL,2026-07-19T08:00:00+00:00,planned,synthetic_digital_twin_from_p0_sample,WO-P0-003,20260713
DT-WO-00802,P-AXLE-A,120,URGENT,2026-07-19T09:00:00+00:00,planned,synthetic_digital_twin_from_p0_sample,WO-P0-001,20260713
DT-WO-00803,P-AXLE-B,80,HIGH,2026-07-19T10:00:00+00:00,planned,synthetic_digital_twin_from_p0_sample,WO-P0-002,20260713
DT-WO-00804,P-HOUSING-A,60,NORMAL,2026-07-19T11:00:00+00:00,planned,synthetic_digital_twin_from_p0_sample,WO-P0-003,20260713
DT-WO-00805,P-AXLE-A,120,URGENT,2026-07-19T12:00:00+00:00,planned,synthetic_digital_twin_from_p0_sample,WO-P0-001,20260713
DT-WO-00806,P-AXLE-B,80,HIGH,2026-07-19T13:00:00+00:00,planned,synthetic_digital_twin_from_p0_sample,WO-P0-002,20260713
DT-WO-00807,P-HOUSING-A,60,NORMAL,2026-07-19T14:00:00+00:00,planned,synthetic_digital_twin_from_p0_sample,WO-P0-003,20260713
DT-WO-00808,P-AXLE-A,120,URGENT,2026-07-19T15:00:00+00:00,planned,synthetic_digital_twin_from_p0_sample,WO-P0-001,20260713
DT-WO-00809,P-AXLE-B,80,HIGH,2026-07-19T16:00:00+00:00,planned,synthetic_digital_twin_from_p0_sample,WO-P0-002,20260713
DT-WO-00810,P-HOUSING-A,60,NORMAL,2026-07-19T17:00:00+00:00,planned,synthetic_digital_twin_from_p0_sample,WO-P0-003,20260713
DT-WO-00811,P-AXLE-A,120,URGENT,2026-07-19T18:00:00+00:00,planned,synthetic_digital_twin_from_p0_sample,WO-P0-001,20260713
DT-WO-00812,P-AXLE-B,80,HIGH,2026-07-19T19:00:00+00:00,planned,synthetic_digital_twin_from_p0_sample,WO-P0-002,20260713
DT-WO-00813,P-HOUSING-A,60,NORMAL,2026-07-19T20:00:00+00:00,planned,synthetic_digital_twin_from_p0_sample,WO-P0-003,20260713
DT-WO-00814,P-AXLE-A,120,URGENT,2026-07-19T21:00:00+00:00,planned,synthetic_digital_twin_from_p0_sample,WO-P0-001,20260713
DT-WO-00815,P-AXLE-B,80,HIGH,2026-07-19T22:00:00+00:00,planned,synthetic_digital_twin_from_p0_sample,WO-P0-002,20260713
DT-WO-00816,P-HOUSING-A,60,NORMAL,2026-07-19T23:00:00+00:00,planned,synthetic_digital_twin_from_p0_sample,WO-P0-003,20260713
DT-WO-00817,P-AXLE-A,120,URGENT,2026-07-20T00:00:00+00:00,planned,synthetic_digital_twin_from_p0_sample,WO-P0-001,20260713
DT-WO-00818,P-AXLE-B,80,HIGH,2026-07-20T01:00:00+00:00,planned,synthetic_digital_twin_from_p0_sample,WO-P0-002,20260713
DT-WO-00819,P-HOUSING-A,60,NORMAL,2026-07-20T02:00:00+00:00,planned,synthetic_digital_twin_from_p0_sample,WO-P0-003,20260713
DT-WO-00820,P-AXLE-A,120,URGENT,2026-07-20T03:00:00+00:00,planned,synthetic_digital_twin_from_p0_sample,WO-P0-001,20260713
DT-WO-00821,P-AXLE-B,80,HIGH,2026-07-20T04:00:00+00:00,planned,synthetic_digital_twin_from_p0_sample,WO-P0-002,20260713
DT-WO-00822,P-HOUSING-A,60,NORMAL,2026-07-20T05:00:00+00:00,planned,synthetic_digital_twin_from_p0_sample,WO-P0-003,20260713
DT-WO-00823,P-AXLE-A,120,URGENT,2026-07-20T06:00:00+00:00,planned,synthetic_digital_twin_from_p0_sample,WO-P0-001,20260713
DT-WO-00824,P-AXLE-B,80,HIGH,2026-07-20T07:00:00+00:00,planned,synthetic_digital_twin_from_p0_sample,WO-P0-002,20260713
DT-WO-00825,P-HOUSING-A,60,NORMAL,2026-07-20T08:00:00+00:00,planned,synthetic_digital_twin_from_p0_sample,WO-P0-003,20260713
DT-WO-00826,P-AXLE-A,120,URGENT,2026-07-20T09:00:00+00:00,planned,synthetic_digital_twin_from_p0_sample,WO-P0-001,20260713
DT-WO-00827,P-AXLE-B,80,HIGH,2026-07-20T10:00:00+00:00,planned,synthetic_digital_twin_from_p0_sample,WO-P0-002,20260713
DT-WO-00828,P-HOUSING-A,60,NORMAL,2026-07-20T11:00:00+00:00,planned,synthetic_digital_twin_from_p0_sample,WO-P0-003,20260713
DT-WO-00829,P-AXLE-A,120,URGENT,2026-07-20T12:00:00+00:00,planned,synthetic_digital_twin_from_p0_sample,WO-P0-001,20260713
DT-WO-00830,P-AXLE-B,80,HIGH,2026-07-20T13:00:00+00:00,planned,synthetic_digital_twin_from_p0_sample,WO-P0-002,20260713
DT-WO-00831,P-HOUSING-A,60,NORMAL,2026-07-20T14:00:00+00:00,planned,synthetic_digital_twin_from_p0_sample,WO-P0-003,20260713
DT-WO-00832,P-AXLE-A,120,URGENT,2026-07-20T15:00:00+00:00,planned,synthetic_digital_twin_from_p0_sample,WO-P0-001,20260713
DT-WO-00833,P-AXLE-B,80,HIGH,2026-07-20T16:00:00+00:00,planned,synthetic_digital_twin_from_p0_sample,WO-P0-002,20260713
DT-WO-00834,P-HOUSING-A,60,NORMAL,2026-07-20T17:00:00+00:00,planned,synthetic_digital_twin_from_p0_sample,WO-P0-003,20260713
DT-WO-00835,P-AXLE-A,120,URGENT,2026-07-20T18:00:00+00:00,planned,synthetic_digital_twin_from_p0_sample,WO-P0-001,20260713
DT-WO-00836,P-AXLE-B,80,HIGH,2026-07-20T19:00:00+00:00,planned,synthetic_digital_twin_from_p0_sample,WO-P0-002,20260713
DT-WO-00837,P-HOUSING-A,60,NORMAL,2026-07-20T20:00:00+00:00,planned,synthetic_digital_twin_from_p0_sample,WO-P0-003,20260713
DT-WO-00838,P-AXLE-A,120,URGENT,2026-07-20T21:00:00+00:00,planned,synthetic_digital_twin_from_p0_sample,WO-P0-001,20260713
DT-WO-00839,P-AXLE-B,80,HIGH,2026-07-20T22:00:00+00:00,planned,synthetic_digital_twin_from_p0_sample,WO-P0-002,20260713
DT-WO-00840,P-HOUSING-A,60,NORMAL,2026-07-20T23:00:00+00:00,planned,synthetic_digital_twin_from_p0_sample,WO-P0-003,20260713
DT-WO-00841,P-AXLE-A,120,URGENT,2026-07-14T00:00:00+00:00,planned,synthetic_digital_twin_from_p0_sample,WO-P0-001,20260713
DT-WO-00842,P-AXLE-B,80,HIGH,2026-07-14T01:00:00+00:00,planned,synthetic_digital_twin_from_p0_sample,WO-P0-002,20260713
DT-WO-00843,P-HOUSING-A,60,NORMAL,2026-07-14T02:00:00+00:00,planned,synthetic_digital_twin_from_p0_sample,WO-P0-003,20260713
DT-WO-00844,P-AXLE-A,120,URGENT,2026-07-14T03:00:00+00:00,planned,synthetic_digital_twin_from_p0_sample,WO-P0-001,20260713
DT-WO-00845,P-AXLE-B,80,HIGH,2026-07-14T04:00:00+00:00,planned,synthetic_digital_twin_from_p0_sample,WO-P0-002,20260713
DT-WO-00846,P-HOUSING-A,60,NORMAL,2026-07-14T05:00:00+00:00,planned,synthetic_digital_twin_from_p0_sample,WO-P0-003,20260713
DT-WO-00847,P-AXLE-A,120,URGENT,2026-07-14T06:00:00+00:00,planned,synthetic_digital_twin_from_p0_sample,WO-P0-001,20260713
DT-WO-00848,P-AXLE-B,80,HIGH,2026-07-14T07:00:00+00:00,planned,synthetic_digital_twin_from_p0_sample,WO-P0-002,20260713
DT-WO-00849,P-HOUSING-A,60,NORMAL,2026-07-14T08:00:00+00:00,planned,synthetic_digital_twin_from_p0_sample,WO-P0-003,20260713
DT-WO-00850,P-AXLE-A,120,URGENT,2026-07-14T09:00:00+00:00,planned,synthetic_digital_twin_from_p0_sample,WO-P0-001,20260713
DT-WO-00851,P-AXLE-B,80,HIGH,2026-07-14T10:00:00+00:00,planned,synthetic_digital_twin_from_p0_sample,WO-P0-002,20260713
DT-WO-00852,P-HOUSING-A,60,NORMAL,2026-07-14T11:00:00+00:00,planned,synthetic_digital_twin_from_p0_sample,WO-P0-003,20260713
DT-WO-00853,P-AXLE-A,120,URGENT,2026-07-14T12:00:00+00:00,planned,synthetic_digital_twin_from_p0_sample,WO-P0-001,20260713
DT-WO-00854,P-AXLE-B,80,HIGH,2026-07-14T13:00:00+00:00,planned,synthetic_digital_twin_from_p0_sample,WO-P0-002,20260713
DT-WO-00855,P-HOUSING-A,60,NORMAL,2026-07-14T14:00:00+00:00,planned,synthetic_digital_twin_from_p0_sample,WO-P0-003,20260713
DT-WO-00856,P-AXLE-A,120,URGENT,2026-07-14T15:00:00+00:00,planned,synthetic_digital_twin_from_p0_sample,WO-P0-001,20260713
DT-WO-00857,P-AXLE-B,80,HIGH,2026-07-14T16:00:00+00:00,planned,synthetic_digital_twin_from_p0_sample,WO-P0-002,20260713
DT-WO-00858,P-HOUSING-A,60,NORMAL,2026-07-14T17:00:00+00:00,planned,synthetic_digital_twin_from_p0_sample,WO-P0-003,20260713
DT-WO-00859,P-AXLE-A,120,URGENT,2026-07-14T18:00:00+00:00,planned,synthetic_digital_twin_from_p0_sample,WO-P0-001,20260713
DT-WO-00860,P-AXLE-B,80,HIGH,2026-07-14T19:00:00+00:00,planned,synthetic_digital_twin_from_p0_sample,WO-P0-002,20260713
DT-WO-00861,P-HOUSING-A,60,NORMAL,2026-07-14T20:00:00+00:00,planned,synthetic_digital_twin_from_p0_sample,WO-P0-003,20260713
DT-WO-00862,P-AXLE-A,120,URGENT,2026-07-14T21:00:00+00:00,planned,synthetic_digital_twin_from_p0_sample,WO-P0-001,20260713
DT-WO-00863,P-AXLE-B,80,HIGH,2026-07-14T22:00:00+00:00,planned,synthetic_digital_twin_from_p0_sample,WO-P0-002,20260713
DT-WO-00864,P-HOUSING-A,60,NORMAL,2026-07-14T23:00:00+00:00,planned,synthetic_digital_twin_from_p0_sample,WO-P0-003,20260713
DT-WO-00865,P-AXLE-A,120,URGENT,2026-07-15T00:00:00+00:00,planned,synthetic_digital_twin_from_p0_sample,WO-P0-001,20260713
DT-WO-00866,P-AXLE-B,80,HIGH,2026-07-15T01:00:00+00:00,planned,synthetic_digital_twin_from_p0_sample,WO-P0-002,20260713
DT-WO-00867,P-HOUSING-A,60,NORMAL,2026-07-15T02:00:00+00:00,planned,synthetic_digital_twin_from_p0_sample,WO-P0-003,20260713
DT-WO-00868,P-AXLE-A,120,URGENT,2026-07-15T03:00:00+00:00,planned,synthetic_digital_twin_from_p0_sample,WO-P0-001,20260713
DT-WO-00869,P-AXLE-B,80,HIGH,2026-07-15T04:00:00+00:00,planned,synthetic_digital_twin_from_p0_sample,WO-P0-002,20260713
DT-WO-00870,P-HOUSING-A,60,NORMAL,2026-07-15T05:00:00+00:00,planned,synthetic_digital_twin_from_p0_sample,WO-P0-003,20260713
DT-WO-00871,P-AXLE-A,120,URGENT,2026-07-15T06:00:00+00:00,planned,synthetic_digital_twin_from_p0_sample,WO-P0-001,20260713
DT-WO-00872,P-AXLE-B,80,HIGH,2026-07-15T07:00:00+00:00,planned,synthetic_digital_twin_from_p0_sample,WO-P0-002,20260713
DT-WO-00873,P-HOUSING-A,60,NORMAL,2026-07-15T08:00:00+00:00,planned,synthetic_digital_twin_from_p0_sample,WO-P0-003,20260713
DT-WO-00874,P-AXLE-A,120,URGENT,2026-07-15T09:00:00+00:00,planned,synthetic_digital_twin_from_p0_sample,WO-P0-001,20260713
DT-WO-00875,P-AXLE-B,80,HIGH,2026-07-15T10:00:00+00:00,planned,synthetic_digital_twin_from_p0_sample,WO-P0-002,20260713
DT-WO-00876,P-HOUSING-A,60,NORMAL,2026-07-15T11:00:00+00:00,planned,synthetic_digital_twin_from_p0_sample,WO-P0-003,20260713
DT-WO-00877,P-AXLE-A,120,URGENT,2026-07-15T12:00:00+00:00,planned,synthetic_digital_twin_from_p0_sample,WO-P0-001,20260713
DT-WO-00878,P-AXLE-B,80,HIGH,2026-07-15T13:00:00+00:00,planned,synthetic_digital_twin_from_p0_sample,WO-P0-002,20260713
DT-WO-00879,P-HOUSING-A,60,NORMAL,2026-07-15T14:00:00+00:00,planned,synthetic_digital_twin_from_p0_sample,WO-P0-003,20260713
DT-WO-00880,P-AXLE-A,120,URGENT,2026-07-15T15:00:00+00:00,planned,synthetic_digital_twin_from_p0_sample,WO-P0-001,20260713
DT-WO-00881,P-AXLE-B,80,HIGH,2026-07-15T16:00:00+00:00,planned,synthetic_digital_twin_from_p0_sample,WO-P0-002,20260713
DT-WO-00882,P-HOUSING-A,60,NORMAL,2026-07-15T17:00:00+00:00,planned,synthetic_digital_twin_from_p0_sample,WO-P0-003,20260713
DT-WO-00883,P-AXLE-A,120,URGENT,2026-07-15T18:00:00+00:00,planned,synthetic_digital_twin_from_p0_sample,WO-P0-001,20260713
DT-WO-00884,P-AXLE-B,80,HIGH,2026-07-15T19:00:00+00:00,planned,synthetic_digital_twin_from_p0_sample,WO-P0-002,20260713
DT-WO-00885,P-HOUSING-A,60,NORMAL,2026-07-15T20:00:00+00:00,planned,synthetic_digital_twin_from_p0_sample,WO-P0-003,20260713
DT-WO-00886,P-AXLE-A,120,URGENT,2026-07-15T21:00:00+00:00,planned,synthetic_digital_twin_from_p0_sample,WO-P0-001,20260713
DT-WO-00887,P-AXLE-B,80,HIGH,2026-07-15T22:00:00+00:00,planned,synthetic_digital_twin_from_p0_sample,WO-P0-002,20260713
DT-WO-00888,P-HOUSING-A,60,NORMAL,2026-07-15T23:00:00+00:00,planned,synthetic_digital_twin_from_p0_sample,WO-P0-003,20260713
DT-WO-00889,P-AXLE-A,120,URGENT,2026-07-16T00:00:00+00:00,planned,synthetic_digital_twin_from_p0_sample,WO-P0-001,20260713
DT-WO-00890,P-AXLE-B,80,HIGH,2026-07-16T01:00:00+00:00,planned,synthetic_digital_twin_from_p0_sample,WO-P0-002,20260713
DT-WO-00891,P-HOUSING-A,60,NORMAL,2026-07-16T02:00:00+00:00,planned,synthetic_digital_twin_from_p0_sample,WO-P0-003,20260713
DT-WO-00892,P-AXLE-A,120,URGENT,2026-07-16T03:00:00+00:00,planned,synthetic_digital_twin_from_p0_sample,WO-P0-001,20260713
DT-WO-00893,P-AXLE-B,80,HIGH,2026-07-16T04:00:00+00:00,planned,synthetic_digital_twin_from_p0_sample,WO-P0-002,20260713
DT-WO-00894,P-HOUSING-A,60,NORMAL,2026-07-16T05:00:00+00:00,planned,synthetic_digital_twin_from_p0_sample,WO-P0-003,20260713
DT-WO-00895,P-AXLE-A,120,URGENT,2026-07-16T06:00:00+00:00,planned,synthetic_digital_twin_from_p0_sample,WO-P0-001,20260713
DT-WO-00896,P-AXLE-B,80,HIGH,2026-07-16T07:00:00+00:00,planned,synthetic_digital_twin_from_p0_sample,WO-P0-002,20260713
DT-WO-00897,P-HOUSING-A,60,NORMAL,2026-07-16T08:00:00+00:00,planned,synthetic_digital_twin_from_p0_sample,WO-P0-003,20260713
DT-WO-00898,P-AXLE-A,120,URGENT,2026-07-16T09:00:00+00:00,planned,synthetic_digital_twin_from_p0_sample,WO-P0-001,20260713
DT-WO-00899,P-AXLE-B,80,HIGH,2026-07-16T10:00:00+00:00,planned,synthetic_digital_twin_from_p0_sample,WO-P0-002,20260713
DT-WO-00900,P-HOUSING-A,60,NORMAL,2026-07-16T11:00:00+00:00,planned,synthetic_digital_twin_from_p0_sample,WO-P0-003,20260713
DT-WO-00901,P-AXLE-A,120,URGENT,2026-07-16T12:00:00+00:00,planned,synthetic_digital_twin_from_p0_sample,WO-P0-001,20260713
DT-WO-00902,P-AXLE-B,80,HIGH,2026-07-16T13:00:00+00:00,planned,synthetic_digital_twin_from_p0_sample,WO-P0-002,20260713
DT-WO-00903,P-HOUSING-A,60,NORMAL,2026-07-16T14:00:00+00:00,planned,synthetic_digital_twin_from_p0_sample,WO-P0-003,20260713
DT-WO-00904,P-AXLE-A,120,URGENT,2026-07-16T15:00:00+00:00,planned,synthetic_digital_twin_from_p0_sample,WO-P0-001,20260713
DT-WO-00905,P-AXLE-B,80,HIGH,2026-07-16T16:00:00+00:00,planned,synthetic_digital_twin_from_p0_sample,WO-P0-002,20260713
DT-WO-00906,P-HOUSING-A,60,NORMAL,2026-07-16T17:00:00+00:00,planned,synthetic_digital_twin_from_p0_sample,WO-P0-003,20260713
DT-WO-00907,P-AXLE-A,120,URGENT,2026-07-16T18:00:00+00:00,planned,synthetic_digital_twin_from_p0_sample,WO-P0-001,20260713
DT-WO-00908,P-AXLE-B,80,HIGH,2026-07-16T19:00:00+00:00,planned,synthetic_digital_twin_from_p0_sample,WO-P0-002,20260713
DT-WO-00909,P-HOUSING-A,60,NORMAL,2026-07-16T20:00:00+00:00,planned,synthetic_digital_twin_from_p0_sample,WO-P0-003,20260713
DT-WO-00910,P-AXLE-A,120,URGENT,2026-07-16T21:00:00+00:00,planned,synthetic_digital_twin_from_p0_sample,WO-P0-001,20260713
DT-WO-00911,P-AXLE-B,80,HIGH,2026-07-16T22:00:00+00:00,planned,synthetic_digital_twin_from_p0_sample,WO-P0-002,20260713
DT-WO-00912,P-HOUSING-A,60,NORMAL,2026-07-16T23:00:00+00:00,planned,synthetic_digital_twin_from_p0_sample,WO-P0-003,20260713
DT-WO-00913,P-AXLE-A,120,URGENT,2026-07-17T00:00:00+00:00,planned,synthetic_digital_twin_from_p0_sample,WO-P0-001,20260713
DT-WO-00914,P-AXLE-B,80,HIGH,2026-07-17T01:00:00+00:00,planned,synthetic_digital_twin_from_p0_sample,WO-P0-002,20260713
DT-WO-00915,P-HOUSING-A,60,NORMAL,2026-07-17T02:00:00+00:00,planned,synthetic_digital_twin_from_p0_sample,WO-P0-003,20260713
DT-WO-00916,P-AXLE-A,120,URGENT,2026-07-17T03:00:00+00:00,planned,synthetic_digital_twin_from_p0_sample,WO-P0-001,20260713
DT-WO-00917,P-AXLE-B,80,HIGH,2026-07-17T04:00:00+00:00,planned,synthetic_digital_twin_from_p0_sample,WO-P0-002,20260713
DT-WO-00918,P-HOUSING-A,60,NORMAL,2026-07-17T05:00:00+00:00,planned,synthetic_digital_twin_from_p0_sample,WO-P0-003,20260713
DT-WO-00919,P-AXLE-A,120,URGENT,2026-07-17T06:00:00+00:00,planned,synthetic_digital_twin_from_p0_sample,WO-P0-001,20260713
DT-WO-00920,P-AXLE-B,80,HIGH,2026-07-17T07:00:00+00:00,planned,synthetic_digital_twin_from_p0_sample,WO-P0-002,20260713
DT-WO-00921,P-HOUSING-A,60,NORMAL,2026-07-17T08:00:00+00:00,planned,synthetic_digital_twin_from_p0_sample,WO-P0-003,20260713
DT-WO-00922,P-AXLE-A,120,URGENT,2026-07-17T09:00:00+00:00,planned,synthetic_digital_twin_from_p0_sample,WO-P0-001,20260713
DT-WO-00923,P-AXLE-B,80,HIGH,2026-07-17T10:00:00+00:00,planned,synthetic_digital_twin_from_p0_sample,WO-P0-002,20260713
DT-WO-00924,P-HOUSING-A,60,NORMAL,2026-07-17T11:00:00+00:00,planned,synthetic_digital_twin_from_p0_sample,WO-P0-003,20260713
DT-WO-00925,P-AXLE-A,120,URGENT,2026-07-17T12:00:00+00:00,planned,synthetic_digital_twin_from_p0_sample,WO-P0-001,20260713
DT-WO-00926,P-AXLE-B,80,HIGH,2026-07-17T13:00:00+00:00,planned,synthetic_digital_twin_from_p0_sample,WO-P0-002,20260713
DT-WO-00927,P-HOUSING-A,60,NORMAL,2026-07-17T14:00:00+00:00,planned,synthetic_digital_twin_from_p0_sample,WO-P0-003,20260713
DT-WO-00928,P-AXLE-A,120,URGENT,2026-07-17T15:00:00+00:00,planned,synthetic_digital_twin_from_p0_sample,WO-P0-001,20260713
DT-WO-00929,P-AXLE-B,80,HIGH,2026-07-17T16:00:00+00:00,planned,synthetic_digital_twin_from_p0_sample,WO-P0-002,20260713
DT-WO-00930,P-HOUSING-A,60,NORMAL,2026-07-17T17:00:00+00:00,planned,synthetic_digital_twin_from_p0_sample,WO-P0-003,20260713
DT-WO-00931,P-AXLE-A,120,URGENT,2026-07-17T18:00:00+00:00,planned,synthetic_digital_twin_from_p0_sample,WO-P0-001,20260713
DT-WO-00932,P-AXLE-B,80,HIGH,2026-07-17T19:00:00+00:00,planned,synthetic_digital_twin_from_p0_sample,WO-P0-002,20260713
DT-WO-00933,P-HOUSING-A,60,NORMAL,2026-07-17T20:00:00+00:00,planned,synthetic_digital_twin_from_p0_sample,WO-P0-003,20260713
DT-WO-00934,P-AXLE-A,120,URGENT,2026-07-17T21:00:00+00:00,planned,synthetic_digital_twin_from_p0_sample,WO-P0-001,20260713
DT-WO-00935,P-AXLE-B,80,HIGH,2026-07-17T22:00:00+00:00,planned,synthetic_digital_twin_from_p0_sample,WO-P0-002,20260713
DT-WO-00936,P-HOUSING-A,60,NORMAL,2026-07-17T23:00:00+00:00,planned,synthetic_digital_twin_from_p0_sample,WO-P0-003,20260713
DT-WO-00937,P-AXLE-A,120,URGENT,2026-07-18T00:00:00+00:00,planned,synthetic_digital_twin_from_p0_sample,WO-P0-001,20260713
DT-WO-00938,P-AXLE-B,80,HIGH,2026-07-18T01:00:00+00:00,planned,synthetic_digital_twin_from_p0_sample,WO-P0-002,20260713
DT-WO-00939,P-HOUSING-A,60,NORMAL,2026-07-18T02:00:00+00:00,planned,synthetic_digital_twin_from_p0_sample,WO-P0-003,20260713
DT-WO-00940,P-AXLE-A,120,URGENT,2026-07-18T03:00:00+00:00,planned,synthetic_digital_twin_from_p0_sample,WO-P0-001,20260713
DT-WO-00941,P-AXLE-B,80,HIGH,2026-07-18T04:00:00+00:00,planned,synthetic_digital_twin_from_p0_sample,WO-P0-002,20260713
DT-WO-00942,P-HOUSING-A,60,NORMAL,2026-07-18T05:00:00+00:00,planned,synthetic_digital_twin_from_p0_sample,WO-P0-003,20260713
DT-WO-00943,P-AXLE-A,120,URGENT,2026-07-18T06:00:00+00:00,planned,synthetic_digital_twin_from_p0_sample,WO-P0-001,20260713
DT-WO-00944,P-AXLE-B,80,HIGH,2026-07-18T07:00:00+00:00,planned,synthetic_digital_twin_from_p0_sample,WO-P0-002,20260713
DT-WO-00945,P-HOUSING-A,60,NORMAL,2026-07-18T08:00:00+00:00,planned,synthetic_digital_twin_from_p0_sample,WO-P0-003,20260713
DT-WO-00946,P-AXLE-A,120,URGENT,2026-07-18T09:00:00+00:00,planned,synthetic_digital_twin_from_p0_sample,WO-P0-001,20260713
DT-WO-00947,P-AXLE-B,80,HIGH,2026-07-18T10:00:00+00:00,planned,synthetic_digital_twin_from_p0_sample,WO-P0-002,20260713
DT-WO-00948,P-HOUSING-A,60,NORMAL,2026-07-18T11:00:00+00:00,planned,synthetic_digital_twin_from_p0_sample,WO-P0-003,20260713
DT-WO-00949,P-AXLE-A,120,URGENT,2026-07-18T12:00:00+00:00,planned,synthetic_digital_twin_from_p0_sample,WO-P0-001,20260713
DT-WO-00950,P-AXLE-B,80,HIGH,2026-07-18T13:00:00+00:00,planned,synthetic_digital_twin_from_p0_sample,WO-P0-002,20260713
DT-WO-00951,P-HOUSING-A,60,NORMAL,2026-07-18T14:00:00+00:00,planned,synthetic_digital_twin_from_p0_sample,WO-P0-003,20260713
DT-WO-00952,P-AXLE-A,120,URGENT,2026-07-18T15:00:00+00:00,planned,synthetic_digital_twin_from_p0_sample,WO-P0-001,20260713
DT-WO-00953,P-AXLE-B,80,HIGH,2026-07-18T16:00:00+00:00,planned,synthetic_digital_twin_from_p0_sample,WO-P0-002,20260713
DT-WO-00954,P-HOUSING-A,60,NORMAL,2026-07-18T17:00:00+00:00,planned,synthetic_digital_twin_from_p0_sample,WO-P0-003,20260713
DT-WO-00955,P-AXLE-A,120,URGENT,2026-07-18T18:00:00+00:00,planned,synthetic_digital_twin_from_p0_sample,WO-P0-001,20260713
DT-WO-00956,P-AXLE-B,80,HIGH,2026-07-18T19:00:00+00:00,planned,synthetic_digital_twin_from_p0_sample,WO-P0-002,20260713
DT-WO-00957,P-HOUSING-A,60,NORMAL,2026-07-18T20:00:00+00:00,planned,synthetic_digital_twin_from_p0_sample,WO-P0-003,20260713
DT-WO-00958,P-AXLE-A,120,URGENT,2026-07-18T21:00:00+00:00,planned,synthetic_digital_twin_from_p0_sample,WO-P0-001,20260713
DT-WO-00959,P-AXLE-B,80,HIGH,2026-07-18T22:00:00+00:00,planned,synthetic_digital_twin_from_p0_sample,WO-P0-002,20260713
DT-WO-00960,P-HOUSING-A,60,NORMAL,2026-07-18T23:00:00+00:00,planned,synthetic_digital_twin_from_p0_sample,WO-P0-003,20260713
DT-WO-00961,P-AXLE-A,120,URGENT,2026-07-19T00:00:00+00:00,planned,synthetic_digital_twin_from_p0_sample,WO-P0-001,20260713
DT-WO-00962,P-AXLE-B,80,HIGH,2026-07-19T01:00:00+00:00,planned,synthetic_digital_twin_from_p0_sample,WO-P0-002,20260713
DT-WO-00963,P-HOUSING-A,60,NORMAL,2026-07-19T02:00:00+00:00,planned,synthetic_digital_twin_from_p0_sample,WO-P0-003,20260713
DT-WO-00964,P-AXLE-A,120,URGENT,2026-07-19T03:00:00+00:00,planned,synthetic_digital_twin_from_p0_sample,WO-P0-001,20260713
DT-WO-00965,P-AXLE-B,80,HIGH,2026-07-19T04:00:00+00:00,planned,synthetic_digital_twin_from_p0_sample,WO-P0-002,20260713
DT-WO-00966,P-HOUSING-A,60,NORMAL,2026-07-19T05:00:00+00:00,planned,synthetic_digital_twin_from_p0_sample,WO-P0-003,20260713
DT-WO-00967,P-AXLE-A,120,URGENT,2026-07-19T06:00:00+00:00,planned,synthetic_digital_twin_from_p0_sample,WO-P0-001,20260713
DT-WO-00968,P-AXLE-B,80,HIGH,2026-07-19T07:00:00+00:00,planned,synthetic_digital_twin_from_p0_sample,WO-P0-002,20260713
DT-WO-00969,P-HOUSING-A,60,NORMAL,2026-07-19T08:00:00+00:00,planned,synthetic_digital_twin_from_p0_sample,WO-P0-003,20260713
DT-WO-00970,P-AXLE-A,120,URGENT,2026-07-19T09:00:00+00:00,planned,synthetic_digital_twin_from_p0_sample,WO-P0-001,20260713
DT-WO-00971,P-AXLE-B,80,HIGH,2026-07-19T10:00:00+00:00,planned,synthetic_digital_twin_from_p0_sample,WO-P0-002,20260713
DT-WO-00972,P-HOUSING-A,60,NORMAL,2026-07-19T11:00:00+00:00,planned,synthetic_digital_twin_from_p0_sample,WO-P0-003,20260713
DT-WO-00973,P-AXLE-A,120,URGENT,2026-07-19T12:00:00+00:00,planned,synthetic_digital_twin_from_p0_sample,WO-P0-001,20260713
DT-WO-00974,P-AXLE-B,80,HIGH,2026-07-19T13:00:00+00:00,planned,synthetic_digital_twin_from_p0_sample,WO-P0-002,20260713
DT-WO-00975,P-HOUSING-A,60,NORMAL,2026-07-19T14:00:00+00:00,planned,synthetic_digital_twin_from_p0_sample,WO-P0-003,20260713
DT-WO-00976,P-AXLE-A,120,URGENT,2026-07-19T15:00:00+00:00,planned,synthetic_digital_twin_from_p0_sample,WO-P0-001,20260713
DT-WO-00977,P-AXLE-B,80,HIGH,2026-07-19T16:00:00+00:00,planned,synthetic_digital_twin_from_p0_sample,WO-P0-002,20260713
DT-WO-00978,P-HOUSING-A,60,NORMAL,2026-07-19T17:00:00+00:00,planned,synthetic_digital_twin_from_p0_sample,WO-P0-003,20260713
DT-WO-00979,P-AXLE-A,120,URGENT,2026-07-19T18:00:00+00:00,planned,synthetic_digital_twin_from_p0_sample,WO-P0-001,20260713
DT-WO-00980,P-AXLE-B,80,HIGH,2026-07-19T19:00:00+00:00,planned,synthetic_digital_twin_from_p0_sample,WO-P0-002,20260713
DT-WO-00981,P-HOUSING-A,60,NORMAL,2026-07-19T20:00:00+00:00,planned,synthetic_digital_twin_from_p0_sample,WO-P0-003,20260713
DT-WO-00982,P-AXLE-A,120,URGENT,2026-07-19T21:00:00+00:00,planned,synthetic_digital_twin_from_p0_sample,WO-P0-001,20260713
DT-WO-00983,P-AXLE-B,80,HIGH,2026-07-19T22:00:00+00:00,planned,synthetic_digital_twin_from_p0_sample,WO-P0-002,20260713
DT-WO-00984,P-HOUSING-A,60,NORMAL,2026-07-19T23:00:00+00:00,planned,synthetic_digital_twin_from_p0_sample,WO-P0-003,20260713
DT-WO-00985,P-AXLE-A,120,URGENT,2026-07-20T00:00:00+00:00,planned,synthetic_digital_twin_from_p0_sample,WO-P0-001,20260713
DT-WO-00986,P-AXLE-B,80,HIGH,2026-07-20T01:00:00+00:00,planned,synthetic_digital_twin_from_p0_sample,WO-P0-002,20260713
DT-WO-00987,P-HOUSING-A,60,NORMAL,2026-07-20T02:00:00+00:00,planned,synthetic_digital_twin_from_p0_sample,WO-P0-003,20260713
DT-WO-00988,P-AXLE-A,120,URGENT,2026-07-20T03:00:00+00:00,planned,synthetic_digital_twin_from_p0_sample,WO-P0-001,20260713
DT-WO-00989,P-AXLE-B,80,HIGH,2026-07-20T04:00:00+00:00,planned,synthetic_digital_twin_from_p0_sample,WO-P0-002,20260713
DT-WO-00990,P-HOUSING-A,60,NORMAL,2026-07-20T05:00:00+00:00,planned,synthetic_digital_twin_from_p0_sample,WO-P0-003,20260713
DT-WO-00991,P-AXLE-A,120,URGENT,2026-07-20T06:00:00+00:00,planned,synthetic_digital_twin_from_p0_sample,WO-P0-001,20260713
DT-WO-00992,P-AXLE-B,80,HIGH,2026-07-20T07:00:00+00:00,planned,synthetic_digital_twin_from_p0_sample,WO-P0-002,20260713
DT-WO-00993,P-HOUSING-A,60,NORMAL,2026-07-20T08:00:00+00:00,planned,synthetic_digital_twin_from_p0_sample,WO-P0-003,20260713
DT-WO-00994,P-AXLE-A,120,URGENT,2026-07-20T09:00:00+00:00,planned,synthetic_digital_twin_from_p0_sample,WO-P0-001,20260713
DT-WO-00995,P-AXLE-B,80,HIGH,2026-07-20T10:00:00+00:00,planned,synthetic_digital_twin_from_p0_sample,WO-P0-002,20260713
DT-WO-00996,P-HOUSING-A,60,NORMAL,2026-07-20T11:00:00+00:00,planned,synthetic_digital_twin_from_p0_sample,WO-P0-003,20260713
DT-WO-00997,P-AXLE-A,120,URGENT,2026-07-20T12:00:00+00:00,planned,synthetic_digital_twin_from_p0_sample,WO-P0-001,20260713
DT-WO-00998,P-AXLE-B,80,HIGH,2026-07-20T13:00:00+00:00,planned,synthetic_digital_twin_from_p0_sample,WO-P0-002,20260713
DT-WO-00999,P-HOUSING-A,60,NORMAL,2026-07-20T14:00:00+00:00,planned,synthetic_digital_twin_from_p0_sample,WO-P0-003,20260713
DT-WO-01000,P-AXLE-A,120,URGENT,2026-07-20T15:00:00+00:00,planned,synthetic_digital_twin_from_p0_sample,WO-P0-001,20260713
DT-WO-01001,P-AXLE-B,80,HIGH,2026-07-20T16:00:00+00:00,planned,synthetic_digital_twin_from_p0_sample,WO-P0-002,20260713
DT-WO-01002,P-HOUSING-A,60,NORMAL,2026-07-20T17:00:00+00:00,planned,synthetic_digital_twin_from_p0_sample,WO-P0-003,20260713
DT-WO-01003,P-AXLE-A,120,URGENT,2026-07-20T18:00:00+00:00,planned,synthetic_digital_twin_from_p0_sample,WO-P0-001,20260713
DT-WO-01004,P-AXLE-B,80,HIGH,2026-07-20T19:00:00+00:00,planned,synthetic_digital_twin_from_p0_sample,WO-P0-002,20260713
DT-WO-01005,P-HOUSING-A,60,NORMAL,2026-07-20T20:00:00+00:00,planned,synthetic_digital_twin_from_p0_sample,WO-P0-003,20260713
DT-WO-01006,P-AXLE-A,120,URGENT,2026-07-20T21:00:00+00:00,planned,synthetic_digital_twin_from_p0_sample,WO-P0-001,20260713
DT-WO-01007,P-AXLE-B,80,HIGH,2026-07-20T22:00:00+00:00,planned,synthetic_digital_twin_from_p0_sample,WO-P0-002,20260713
DT-WO-01008,P-HOUSING-A,60,NORMAL,2026-07-20T23:00:00+00:00,planned,synthetic_digital_twin_from_p0_sample,WO-P0-003,20260713
DT-WO-01009,P-AXLE-A,120,URGENT,2026-07-14T00:00:00+00:00,planned,synthetic_digital_twin_from_p0_sample,WO-P0-001,20260713
DT-WO-01010,P-AXLE-B,80,HIGH,2026-07-14T01:00:00+00:00,planned,synthetic_digital_twin_from_p0_sample,WO-P0-002,20260713
DT-WO-01011,P-HOUSING-A,60,NORMAL,2026-07-14T02:00:00+00:00,planned,synthetic_digital_twin_from_p0_sample,WO-P0-003,20260713
DT-WO-01012,P-AXLE-A,120,URGENT,2026-07-14T03:00:00+00:00,planned,synthetic_digital_twin_from_p0_sample,WO-P0-001,20260713
DT-WO-01013,P-AXLE-B,80,HIGH,2026-07-14T04:00:00+00:00,planned,synthetic_digital_twin_from_p0_sample,WO-P0-002,20260713
DT-WO-01014,P-HOUSING-A,60,NORMAL,2026-07-14T05:00:00+00:00,planned,synthetic_digital_twin_from_p0_sample,WO-P0-003,20260713
DT-WO-01015,P-AXLE-A,120,URGENT,2026-07-14T06:00:00+00:00,planned,synthetic_digital_twin_from_p0_sample,WO-P0-001,20260713
DT-WO-01016,P-AXLE-B,80,HIGH,2026-07-14T07:00:00+00:00,planned,synthetic_digital_twin_from_p0_sample,WO-P0-002,20260713
DT-WO-01017,P-HOUSING-A,60,NORMAL,2026-07-14T08:00:00+00:00,planned,synthetic_digital_twin_from_p0_sample,WO-P0-003,20260713
DT-WO-01018,P-AXLE-A,120,URGENT,2026-07-14T09:00:00+00:00,planned,synthetic_digital_twin_from_p0_sample,WO-P0-001,20260713
DT-WO-01019,P-AXLE-B,80,HIGH,2026-07-14T10:00:00+00:00,planned,synthetic_digital_twin_from_p0_sample,WO-P0-002,20260713
DT-WO-01020,P-HOUSING-A,60,NORMAL,2026-07-14T11:00:00+00:00,planned,synthetic_digital_twin_from_p0_sample,WO-P0-003,20260713
DT-WO-01021,P-AXLE-A,120,URGENT,2026-07-14T12:00:00+00:00,planned,synthetic_digital_twin_from_p0_sample,WO-P0-001,20260713
DT-WO-01022,P-AXLE-B,80,HIGH,2026-07-14T13:00:00+00:00,planned,synthetic_digital_twin_from_p0_sample,WO-P0-002,20260713
DT-WO-01023,P-HOUSING-A,60,NORMAL,2026-07-14T14:00:00+00:00,planned,synthetic_digital_twin_from_p0_sample,WO-P0-003,20260713
DT-WO-01024,P-AXLE-A,120,URGENT,2026-07-14T15:00:00+00:00,planned,synthetic_digital_twin_from_p0_sample,WO-P0-001,20260713
DT-WO-01025,P-AXLE-B,80,HIGH,2026-07-14T16:00:00+00:00,planned,synthetic_digital_twin_from_p0_sample,WO-P0-002,20260713
DT-WO-01026,P-HOUSING-A,60,NORMAL,2026-07-14T17:00:00+00:00,planned,synthetic_digital_twin_from_p0_sample,WO-P0-003,20260713
DT-WO-01027,P-AXLE-A,120,URGENT,2026-07-14T18:00:00+00:00,planned,synthetic_digital_twin_from_p0_sample,WO-P0-001,20260713
DT-WO-01028,P-AXLE-B,80,HIGH,2026-07-14T19:00:00+00:00,planned,synthetic_digital_twin_from_p0_sample,WO-P0-002,20260713
DT-WO-01029,P-HOUSING-A,60,NORMAL,2026-07-14T20:00:00+00:00,planned,synthetic_digital_twin_from_p0_sample,WO-P0-003,20260713
DT-WO-01030,P-AXLE-A,120,URGENT,2026-07-14T21:00:00+00:00,planned,synthetic_digital_twin_from_p0_sample,WO-P0-001,20260713
DT-WO-01031,P-AXLE-B,80,HIGH,2026-07-14T22:00:00+00:00,planned,synthetic_digital_twin_from_p0_sample,WO-P0-002,20260713
DT-WO-01032,P-HOUSING-A,60,NORMAL,2026-07-14T23:00:00+00:00,planned,synthetic_digital_twin_from_p0_sample,WO-P0-003,20260713
DT-WO-01033,P-AXLE-A,120,URGENT,2026-07-15T00:00:00+00:00,planned,synthetic_digital_twin_from_p0_sample,WO-P0-001,20260713
DT-WO-01034,P-AXLE-B,80,HIGH,2026-07-15T01:00:00+00:00,planned,synthetic_digital_twin_from_p0_sample,WO-P0-002,20260713
DT-WO-01035,P-HOUSING-A,60,NORMAL,2026-07-15T02:00:00+00:00,planned,synthetic_digital_twin_from_p0_sample,WO-P0-003,20260713
DT-WO-01036,P-AXLE-A,120,URGENT,2026-07-15T03:00:00+00:00,planned,synthetic_digital_twin_from_p0_sample,WO-P0-001,20260713
DT-WO-01037,P-AXLE-B,80,HIGH,2026-07-15T04:00:00+00:00,planned,synthetic_digital_twin_from_p0_sample,WO-P0-002,20260713
DT-WO-01038,P-HOUSING-A,60,NORMAL,2026-07-15T05:00:00+00:00,planned,synthetic_digital_twin_from_p0_sample,WO-P0-003,20260713
DT-WO-01039,P-AXLE-A,120,URGENT,2026-07-15T06:00:00+00:00,planned,synthetic_digital_twin_from_p0_sample,WO-P0-001,20260713
DT-WO-01040,P-AXLE-B,80,HIGH,2026-07-15T07:00:00+00:00,planned,synthetic_digital_twin_from_p0_sample,WO-P0-002,20260713
DT-WO-01041,P-HOUSING-A,60,NORMAL,2026-07-15T08:00:00+00:00,planned,synthetic_digital_twin_from_p0_sample,WO-P0-003,20260713
DT-WO-01042,P-AXLE-A,120,URGENT,2026-07-15T09:00:00+00:00,planned,synthetic_digital_twin_from_p0_sample,WO-P0-001,20260713
DT-WO-01043,P-AXLE-B,80,HIGH,2026-07-15T10:00:00+00:00,planned,synthetic_digital_twin_from_p0_sample,WO-P0-002,20260713
DT-WO-01044,P-HOUSING-A,60,NORMAL,2026-07-15T11:00:00+00:00,planned,synthetic_digital_twin_from_p0_sample,WO-P0-003,20260713
DT-WO-01045,P-AXLE-A,120,URGENT,2026-07-15T12:00:00+00:00,planned,synthetic_digital_twin_from_p0_sample,WO-P0-001,20260713
DT-WO-01046,P-AXLE-B,80,HIGH,2026-07-15T13:00:00+00:00,planned,synthetic_digital_twin_from_p0_sample,WO-P0-002,20260713
DT-WO-01047,P-HOUSING-A,60,NORMAL,2026-07-15T14:00:00+00:00,planned,synthetic_digital_twin_from_p0_sample,WO-P0-003,20260713
DT-WO-01048,P-AXLE-A,120,URGENT,2026-07-15T15:00:00+00:00,planned,synthetic_digital_twin_from_p0_sample,WO-P0-001,20260713
DT-WO-01049,P-AXLE-B,80,HIGH,2026-07-15T16:00:00+00:00,planned,synthetic_digital_twin_from_p0_sample,WO-P0-002,20260713
DT-WO-01050,P-HOUSING-A,60,NORMAL,2026-07-15T17:00:00+00:00,planned,synthetic_digital_twin_from_p0_sample,WO-P0-003,20260713
DT-WO-01051,P-AXLE-A,120,URGENT,2026-07-15T18:00:00+00:00,planned,synthetic_digital_twin_from_p0_sample,WO-P0-001,20260713
DT-WO-01052,P-AXLE-B,80,HIGH,2026-07-15T19:00:00+00:00,planned,synthetic_digital_twin_from_p0_sample,WO-P0-002,20260713
DT-WO-01053,P-HOUSING-A,60,NORMAL,2026-07-15T20:00:00+00:00,planned,synthetic_digital_twin_from_p0_sample,WO-P0-003,20260713
DT-WO-01054,P-AXLE-A,120,URGENT,2026-07-15T21:00:00+00:00,planned,synthetic_digital_twin_from_p0_sample,WO-P0-001,20260713
DT-WO-01055,P-AXLE-B,80,HIGH,2026-07-15T22:00:00+00:00,planned,synthetic_digital_twin_from_p0_sample,WO-P0-002,20260713
DT-WO-01056,P-HOUSING-A,60,NORMAL,2026-07-15T23:00:00+00:00,planned,synthetic_digital_twin_from_p0_sample,WO-P0-003,20260713
DT-WO-01057,P-AXLE-A,120,URGENT,2026-07-16T00:00:00+00:00,planned,synthetic_digital_twin_from_p0_sample,WO-P0-001,20260713
DT-WO-01058,P-AXLE-B,80,HIGH,2026-07-16T01:00:00+00:00,planned,synthetic_digital_twin_from_p0_sample,WO-P0-002,20260713
DT-WO-01059,P-HOUSING-A,60,NORMAL,2026-07-16T02:00:00+00:00,planned,synthetic_digital_twin_from_p0_sample,WO-P0-003,20260713
DT-WO-01060,P-AXLE-A,120,URGENT,2026-07-16T03:00:00+00:00,planned,synthetic_digital_twin_from_p0_sample,WO-P0-001,20260713
DT-WO-01061,P-AXLE-B,80,HIGH,2026-07-16T04:00:00+00:00,planned,synthetic_digital_twin_from_p0_sample,WO-P0-002,20260713
DT-WO-01062,P-HOUSING-A,60,NORMAL,2026-07-16T05:00:00+00:00,planned,synthetic_digital_twin_from_p0_sample,WO-P0-003,20260713
DT-WO-01063,P-AXLE-A,120,URGENT,2026-07-16T06:00:00+00:00,planned,synthetic_digital_twin_from_p0_sample,WO-P0-001,20260713
DT-WO-01064,P-AXLE-B,80,HIGH,2026-07-16T07:00:00+00:00,planned,synthetic_digital_twin_from_p0_sample,WO-P0-002,20260713
DT-WO-01065,P-HOUSING-A,60,NORMAL,2026-07-16T08:00:00+00:00,planned,synthetic_digital_twin_from_p0_sample,WO-P0-003,20260713
DT-WO-01066,P-AXLE-A,120,URGENT,2026-07-16T09:00:00+00:00,planned,synthetic_digital_twin_from_p0_sample,WO-P0-001,20260713
DT-WO-01067,P-AXLE-B,80,HIGH,2026-07-16T10:00:00+00:00,planned,synthetic_digital_twin_from_p0_sample,WO-P0-002,20260713
DT-WO-01068,P-HOUSING-A,60,NORMAL,2026-07-16T11:00:00+00:00,planned,synthetic_digital_twin_from_p0_sample,WO-P0-003,20260713
DT-WO-01069,P-AXLE-A,120,URGENT,2026-07-16T12:00:00+00:00,planned,synthetic_digital_twin_from_p0_sample,WO-P0-001,20260713
DT-WO-01070,P-AXLE-B,80,HIGH,2026-07-16T13:00:00+00:00,planned,synthetic_digital_twin_from_p0_sample,WO-P0-002,20260713
DT-WO-01071,P-HOUSING-A,60,NORMAL,2026-07-16T14:00:00+00:00,planned,synthetic_digital_twin_from_p0_sample,WO-P0-003,20260713
DT-WO-01072,P-AXLE-A,120,URGENT,2026-07-16T15:00:00+00:00,planned,synthetic_digital_twin_from_p0_sample,WO-P0-001,20260713
DT-WO-01073,P-AXLE-B,80,HIGH,2026-07-16T16:00:00+00:00,planned,synthetic_digital_twin_from_p0_sample,WO-P0-002,20260713
DT-WO-01074,P-HOUSING-A,60,NORMAL,2026-07-16T17:00:00+00:00,planned,synthetic_digital_twin_from_p0_sample,WO-P0-003,20260713
DT-WO-01075,P-AXLE-A,120,URGENT,2026-07-16T18:00:00+00:00,planned,synthetic_digital_twin_from_p0_sample,WO-P0-001,20260713
DT-WO-01076,P-AXLE-B,80,HIGH,2026-07-16T19:00:00+00:00,planned,synthetic_digital_twin_from_p0_sample,WO-P0-002,20260713
DT-WO-01077,P-HOUSING-A,60,NORMAL,2026-07-16T20:00:00+00:00,planned,synthetic_digital_twin_from_p0_sample,WO-P0-003,20260713
DT-WO-01078,P-AXLE-A,120,URGENT,2026-07-16T21:00:00+00:00,planned,synthetic_digital_twin_from_p0_sample,WO-P0-001,20260713
DT-WO-01079,P-AXLE-B,80,HIGH,2026-07-16T22:00:00+00:00,planned,synthetic_digital_twin_from_p0_sample,WO-P0-002,20260713
DT-WO-01080,P-HOUSING-A,60,NORMAL,2026-07-16T23:00:00+00:00,planned,synthetic_digital_twin_from_p0_sample,WO-P0-003,20260713
DT-WO-01081,P-AXLE-A,120,URGENT,2026-07-17T00:00:00+00:00,planned,synthetic_digital_twin_from_p0_sample,WO-P0-001,20260713
DT-WO-01082,P-AXLE-B,80,HIGH,2026-07-17T01:00:00+00:00,planned,synthetic_digital_twin_from_p0_sample,WO-P0-002,20260713
DT-WO-01083,P-HOUSING-A,60,NORMAL,2026-07-17T02:00:00+00:00,planned,synthetic_digital_twin_from_p0_sample,WO-P0-003,20260713
DT-WO-01084,P-AXLE-A,120,URGENT,2026-07-17T03:00:00+00:00,planned,synthetic_digital_twin_from_p0_sample,WO-P0-001,20260713
DT-WO-01085,P-AXLE-B,80,HIGH,2026-07-17T04:00:00+00:00,planned,synthetic_digital_twin_from_p0_sample,WO-P0-002,20260713
DT-WO-01086,P-HOUSING-A,60,NORMAL,2026-07-17T05:00:00+00:00,planned,synthetic_digital_twin_from_p0_sample,WO-P0-003,20260713
DT-WO-01087,P-AXLE-A,120,URGENT,2026-07-17T06:00:00+00:00,planned,synthetic_digital_twin_from_p0_sample,WO-P0-001,20260713
DT-WO-01088,P-AXLE-B,80,HIGH,2026-07-17T07:00:00+00:00,planned,synthetic_digital_twin_from_p0_sample,WO-P0-002,20260713
DT-WO-01089,P-HOUSING-A,60,NORMAL,2026-07-17T08:00:00+00:00,planned,synthetic_digital_twin_from_p0_sample,WO-P0-003,20260713
DT-WO-01090,P-AXLE-A,120,URGENT,2026-07-17T09:00:00+00:00,planned,synthetic_digital_twin_from_p0_sample,WO-P0-001,20260713
DT-WO-01091,P-AXLE-B,80,HIGH,2026-07-17T10:00:00+00:00,planned,synthetic_digital_twin_from_p0_sample,WO-P0-002,20260713
DT-WO-01092,P-HOUSING-A,60,NORMAL,2026-07-17T11:00:00+00:00,planned,synthetic_digital_twin_from_p0_sample,WO-P0-003,20260713
DT-WO-01093,P-AXLE-A,120,URGENT,2026-07-17T12:00:00+00:00,planned,synthetic_digital_twin_from_p0_sample,WO-P0-001,20260713
DT-WO-01094,P-AXLE-B,80,HIGH,2026-07-17T13:00:00+00:00,planned,synthetic_digital_twin_from_p0_sample,WO-P0-002,20260713
DT-WO-01095,P-HOUSING-A,60,NORMAL,2026-07-17T14:00:00+00:00,planned,synthetic_digital_twin_from_p0_sample,WO-P0-003,20260713
DT-WO-01096,P-AXLE-A,120,URGENT,2026-07-17T15:00:00+00:00,planned,synthetic_digital_twin_from_p0_sample,WO-P0-001,20260713
DT-WO-01097,P-AXLE-B,80,HIGH,2026-07-17T16:00:00+00:00,planned,synthetic_digital_twin_from_p0_sample,WO-P0-002,20260713
DT-WO-01098,P-HOUSING-A,60,NORMAL,2026-07-17T17:00:00+00:00,planned,synthetic_digital_twin_from_p0_sample,WO-P0-003,20260713
DT-WO-01099,P-AXLE-A,120,URGENT,2026-07-17T18:00:00+00:00,planned,synthetic_digital_twin_from_p0_sample,WO-P0-001,20260713
DT-WO-01100,P-AXLE-B,80,HIGH,2026-07-17T19:00:00+00:00,planned,synthetic_digital_twin_from_p0_sample,WO-P0-002,20260713
DT-WO-01101,P-HOUSING-A,60,NORMAL,2026-07-17T20:00:00+00:00,planned,synthetic_digital_twin_from_p0_sample,WO-P0-003,20260713
DT-WO-01102,P-AXLE-A,120,URGENT,2026-07-17T21:00:00+00:00,planned,synthetic_digital_twin_from_p0_sample,WO-P0-001,20260713
DT-WO-01103,P-AXLE-B,80,HIGH,2026-07-17T22:00:00+00:00,planned,synthetic_digital_twin_from_p0_sample,WO-P0-002,20260713
DT-WO-01104,P-HOUSING-A,60,NORMAL,2026-07-17T23:00:00+00:00,planned,synthetic_digital_twin_from_p0_sample,WO-P0-003,20260713
DT-WO-01105,P-AXLE-A,120,URGENT,2026-07-18T00:00:00+00:00,planned,synthetic_digital_twin_from_p0_sample,WO-P0-001,20260713
DT-WO-01106,P-AXLE-B,80,HIGH,2026-07-18T01:00:00+00:00,planned,synthetic_digital_twin_from_p0_sample,WO-P0-002,20260713
DT-WO-01107,P-HOUSING-A,60,NORMAL,2026-07-18T02:00:00+00:00,planned,synthetic_digital_twin_from_p0_sample,WO-P0-003,20260713
DT-WO-01108,P-AXLE-A,120,URGENT,2026-07-18T03:00:00+00:00,planned,synthetic_digital_twin_from_p0_sample,WO-P0-001,20260713
DT-WO-01109,P-AXLE-B,80,HIGH,2026-07-18T04:00:00+00:00,planned,synthetic_digital_twin_from_p0_sample,WO-P0-002,20260713
DT-WO-01110,P-HOUSING-A,60,NORMAL,2026-07-18T05:00:00+00:00,planned,synthetic_digital_twin_from_p0_sample,WO-P0-003,20260713
DT-WO-01111,P-AXLE-A,120,URGENT,2026-07-18T06:00:00+00:00,planned,synthetic_digital_twin_from_p0_sample,WO-P0-001,20260713
DT-WO-01112,P-AXLE-B,80,HIGH,2026-07-18T07:00:00+00:00,planned,synthetic_digital_twin_from_p0_sample,WO-P0-002,20260713
DT-WO-01113,P-HOUSING-A,60,NORMAL,2026-07-18T08:00:00+00:00,planned,synthetic_digital_twin_from_p0_sample,WO-P0-003,20260713
DT-WO-01114,P-AXLE-A,120,URGENT,2026-07-18T09:00:00+00:00,planned,synthetic_digital_twin_from_p0_sample,WO-P0-001,20260713
DT-WO-01115,P-AXLE-B,80,HIGH,2026-07-18T10:00:00+00:00,planned,synthetic_digital_twin_from_p0_sample,WO-P0-002,20260713
DT-WO-01116,P-HOUSING-A,60,NORMAL,2026-07-18T11:00:00+00:00,planned,synthetic_digital_twin_from_p0_sample,WO-P0-003,20260713
DT-WO-01117,P-AXLE-A,120,URGENT,2026-07-18T12:00:00+00:00,planned,synthetic_digital_twin_from_p0_sample,WO-P0-001,20260713
DT-WO-01118,P-AXLE-B,80,HIGH,2026-07-18T13:00:00+00:00,planned,synthetic_digital_twin_from_p0_sample,WO-P0-002,20260713
DT-WO-01119,P-HOUSING-A,60,NORMAL,2026-07-18T14:00:00+00:00,planned,synthetic_digital_twin_from_p0_sample,WO-P0-003,20260713
DT-WO-01120,P-AXLE-A,120,URGENT,2026-07-18T15:00:00+00:00,planned,synthetic_digital_twin_from_p0_sample,WO-P0-001,20260713
DT-WO-01121,P-AXLE-B,80,HIGH,2026-07-18T16:00:00+00:00,planned,synthetic_digital_twin_from_p0_sample,WO-P0-002,20260713
DT-WO-01122,P-HOUSING-A,60,NORMAL,2026-07-18T17:00:00+00:00,planned,synthetic_digital_twin_from_p0_sample,WO-P0-003,20260713
DT-WO-01123,P-AXLE-A,120,URGENT,2026-07-18T18:00:00+00:00,planned,synthetic_digital_twin_from_p0_sample,WO-P0-001,20260713
DT-WO-01124,P-AXLE-B,80,HIGH,2026-07-18T19:00:00+00:00,planned,synthetic_digital_twin_from_p0_sample,WO-P0-002,20260713
DT-WO-01125,P-HOUSING-A,60,NORMAL,2026-07-18T20:00:00+00:00,planned,synthetic_digital_twin_from_p0_sample,WO-P0-003,20260713
DT-WO-01126,P-AXLE-A,120,URGENT,2026-07-18T21:00:00+00:00,planned,synthetic_digital_twin_from_p0_sample,WO-P0-001,20260713
DT-WO-01127,P-AXLE-B,80,HIGH,2026-07-18T22:00:00+00:00,planned,synthetic_digital_twin_from_p0_sample,WO-P0-002,20260713
DT-WO-01128,P-HOUSING-A,60,NORMAL,2026-07-18T23:00:00+00:00,planned,synthetic_digital_twin_from_p0_sample,WO-P0-003,20260713
DT-WO-01129,P-AXLE-A,120,URGENT,2026-07-19T00:00:00+00:00,planned,synthetic_digital_twin_from_p0_sample,WO-P0-001,20260713
DT-WO-01130,P-AXLE-B,80,HIGH,2026-07-19T01:00:00+00:00,planned,synthetic_digital_twin_from_p0_sample,WO-P0-002,20260713
DT-WO-01131,P-HOUSING-A,60,NORMAL,2026-07-19T02:00:00+00:00,planned,synthetic_digital_twin_from_p0_sample,WO-P0-003,20260713
DT-WO-01132,P-AXLE-A,120,URGENT,2026-07-19T03:00:00+00:00,planned,synthetic_digital_twin_from_p0_sample,WO-P0-001,20260713
DT-WO-01133,P-AXLE-B,80,HIGH,2026-07-19T04:00:00+00:00,planned,synthetic_digital_twin_from_p0_sample,WO-P0-002,20260713
DT-WO-01134,P-HOUSING-A,60,NORMAL,2026-07-19T05:00:00+00:00,planned,synthetic_digital_twin_from_p0_sample,WO-P0-003,20260713
DT-WO-01135,P-AXLE-A,120,URGENT,2026-07-19T06:00:00+00:00,planned,synthetic_digital_twin_from_p0_sample,WO-P0-001,20260713
DT-WO-01136,P-AXLE-B,80,HIGH,2026-07-19T07:00:00+00:00,planned,synthetic_digital_twin_from_p0_sample,WO-P0-002,20260713
DT-WO-01137,P-HOUSING-A,60,NORMAL,2026-07-19T08:00:00+00:00,planned,synthetic_digital_twin_from_p0_sample,WO-P0-003,20260713
DT-WO-01138,P-AXLE-A,120,URGENT,2026-07-19T09:00:00+00:00,planned,synthetic_digital_twin_from_p0_sample,WO-P0-001,20260713
DT-WO-01139,P-AXLE-B,80,HIGH,2026-07-19T10:00:00+00:00,planned,synthetic_digital_twin_from_p0_sample,WO-P0-002,20260713
DT-WO-01140,P-HOUSING-A,60,NORMAL,2026-07-19T11:00:00+00:00,planned,synthetic_digital_twin_from_p0_sample,WO-P0-003,20260713
DT-WO-01141,P-AXLE-A,120,URGENT,2026-07-19T12:00:00+00:00,planned,synthetic_digital_twin_from_p0_sample,WO-P0-001,20260713
DT-WO-01142,P-AXLE-B,80,HIGH,2026-07-19T13:00:00+00:00,planned,synthetic_digital_twin_from_p0_sample,WO-P0-002,20260713
DT-WO-01143,P-HOUSING-A,60,NORMAL,2026-07-19T14:00:00+00:00,planned,synthetic_digital_twin_from_p0_sample,WO-P0-003,20260713
DT-WO-01144,P-AXLE-A,120,URGENT,2026-07-19T15:00:00+00:00,planned,synthetic_digital_twin_from_p0_sample,WO-P0-001,20260713
DT-WO-01145,P-AXLE-B,80,HIGH,2026-07-19T16:00:00+00:00,planned,synthetic_digital_twin_from_p0_sample,WO-P0-002,20260713
DT-WO-01146,P-HOUSING-A,60,NORMAL,2026-07-19T17:00:00+00:00,planned,synthetic_digital_twin_from_p0_sample,WO-P0-003,20260713
DT-WO-01147,P-AXLE-A,120,URGENT,2026-07-19T18:00:00+00:00,planned,synthetic_digital_twin_from_p0_sample,WO-P0-001,20260713
DT-WO-01148,P-AXLE-B,80,HIGH,2026-07-19T19:00:00+00:00,planned,synthetic_digital_twin_from_p0_sample,WO-P0-002,20260713
DT-WO-01149,P-HOUSING-A,60,NORMAL,2026-07-19T20:00:00+00:00,planned,synthetic_digital_twin_from_p0_sample,WO-P0-003,20260713
DT-WO-01150,P-AXLE-A,120,URGENT,2026-07-19T21:00:00+00:00,planned,synthetic_digital_twin_from_p0_sample,WO-P0-001,20260713
DT-WO-01151,P-AXLE-B,80,HIGH,2026-07-19T22:00:00+00:00,planned,synthetic_digital_twin_from_p0_sample,WO-P0-002,20260713
DT-WO-01152,P-HOUSING-A,60,NORMAL,2026-07-19T23:00:00+00:00,planned,synthetic_digital_twin_from_p0_sample,WO-P0-003,20260713
DT-WO-01153,P-AXLE-A,120,URGENT,2026-07-20T00:00:00+00:00,planned,synthetic_digital_twin_from_p0_sample,WO-P0-001,20260713
DT-WO-01154,P-AXLE-B,80,HIGH,2026-07-20T01:00:00+00:00,planned,synthetic_digital_twin_from_p0_sample,WO-P0-002,20260713
DT-WO-01155,P-HOUSING-A,60,NORMAL,2026-07-20T02:00:00+00:00,planned,synthetic_digital_twin_from_p0_sample,WO-P0-003,20260713
DT-WO-01156,P-AXLE-A,120,URGENT,2026-07-20T03:00:00+00:00,planned,synthetic_digital_twin_from_p0_sample,WO-P0-001,20260713
DT-WO-01157,P-AXLE-B,80,HIGH,2026-07-20T04:00:00+00:00,planned,synthetic_digital_twin_from_p0_sample,WO-P0-002,20260713
DT-WO-01158,P-HOUSING-A,60,NORMAL,2026-07-20T05:00:00+00:00,planned,synthetic_digital_twin_from_p0_sample,WO-P0-003,20260713
DT-WO-01159,P-AXLE-A,120,URGENT,2026-07-20T06:00:00+00:00,planned,synthetic_digital_twin_from_p0_sample,WO-P0-001,20260713
DT-WO-01160,P-AXLE-B,80,HIGH,2026-07-20T07:00:00+00:00,planned,synthetic_digital_twin_from_p0_sample,WO-P0-002,20260713
DT-WO-01161,P-HOUSING-A,60,NORMAL,2026-07-20T08:00:00+00:00,planned,synthetic_digital_twin_from_p0_sample,WO-P0-003,20260713
DT-WO-01162,P-AXLE-A,120,URGENT,2026-07-20T09:00:00+00:00,planned,synthetic_digital_twin_from_p0_sample,WO-P0-001,20260713
DT-WO-01163,P-AXLE-B,80,HIGH,2026-07-20T10:00:00+00:00,planned,synthetic_digital_twin_from_p0_sample,WO-P0-002,20260713
DT-WO-01164,P-HOUSING-A,60,NORMAL,2026-07-20T11:00:00+00:00,planned,synthetic_digital_twin_from_p0_sample,WO-P0-003,20260713
DT-WO-01165,P-AXLE-A,120,URGENT,2026-07-20T12:00:00+00:00,planned,synthetic_digital_twin_from_p0_sample,WO-P0-001,20260713
DT-WO-01166,P-AXLE-B,80,HIGH,2026-07-20T13:00:00+00:00,planned,synthetic_digital_twin_from_p0_sample,WO-P0-002,20260713
DT-WO-01167,P-HOUSING-A,60,NORMAL,2026-07-20T14:00:00+00:00,planned,synthetic_digital_twin_from_p0_sample,WO-P0-003,20260713
DT-WO-01168,P-AXLE-A,120,URGENT,2026-07-20T15:00:00+00:00,planned,synthetic_digital_twin_from_p0_sample,WO-P0-001,20260713
DT-WO-01169,P-AXLE-B,80,HIGH,2026-07-20T16:00:00+00:00,planned,synthetic_digital_twin_from_p0_sample,WO-P0-002,20260713
DT-WO-01170,P-HOUSING-A,60,NORMAL,2026-07-20T17:00:00+00:00,planned,synthetic_digital_twin_from_p0_sample,WO-P0-003,20260713
DT-WO-01171,P-AXLE-A,120,URGENT,2026-07-20T18:00:00+00:00,planned,synthetic_digital_twin_from_p0_sample,WO-P0-001,20260713
DT-WO-01172,P-AXLE-B,80,HIGH,2026-07-20T19:00:00+00:00,planned,synthetic_digital_twin_from_p0_sample,WO-P0-002,20260713
DT-WO-01173,P-HOUSING-A,60,NORMAL,2026-07-20T20:00:00+00:00,planned,synthetic_digital_twin_from_p0_sample,WO-P0-003,20260713
DT-WO-01174,P-AXLE-A,120,URGENT,2026-07-20T21:00:00+00:00,planned,synthetic_digital_twin_from_p0_sample,WO-P0-001,20260713
DT-WO-01175,P-AXLE-B,80,HIGH,2026-07-20T22:00:00+00:00,planned,synthetic_digital_twin_from_p0_sample,WO-P0-002,20260713
DT-WO-01176,P-HOUSING-A,60,NORMAL,2026-07-20T23:00:00+00:00,planned,synthetic_digital_twin_from_p0_sample,WO-P0-003,20260713
DT-WO-01177,P-AXLE-A,120,URGENT,2026-07-14T00:00:00+00:00,planned,synthetic_digital_twin_from_p0_sample,WO-P0-001,20260713
DT-WO-01178,P-AXLE-B,80,HIGH,2026-07-14T01:00:00+00:00,planned,synthetic_digital_twin_from_p0_sample,WO-P0-002,20260713
DT-WO-01179,P-HOUSING-A,60,NORMAL,2026-07-14T02:00:00+00:00,planned,synthetic_digital_twin_from_p0_sample,WO-P0-003,20260713
DT-WO-01180,P-AXLE-A,120,URGENT,2026-07-14T03:00:00+00:00,planned,synthetic_digital_twin_from_p0_sample,WO-P0-001,20260713
DT-WO-01181,P-AXLE-B,80,HIGH,2026-07-14T04:00:00+00:00,planned,synthetic_digital_twin_from_p0_sample,WO-P0-002,20260713
DT-WO-01182,P-HOUSING-A,60,NORMAL,2026-07-14T05:00:00+00:00,planned,synthetic_digital_twin_from_p0_sample,WO-P0-003,20260713
DT-WO-01183,P-AXLE-A,120,URGENT,2026-07-14T06:00:00+00:00,planned,synthetic_digital_twin_from_p0_sample,WO-P0-001,20260713
DT-WO-01184,P-AXLE-B,80,HIGH,2026-07-14T07:00:00+00:00,planned,synthetic_digital_twin_from_p0_sample,WO-P0-002,20260713
DT-WO-01185,P-HOUSING-A,60,NORMAL,2026-07-14T08:00:00+00:00,planned,synthetic_digital_twin_from_p0_sample,WO-P0-003,20260713
DT-WO-01186,P-AXLE-A,120,URGENT,2026-07-14T09:00:00+00:00,planned,synthetic_digital_twin_from_p0_sample,WO-P0-001,20260713
DT-WO-01187,P-AXLE-B,80,HIGH,2026-07-14T10:00:00+00:00,planned,synthetic_digital_twin_from_p0_sample,WO-P0-002,20260713
DT-WO-01188,P-HOUSING-A,60,NORMAL,2026-07-14T11:00:00+00:00,planned,synthetic_digital_twin_from_p0_sample,WO-P0-003,20260713
DT-WO-01189,P-AXLE-A,120,URGENT,2026-07-14T12:00:00+00:00,planned,synthetic_digital_twin_from_p0_sample,WO-P0-001,20260713
DT-WO-01190,P-AXLE-B,80,HIGH,2026-07-14T13:00:00+00:00,planned,synthetic_digital_twin_from_p0_sample,WO-P0-002,20260713
DT-WO-01191,P-HOUSING-A,60,NORMAL,2026-07-14T14:00:00+00:00,planned,synthetic_digital_twin_from_p0_sample,WO-P0-003,20260713
DT-WO-01192,P-AXLE-A,120,URGENT,2026-07-14T15:00:00+00:00,planned,synthetic_digital_twin_from_p0_sample,WO-P0-001,20260713
DT-WO-01193,P-AXLE-B,80,HIGH,2026-07-14T16:00:00+00:00,planned,synthetic_digital_twin_from_p0_sample,WO-P0-002,20260713
DT-WO-01194,P-HOUSING-A,60,NORMAL,2026-07-14T17:00:00+00:00,planned,synthetic_digital_twin_from_p0_sample,WO-P0-003,20260713
DT-WO-01195,P-AXLE-A,120,URGENT,2026-07-14T18:00:00+00:00,planned,synthetic_digital_twin_from_p0_sample,WO-P0-001,20260713
DT-WO-01196,P-AXLE-B,80,HIGH,2026-07-14T19:00:00+00:00,planned,synthetic_digital_twin_from_p0_sample,WO-P0-002,20260713
DT-WO-01197,P-HOUSING-A,60,NORMAL,2026-07-14T20:00:00+00:00,planned,synthetic_digital_twin_from_p0_sample,WO-P0-003,20260713
DT-WO-01198,P-AXLE-A,120,URGENT,2026-07-14T21:00:00+00:00,planned,synthetic_digital_twin_from_p0_sample,WO-P0-001,20260713
DT-WO-01199,P-AXLE-B,80,HIGH,2026-07-14T22:00:00+00:00,planned,synthetic_digital_twin_from_p0_sample,WO-P0-002,20260713
DT-WO-01200,P-HOUSING-A,60,NORMAL,2026-07-14T23:00:00+00:00,planned,synthetic_digital_twin_from_p0_sample,WO-P0-003,20260713
DT-WO-01201,P-AXLE-A,120,URGENT,2026-07-15T00:00:00+00:00,planned,synthetic_digital_twin_from_p0_sample,WO-P0-001,20260713
DT-WO-01202,P-AXLE-B,80,HIGH,2026-07-15T01:00:00+00:00,planned,synthetic_digital_twin_from_p0_sample,WO-P0-002,20260713
DT-WO-01203,P-HOUSING-A,60,NORMAL,2026-07-15T02:00:00+00:00,planned,synthetic_digital_twin_from_p0_sample,WO-P0-003,20260713
DT-WO-01204,P-AXLE-A,120,URGENT,2026-07-15T03:00:00+00:00,planned,synthetic_digital_twin_from_p0_sample,WO-P0-001,20260713
DT-WO-01205,P-AXLE-B,80,HIGH,2026-07-15T04:00:00+00:00,planned,synthetic_digital_twin_from_p0_sample,WO-P0-002,20260713
DT-WO-01206,P-HOUSING-A,60,NORMAL,2026-07-15T05:00:00+00:00,planned,synthetic_digital_twin_from_p0_sample,WO-P0-003,20260713
DT-WO-01207,P-AXLE-A,120,URGENT,2026-07-15T06:00:00+00:00,planned,synthetic_digital_twin_from_p0_sample,WO-P0-001,20260713
DT-WO-01208,P-AXLE-B,80,HIGH,2026-07-15T07:00:00+00:00,planned,synthetic_digital_twin_from_p0_sample,WO-P0-002,20260713
DT-WO-01209,P-HOUSING-A,60,NORMAL,2026-07-15T08:00:00+00:00,planned,synthetic_digital_twin_from_p0_sample,WO-P0-003,20260713
DT-WO-01210,P-AXLE-A,120,URGENT,2026-07-15T09:00:00+00:00,planned,synthetic_digital_twin_from_p0_sample,WO-P0-001,20260713
DT-WO-01211,P-AXLE-B,80,HIGH,2026-07-15T10:00:00+00:00,planned,synthetic_digital_twin_from_p0_sample,WO-P0-002,20260713
DT-WO-01212,P-HOUSING-A,60,NORMAL,2026-07-15T11:00:00+00:00,planned,synthetic_digital_twin_from_p0_sample,WO-P0-003,20260713
DT-WO-01213,P-AXLE-A,120,URGENT,2026-07-15T12:00:00+00:00,planned,synthetic_digital_twin_from_p0_sample,WO-P0-001,20260713
DT-WO-01214,P-AXLE-B,80,HIGH,2026-07-15T13:00:00+00:00,planned,synthetic_digital_twin_from_p0_sample,WO-P0-002,20260713
DT-WO-01215,P-HOUSING-A,60,NORMAL,2026-07-15T14:00:00+00:00,planned,synthetic_digital_twin_from_p0_sample,WO-P0-003,20260713
DT-WO-01216,P-AXLE-A,120,URGENT,2026-07-15T15:00:00+00:00,planned,synthetic_digital_twin_from_p0_sample,WO-P0-001,20260713
DT-WO-01217,P-AXLE-B,80,HIGH,2026-07-15T16:00:00+00:00,planned,synthetic_digital_twin_from_p0_sample,WO-P0-002,20260713
DT-WO-01218,P-HOUSING-A,60,NORMAL,2026-07-15T17:00:00+00:00,planned,synthetic_digital_twin_from_p0_sample,WO-P0-003,20260713
DT-WO-01219,P-AXLE-A,120,URGENT,2026-07-15T18:00:00+00:00,planned,synthetic_digital_twin_from_p0_sample,WO-P0-001,20260713
DT-WO-01220,P-AXLE-B,80,HIGH,2026-07-15T19:00:00+00:00,planned,synthetic_digital_twin_from_p0_sample,WO-P0-002,20260713
DT-WO-01221,P-HOUSING-A,60,NORMAL,2026-07-15T20:00:00+00:00,planned,synthetic_digital_twin_from_p0_sample,WO-P0-003,20260713
DT-WO-01222,P-AXLE-A,120,URGENT,2026-07-15T21:00:00+00:00,planned,synthetic_digital_twin_from_p0_sample,WO-P0-001,20260713
DT-WO-01223,P-AXLE-B,80,HIGH,2026-07-15T22:00:00+00:00,planned,synthetic_digital_twin_from_p0_sample,WO-P0-002,20260713
DT-WO-01224,P-HOUSING-A,60,NORMAL,2026-07-15T23:00:00+00:00,planned,synthetic_digital_twin_from_p0_sample,WO-P0-003,20260713
DT-WO-01225,P-AXLE-A,120,URGENT,2026-07-16T00:00:00+00:00,planned,synthetic_digital_twin_from_p0_sample,WO-P0-001,20260713
DT-WO-01226,P-AXLE-B,80,HIGH,2026-07-16T01:00:00+00:00,planned,synthetic_digital_twin_from_p0_sample,WO-P0-002,20260713
DT-WO-01227,P-HOUSING-A,60,NORMAL,2026-07-16T02:00:00+00:00,planned,synthetic_digital_twin_from_p0_sample,WO-P0-003,20260713
DT-WO-01228,P-AXLE-A,120,URGENT,2026-07-16T03:00:00+00:00,planned,synthetic_digital_twin_from_p0_sample,WO-P0-001,20260713
DT-WO-01229,P-AXLE-B,80,HIGH,2026-07-16T04:00:00+00:00,planned,synthetic_digital_twin_from_p0_sample,WO-P0-002,20260713
DT-WO-01230,P-HOUSING-A,60,NORMAL,2026-07-16T05:00:00+00:00,planned,synthetic_digital_twin_from_p0_sample,WO-P0-003,20260713
DT-WO-01231,P-AXLE-A,120,URGENT,2026-07-16T06:00:00+00:00,planned,synthetic_digital_twin_from_p0_sample,WO-P0-001,20260713
DT-WO-01232,P-AXLE-B,80,HIGH,2026-07-16T07:00:00+00:00,planned,synthetic_digital_twin_from_p0_sample,WO-P0-002,20260713
DT-WO-01233,P-HOUSING-A,60,NORMAL,2026-07-16T08:00:00+00:00,planned,synthetic_digital_twin_from_p0_sample,WO-P0-003,20260713
DT-WO-01234,P-AXLE-A,120,URGENT,2026-07-16T09:00:00+00:00,planned,synthetic_digital_twin_from_p0_sample,WO-P0-001,20260713
DT-WO-01235,P-AXLE-B,80,HIGH,2026-07-16T10:00:00+00:00,planned,synthetic_digital_twin_from_p0_sample,WO-P0-002,20260713
DT-WO-01236,P-HOUSING-A,60,NORMAL,2026-07-16T11:00:00+00:00,planned,synthetic_digital_twin_from_p0_sample,WO-P0-003,20260713
DT-WO-01237,P-AXLE-A,120,URGENT,2026-07-16T12:00:00+00:00,planned,synthetic_digital_twin_from_p0_sample,WO-P0-001,20260713
DT-WO-01238,P-AXLE-B,80,HIGH,2026-07-16T13:00:00+00:00,planned,synthetic_digital_twin_from_p0_sample,WO-P0-002,20260713
DT-WO-01239,P-HOUSING-A,60,NORMAL,2026-07-16T14:00:00+00:00,planned,synthetic_digital_twin_from_p0_sample,WO-P0-003,20260713
DT-WO-01240,P-AXLE-A,120,URGENT,2026-07-16T15:00:00+00:00,planned,synthetic_digital_twin_from_p0_sample,WO-P0-001,20260713
DT-WO-01241,P-AXLE-B,80,HIGH,2026-07-16T16:00:00+00:00,planned,synthetic_digital_twin_from_p0_sample,WO-P0-002,20260713
DT-WO-01242,P-HOUSING-A,60,NORMAL,2026-07-16T17:00:00+00:00,planned,synthetic_digital_twin_from_p0_sample,WO-P0-003,20260713
DT-WO-01243,P-AXLE-A,120,URGENT,2026-07-16T18:00:00+00:00,planned,synthetic_digital_twin_from_p0_sample,WO-P0-001,20260713
DT-WO-01244,P-AXLE-B,80,HIGH,2026-07-16T19:00:00+00:00,planned,synthetic_digital_twin_from_p0_sample,WO-P0-002,20260713
DT-WO-01245,P-HOUSING-A,60,NORMAL,2026-07-16T20:00:00+00:00,planned,synthetic_digital_twin_from_p0_sample,WO-P0-003,20260713
DT-WO-01246,P-AXLE-A,120,URGENT,2026-07-16T21:00:00+00:00,planned,synthetic_digital_twin_from_p0_sample,WO-P0-001,20260713
DT-WO-01247,P-AXLE-B,80,HIGH,2026-07-16T22:00:00+00:00,planned,synthetic_digital_twin_from_p0_sample,WO-P0-002,20260713
DT-WO-01248,P-HOUSING-A,60,NORMAL,2026-07-16T23:00:00+00:00,planned,synthetic_digital_twin_from_p0_sample,WO-P0-003,20260713
DT-WO-01249,P-AXLE-A,120,URGENT,2026-07-17T00:00:00+00:00,planned,synthetic_digital_twin_from_p0_sample,WO-P0-001,20260713
DT-WO-01250,P-AXLE-B,80,HIGH,2026-07-17T01:00:00+00:00,planned,synthetic_digital_twin_from_p0_sample,WO-P0-002,20260713
DT-WO-01251,P-HOUSING-A,60,NORMAL,2026-07-17T02:00:00+00:00,planned,synthetic_digital_twin_from_p0_sample,WO-P0-003,20260713
DT-WO-01252,P-AXLE-A,120,URGENT,2026-07-17T03:00:00+00:00,planned,synthetic_digital_twin_from_p0_sample,WO-P0-001,20260713
DT-WO-01253,P-AXLE-B,80,HIGH,2026-07-17T04:00:00+00:00,planned,synthetic_digital_twin_from_p0_sample,WO-P0-002,20260713
DT-WO-01254,P-HOUSING-A,60,NORMAL,2026-07-17T05:00:00+00:00,planned,synthetic_digital_twin_from_p0_sample,WO-P0-003,20260713
DT-WO-01255,P-AXLE-A,120,URGENT,2026-07-17T06:00:00+00:00,planned,synthetic_digital_twin_from_p0_sample,WO-P0-001,20260713
DT-WO-01256,P-AXLE-B,80,HIGH,2026-07-17T07:00:00+00:00,planned,synthetic_digital_twin_from_p0_sample,WO-P0-002,20260713
DT-WO-01257,P-HOUSING-A,60,NORMAL,2026-07-17T08:00:00+00:00,planned,synthetic_digital_twin_from_p0_sample,WO-P0-003,20260713
DT-WO-01258,P-AXLE-A,120,URGENT,2026-07-17T09:00:00+00:00,planned,synthetic_digital_twin_from_p0_sample,WO-P0-001,20260713
DT-WO-01259,P-AXLE-B,80,HIGH,2026-07-17T10:00:00+00:00,planned,synthetic_digital_twin_from_p0_sample,WO-P0-002,20260713
DT-WO-01260,P-HOUSING-A,60,NORMAL,2026-07-17T11:00:00+00:00,planned,synthetic_digital_twin_from_p0_sample,WO-P0-003,20260713
DT-WO-01261,P-AXLE-A,120,URGENT,2026-07-17T12:00:00+00:00,planned,synthetic_digital_twin_from_p0_sample,WO-P0-001,20260713
DT-WO-01262,P-AXLE-B,80,HIGH,2026-07-17T13:00:00+00:00,planned,synthetic_digital_twin_from_p0_sample,WO-P0-002,20260713
DT-WO-01263,P-HOUSING-A,60,NORMAL,2026-07-17T14:00:00+00:00,planned,synthetic_digital_twin_from_p0_sample,WO-P0-003,20260713
DT-WO-01264,P-AXLE-A,120,URGENT,2026-07-17T15:00:00+00:00,planned,synthetic_digital_twin_from_p0_sample,WO-P0-001,20260713
DT-WO-01265,P-AXLE-B,80,HIGH,2026-07-17T16:00:00+00:00,planned,synthetic_digital_twin_from_p0_sample,WO-P0-002,20260713
DT-WO-01266,P-HOUSING-A,60,NORMAL,2026-07-17T17:00:00+00:00,planned,synthetic_digital_twin_from_p0_sample,WO-P0-003,20260713
DT-WO-01267,P-AXLE-A,120,URGENT,2026-07-17T18:00:00+00:00,planned,synthetic_digital_twin_from_p0_sample,WO-P0-001,20260713
DT-WO-01268,P-AXLE-B,80,HIGH,2026-07-17T19:00:00+00:00,planned,synthetic_digital_twin_from_p0_sample,WO-P0-002,20260713
DT-WO-01269,P-HOUSING-A,60,NORMAL,2026-07-17T20:00:00+00:00,planned,synthetic_digital_twin_from_p0_sample,WO-P0-003,20260713
DT-WO-01270,P-AXLE-A,120,URGENT,2026-07-17T21:00:00+00:00,planned,synthetic_digital_twin_from_p0_sample,WO-P0-001,20260713
DT-WO-01271,P-AXLE-B,80,HIGH,2026-07-17T22:00:00+00:00,planned,synthetic_digital_twin_from_p0_sample,WO-P0-002,20260713
DT-WO-01272,P-HOUSING-A,60,NORMAL,2026-07-17T23:00:00+00:00,planned,synthetic_digital_twin_from_p0_sample,WO-P0-003,20260713
DT-WO-01273,P-AXLE-A,120,URGENT,2026-07-18T00:00:00+00:00,planned,synthetic_digital_twin_from_p0_sample,WO-P0-001,20260713
DT-WO-01274,P-AXLE-B,80,HIGH,2026-07-18T01:00:00+00:00,planned,synthetic_digital_twin_from_p0_sample,WO-P0-002,20260713
DT-WO-01275,P-HOUSING-A,60,NORMAL,2026-07-18T02:00:00+00:00,planned,synthetic_digital_twin_from_p0_sample,WO-P0-003,20260713
DT-WO-01276,P-AXLE-A,120,URGENT,2026-07-18T03:00:00+00:00,planned,synthetic_digital_twin_from_p0_sample,WO-P0-001,20260713
DT-WO-01277,P-AXLE-B,80,HIGH,2026-07-18T04:00:00+00:00,planned,synthetic_digital_twin_from_p0_sample,WO-P0-002,20260713
DT-WO-01278,P-HOUSING-A,60,NORMAL,2026-07-18T05:00:00+00:00,planned,synthetic_digital_twin_from_p0_sample,WO-P0-003,20260713
DT-WO-01279,P-AXLE-A,120,URGENT,2026-07-18T06:00:00+00:00,planned,synthetic_digital_twin_from_p0_sample,WO-P0-001,20260713
DT-WO-01280,P-AXLE-B,80,HIGH,2026-07-18T07:00:00+00:00,planned,synthetic_digital_twin_from_p0_sample,WO-P0-002,20260713
DT-WO-01281,P-HOUSING-A,60,NORMAL,2026-07-18T08:00:00+00:00,planned,synthetic_digital_twin_from_p0_sample,WO-P0-003,20260713
DT-WO-01282,P-AXLE-A,120,URGENT,2026-07-18T09:00:00+00:00,planned,synthetic_digital_twin_from_p0_sample,WO-P0-001,20260713
DT-WO-01283,P-AXLE-B,80,HIGH,2026-07-18T10:00:00+00:00,planned,synthetic_digital_twin_from_p0_sample,WO-P0-002,20260713
DT-WO-01284,P-HOUSING-A,60,NORMAL,2026-07-18T11:00:00+00:00,planned,synthetic_digital_twin_from_p0_sample,WO-P0-003,20260713
DT-WO-01285,P-AXLE-A,120,URGENT,2026-07-18T12:00:00+00:00,planned,synthetic_digital_twin_from_p0_sample,WO-P0-001,20260713
DT-WO-01286,P-AXLE-B,80,HIGH,2026-07-18T13:00:00+00:00,planned,synthetic_digital_twin_from_p0_sample,WO-P0-002,20260713
DT-WO-01287,P-HOUSING-A,60,NORMAL,2026-07-18T14:00:00+00:00,planned,synthetic_digital_twin_from_p0_sample,WO-P0-003,20260713
DT-WO-01288,P-AXLE-A,120,URGENT,2026-07-18T15:00:00+00:00,planned,synthetic_digital_twin_from_p0_sample,WO-P0-001,20260713
DT-WO-01289,P-AXLE-B,80,HIGH,2026-07-18T16:00:00+00:00,planned,synthetic_digital_twin_from_p0_sample,WO-P0-002,20260713
DT-WO-01290,P-HOUSING-A,60,NORMAL,2026-07-18T17:00:00+00:00,planned,synthetic_digital_twin_from_p0_sample,WO-P0-003,20260713
DT-WO-01291,P-AXLE-A,120,URGENT,2026-07-18T18:00:00+00:00,planned,synthetic_digital_twin_from_p0_sample,WO-P0-001,20260713
DT-WO-01292,P-AXLE-B,80,HIGH,2026-07-18T19:00:00+00:00,planned,synthetic_digital_twin_from_p0_sample,WO-P0-002,20260713
DT-WO-01293,P-HOUSING-A,60,NORMAL,2026-07-18T20:00:00+00:00,planned,synthetic_digital_twin_from_p0_sample,WO-P0-003,20260713
DT-WO-01294,P-AXLE-A,120,URGENT,2026-07-18T21:00:00+00:00,planned,synthetic_digital_twin_from_p0_sample,WO-P0-001,20260713
DT-WO-01295,P-AXLE-B,80,HIGH,2026-07-18T22:00:00+00:00,planned,synthetic_digital_twin_from_p0_sample,WO-P0-002,20260713
DT-WO-01296,P-HOUSING-A,60,NORMAL,2026-07-18T23:00:00+00:00,planned,synthetic_digital_twin_from_p0_sample,WO-P0-003,20260713
DT-WO-01297,P-AXLE-A,120,URGENT,2026-07-19T00:00:00+00:00,planned,synthetic_digital_twin_from_p0_sample,WO-P0-001,20260713
DT-WO-01298,P-AXLE-B,80,HIGH,2026-07-19T01:00:00+00:00,planned,synthetic_digital_twin_from_p0_sample,WO-P0-002,20260713
DT-WO-01299,P-HOUSING-A,60,NORMAL,2026-07-19T02:00:00+00:00,planned,synthetic_digital_twin_from_p0_sample,WO-P0-003,20260713
DT-WO-01300,P-AXLE-A,120,URGENT,2026-07-19T03:00:00+00:00,planned,synthetic_digital_twin_from_p0_sample,WO-P0-001,20260713
DT-WO-01301,P-AXLE-B,80,HIGH,2026-07-19T04:00:00+00:00,planned,synthetic_digital_twin_from_p0_sample,WO-P0-002,20260713
DT-WO-01302,P-HOUSING-A,60,NORMAL,2026-07-19T05:00:00+00:00,planned,synthetic_digital_twin_from_p0_sample,WO-P0-003,20260713
DT-WO-01303,P-AXLE-A,120,URGENT,2026-07-19T06:00:00+00:00,planned,synthetic_digital_twin_from_p0_sample,WO-P0-001,20260713
DT-WO-01304,P-AXLE-B,80,HIGH,2026-07-19T07:00:00+00:00,planned,synthetic_digital_twin_from_p0_sample,WO-P0-002,20260713
DT-WO-01305,P-HOUSING-A,60,NORMAL,2026-07-19T08:00:00+00:00,planned,synthetic_digital_twin_from_p0_sample,WO-P0-003,20260713
DT-WO-01306,P-AXLE-A,120,URGENT,2026-07-19T09:00:00+00:00,planned,synthetic_digital_twin_from_p0_sample,WO-P0-001,20260713
DT-WO-01307,P-AXLE-B,80,HIGH,2026-07-19T10:00:00+00:00,planned,synthetic_digital_twin_from_p0_sample,WO-P0-002,20260713
DT-WO-01308,P-HOUSING-A,60,NORMAL,2026-07-19T11:00:00+00:00,planned,synthetic_digital_twin_from_p0_sample,WO-P0-003,20260713
DT-WO-01309,P-AXLE-A,120,URGENT,2026-07-19T12:00:00+00:00,planned,synthetic_digital_twin_from_p0_sample,WO-P0-001,20260713
DT-WO-01310,P-AXLE-B,80,HIGH,2026-07-19T13:00:00+00:00,planned,synthetic_digital_twin_from_p0_sample,WO-P0-002,20260713
DT-WO-01311,P-HOUSING-A,60,NORMAL,2026-07-19T14:00:00+00:00,planned,synthetic_digital_twin_from_p0_sample,WO-P0-003,20260713
DT-WO-01312,P-AXLE-A,120,URGENT,2026-07-19T15:00:00+00:00,planned,synthetic_digital_twin_from_p0_sample,WO-P0-001,20260713
DT-WO-01313,P-AXLE-B,80,HIGH,2026-07-19T16:00:00+00:00,planned,synthetic_digital_twin_from_p0_sample,WO-P0-002,20260713
DT-WO-01314,P-HOUSING-A,60,NORMAL,2026-07-19T17:00:00+00:00,planned,synthetic_digital_twin_from_p0_sample,WO-P0-003,20260713
DT-WO-01315,P-AXLE-A,120,URGENT,2026-07-19T18:00:00+00:00,planned,synthetic_digital_twin_from_p0_sample,WO-P0-001,20260713
DT-WO-01316,P-AXLE-B,80,HIGH,2026-07-19T19:00:00+00:00,planned,synthetic_digital_twin_from_p0_sample,WO-P0-002,20260713
DT-WO-01317,P-HOUSING-A,60,NORMAL,2026-07-19T20:00:00+00:00,planned,synthetic_digital_twin_from_p0_sample,WO-P0-003,20260713
DT-WO-01318,P-AXLE-A,120,URGENT,2026-07-19T21:00:00+00:00,planned,synthetic_digital_twin_from_p0_sample,WO-P0-001,20260713
DT-WO-01319,P-AXLE-B,80,HIGH,2026-07-19T22:00:00+00:00,planned,synthetic_digital_twin_from_p0_sample,WO-P0-002,20260713
DT-WO-01320,P-HOUSING-A,60,NORMAL,2026-07-19T23:00:00+00:00,planned,synthetic_digital_twin_from_p0_sample,WO-P0-003,20260713
DT-WO-01321,P-AXLE-A,120,URGENT,2026-07-20T00:00:00+00:00,planned,synthetic_digital_twin_from_p0_sample,WO-P0-001,20260713
DT-WO-01322,P-AXLE-B,80,HIGH,2026-07-20T01:00:00+00:00,planned,synthetic_digital_twin_from_p0_sample,WO-P0-002,20260713
DT-WO-01323,P-HOUSING-A,60,NORMAL,2026-07-20T02:00:00+00:00,planned,synthetic_digital_twin_from_p0_sample,WO-P0-003,20260713
DT-WO-01324,P-AXLE-A,120,URGENT,2026-07-20T03:00:00+00:00,planned,synthetic_digital_twin_from_p0_sample,WO-P0-001,20260713
DT-WO-01325,P-AXLE-B,80,HIGH,2026-07-20T04:00:00+00:00,planned,synthetic_digital_twin_from_p0_sample,WO-P0-002,20260713
DT-WO-01326,P-HOUSING-A,60,NORMAL,2026-07-20T05:00:00+00:00,planned,synthetic_digital_twin_from_p0_sample,WO-P0-003,20260713
DT-WO-01327,P-AXLE-A,120,URGENT,2026-07-20T06:00:00+00:00,planned,synthetic_digital_twin_from_p0_sample,WO-P0-001,20260713
DT-WO-01328,P-AXLE-B,80,HIGH,2026-07-20T07:00:00+00:00,planned,synthetic_digital_twin_from_p0_sample,WO-P0-002,20260713
DT-WO-01329,P-HOUSING-A,60,NORMAL,2026-07-20T08:00:00+00:00,planned,synthetic_digital_twin_from_p0_sample,WO-P0-003,20260713
DT-WO-01330,P-AXLE-A,120,URGENT,2026-07-20T09:00:00+00:00,planned,synthetic_digital_twin_from_p0_sample,WO-P0-001,20260713
DT-WO-01331,P-AXLE-B,80,HIGH,2026-07-20T10:00:00+00:00,planned,synthetic_digital_twin_from_p0_sample,WO-P0-002,20260713
DT-WO-01332,P-HOUSING-A,60,NORMAL,2026-07-20T11:00:00+00:00,planned,synthetic_digital_twin_from_p0_sample,WO-P0-003,20260713
DT-WO-01333,P-AXLE-A,120,URGENT,2026-07-20T12:00:00+00:00,planned,synthetic_digital_twin_from_p0_sample,WO-P0-001,20260713
DT-WO-01334,P-AXLE-B,80,HIGH,2026-07-20T13:00:00+00:00,planned,synthetic_digital_twin_from_p0_sample,WO-P0-002,20260713
DT-WO-01335,P-HOUSING-A,60,NORMAL,2026-07-20T14:00:00+00:00,planned,synthetic_digital_twin_from_p0_sample,WO-P0-003,20260713
DT-WO-01336,P-AXLE-A,120,URGENT,2026-07-20T15:00:00+00:00,planned,synthetic_digital_twin_from_p0_sample,WO-P0-001,20260713
DT-WO-01337,P-AXLE-B,80,HIGH,2026-07-20T16:00:00+00:00,planned,synthetic_digital_twin_from_p0_sample,WO-P0-002,20260713
DT-WO-01338,P-HOUSING-A,60,NORMAL,2026-07-20T17:00:00+00:00,planned,synthetic_digital_twin_from_p0_sample,WO-P0-003,20260713
DT-WO-01339,P-AXLE-A,120,URGENT,2026-07-20T18:00:00+00:00,planned,synthetic_digital_twin_from_p0_sample,WO-P0-001,20260713
DT-WO-01340,P-AXLE-B,80,HIGH,2026-07-20T19:00:00+00:00,planned,synthetic_digital_twin_from_p0_sample,WO-P0-002,20260713
DT-WO-01341,P-HOUSING-A,60,NORMAL,2026-07-20T20:00:00+00:00,planned,synthetic_digital_twin_from_p0_sample,WO-P0-003,20260713
DT-WO-01342,P-AXLE-A,120,URGENT,2026-07-20T21:00:00+00:00,planned,synthetic_digital_twin_from_p0_sample,WO-P0-001,20260713
DT-WO-01343,P-AXLE-B,80,HIGH,2026-07-20T22:00:00+00:00,planned,synthetic_digital_twin_from_p0_sample,WO-P0-002,20260713
DT-WO-01344,P-HOUSING-A,60,NORMAL,2026-07-20T23:00:00+00:00,planned,synthetic_digital_twin_from_p0_sample,WO-P0-003,20260713
DT-WO-01345,P-AXLE-A,120,URGENT,2026-07-14T00:00:00+00:00,planned,synthetic_digital_twin_from_p0_sample,WO-P0-001,20260713
DT-WO-01346,P-AXLE-B,80,HIGH,2026-07-14T01:00:00+00:00,planned,synthetic_digital_twin_from_p0_sample,WO-P0-002,20260713
DT-WO-01347,P-HOUSING-A,60,NORMAL,2026-07-14T02:00:00+00:00,planned,synthetic_digital_twin_from_p0_sample,WO-P0-003,20260713
DT-WO-01348,P-AXLE-A,120,URGENT,2026-07-14T03:00:00+00:00,planned,synthetic_digital_twin_from_p0_sample,WO-P0-001,20260713
DT-WO-01349,P-AXLE-B,80,HIGH,2026-07-14T04:00:00+00:00,planned,synthetic_digital_twin_from_p0_sample,WO-P0-002,20260713
DT-WO-01350,P-HOUSING-A,60,NORMAL,2026-07-14T05:00:00+00:00,planned,synthetic_digital_twin_from_p0_sample,WO-P0-003,20260713
DT-WO-01351,P-AXLE-A,120,URGENT,2026-07-14T06:00:00+00:00,planned,synthetic_digital_twin_from_p0_sample,WO-P0-001,20260713
DT-WO-01352,P-AXLE-B,80,HIGH,2026-07-14T07:00:00+00:00,planned,synthetic_digital_twin_from_p0_sample,WO-P0-002,20260713
DT-WO-01353,P-HOUSING-A,60,NORMAL,2026-07-14T08:00:00+00:00,planned,synthetic_digital_twin_from_p0_sample,WO-P0-003,20260713
DT-WO-01354,P-AXLE-A,120,URGENT,2026-07-14T09:00:00+00:00,planned,synthetic_digital_twin_from_p0_sample,WO-P0-001,20260713
DT-WO-01355,P-AXLE-B,80,HIGH,2026-07-14T10:00:00+00:00,planned,synthetic_digital_twin_from_p0_sample,WO-P0-002,20260713
DT-WO-01356,P-HOUSING-A,60,NORMAL,2026-07-14T11:00:00+00:00,planned,synthetic_digital_twin_from_p0_sample,WO-P0-003,20260713
DT-WO-01357,P-AXLE-A,120,URGENT,2026-07-14T12:00:00+00:00,planned,synthetic_digital_twin_from_p0_sample,WO-P0-001,20260713
DT-WO-01358,P-AXLE-B,80,HIGH,2026-07-14T13:00:00+00:00,planned,synthetic_digital_twin_from_p0_sample,WO-P0-002,20260713
DT-WO-01359,P-HOUSING-A,60,NORMAL,2026-07-14T14:00:00+00:00,planned,synthetic_digital_twin_from_p0_sample,WO-P0-003,20260713
DT-WO-01360,P-AXLE-A,120,URGENT,2026-07-14T15:00:00+00:00,planned,synthetic_digital_twin_from_p0_sample,WO-P0-001,20260713
DT-WO-01361,P-AXLE-B,80,HIGH,2026-07-14T16:00:00+00:00,planned,synthetic_digital_twin_from_p0_sample,WO-P0-002,20260713
DT-WO-01362,P-HOUSING-A,60,NORMAL,2026-07-14T17:00:00+00:00,planned,synthetic_digital_twin_from_p0_sample,WO-P0-003,20260713
DT-WO-01363,P-AXLE-A,120,URGENT,2026-07-14T18:00:00+00:00,planned,synthetic_digital_twin_from_p0_sample,WO-P0-001,20260713
DT-WO-01364,P-AXLE-B,80,HIGH,2026-07-14T19:00:00+00:00,planned,synthetic_digital_twin_from_p0_sample,WO-P0-002,20260713
DT-WO-01365,P-HOUSING-A,60,NORMAL,2026-07-14T20:00:00+00:00,planned,synthetic_digital_twin_from_p0_sample,WO-P0-003,20260713
DT-WO-01366,P-AXLE-A,120,URGENT,2026-07-14T21:00:00+00:00,planned,synthetic_digital_twin_from_p0_sample,WO-P0-001,20260713
DT-WO-01367,P-AXLE-B,80,HIGH,2026-07-14T22:00:00+00:00,planned,synthetic_digital_twin_from_p0_sample,WO-P0-002,20260713
DT-WO-01368,P-HOUSING-A,60,NORMAL,2026-07-14T23:00:00+00:00,planned,synthetic_digital_twin_from_p0_sample,WO-P0-003,20260713
DT-WO-01369,P-AXLE-A,120,URGENT,2026-07-15T00:00:00+00:00,planned,synthetic_digital_twin_from_p0_sample,WO-P0-001,20260713
DT-WO-01370,P-AXLE-B,80,HIGH,2026-07-15T01:00:00+00:00,planned,synthetic_digital_twin_from_p0_sample,WO-P0-002,20260713
DT-WO-01371,P-HOUSING-A,60,NORMAL,2026-07-15T02:00:00+00:00,planned,synthetic_digital_twin_from_p0_sample,WO-P0-003,20260713
DT-WO-01372,P-AXLE-A,120,URGENT,2026-07-15T03:00:00+00:00,planned,synthetic_digital_twin_from_p0_sample,WO-P0-001,20260713
DT-WO-01373,P-AXLE-B,80,HIGH,2026-07-15T04:00:00+00:00,planned,synthetic_digital_twin_from_p0_sample,WO-P0-002,20260713
DT-WO-01374,P-HOUSING-A,60,NORMAL,2026-07-15T05:00:00+00:00,planned,synthetic_digital_twin_from_p0_sample,WO-P0-003,20260713
DT-WO-01375,P-AXLE-A,120,URGENT,2026-07-15T06:00:00+00:00,planned,synthetic_digital_twin_from_p0_sample,WO-P0-001,20260713
DT-WO-01376,P-AXLE-B,80,HIGH,2026-07-15T07:00:00+00:00,planned,synthetic_digital_twin_from_p0_sample,WO-P0-002,20260713
DT-WO-01377,P-HOUSING-A,60,NORMAL,2026-07-15T08:00:00+00:00,planned,synthetic_digital_twin_from_p0_sample,WO-P0-003,20260713
DT-WO-01378,P-AXLE-A,120,URGENT,2026-07-15T09:00:00+00:00,planned,synthetic_digital_twin_from_p0_sample,WO-P0-001,20260713
DT-WO-01379,P-AXLE-B,80,HIGH,2026-07-15T10:00:00+00:00,planned,synthetic_digital_twin_from_p0_sample,WO-P0-002,20260713
DT-WO-01380,P-HOUSING-A,60,NORMAL,2026-07-15T11:00:00+00:00,planned,synthetic_digital_twin_from_p0_sample,WO-P0-003,20260713
DT-WO-01381,P-AXLE-A,120,URGENT,2026-07-15T12:00:00+00:00,planned,synthetic_digital_twin_from_p0_sample,WO-P0-001,20260713
DT-WO-01382,P-AXLE-B,80,HIGH,2026-07-15T13:00:00+00:00,planned,synthetic_digital_twin_from_p0_sample,WO-P0-002,20260713
DT-WO-01383,P-HOUSING-A,60,NORMAL,2026-07-15T14:00:00+00:00,planned,synthetic_digital_twin_from_p0_sample,WO-P0-003,20260713
DT-WO-01384,P-AXLE-A,120,URGENT,2026-07-15T15:00:00+00:00,planned,synthetic_digital_twin_from_p0_sample,WO-P0-001,20260713
DT-WO-01385,P-AXLE-B,80,HIGH,2026-07-15T16:00:00+00:00,planned,synthetic_digital_twin_from_p0_sample,WO-P0-002,20260713
DT-WO-01386,P-HOUSING-A,60,NORMAL,2026-07-15T17:00:00+00:00,planned,synthetic_digital_twin_from_p0_sample,WO-P0-003,20260713
DT-WO-01387,P-AXLE-A,120,URGENT,2026-07-15T18:00:00+00:00,planned,synthetic_digital_twin_from_p0_sample,WO-P0-001,20260713
DT-WO-01388,P-AXLE-B,80,HIGH,2026-07-15T19:00:00+00:00,planned,synthetic_digital_twin_from_p0_sample,WO-P0-002,20260713
DT-WO-01389,P-HOUSING-A,60,NORMAL,2026-07-15T20:00:00+00:00,planned,synthetic_digital_twin_from_p0_sample,WO-P0-003,20260713
DT-WO-01390,P-AXLE-A,120,URGENT,2026-07-15T21:00:00+00:00,planned,synthetic_digital_twin_from_p0_sample,WO-P0-001,20260713
DT-WO-01391,P-AXLE-B,80,HIGH,2026-07-15T22:00:00+00:00,planned,synthetic_digital_twin_from_p0_sample,WO-P0-002,20260713
DT-WO-01392,P-HOUSING-A,60,NORMAL,2026-07-15T23:00:00+00:00,planned,synthetic_digital_twin_from_p0_sample,WO-P0-003,20260713
DT-WO-01393,P-AXLE-A,120,URGENT,2026-07-16T00:00:00+00:00,planned,synthetic_digital_twin_from_p0_sample,WO-P0-001,20260713
DT-WO-01394,P-AXLE-B,80,HIGH,2026-07-16T01:00:00+00:00,planned,synthetic_digital_twin_from_p0_sample,WO-P0-002,20260713
DT-WO-01395,P-HOUSING-A,60,NORMAL,2026-07-16T02:00:00+00:00,planned,synthetic_digital_twin_from_p0_sample,WO-P0-003,20260713
DT-WO-01396,P-AXLE-A,120,URGENT,2026-07-16T03:00:00+00:00,planned,synthetic_digital_twin_from_p0_sample,WO-P0-001,20260713
DT-WO-01397,P-AXLE-B,80,HIGH,2026-07-16T04:00:00+00:00,planned,synthetic_digital_twin_from_p0_sample,WO-P0-002,20260713
DT-WO-01398,P-HOUSING-A,60,NORMAL,2026-07-16T05:00:00+00:00,planned,synthetic_digital_twin_from_p0_sample,WO-P0-003,20260713
DT-WO-01399,P-AXLE-A,120,URGENT,2026-07-16T06:00:00+00:00,planned,synthetic_digital_twin_from_p0_sample,WO-P0-001,20260713
DT-WO-01400,P-AXLE-B,80,HIGH,2026-07-16T07:00:00+00:00,planned,synthetic_digital_twin_from_p0_sample,WO-P0-002,20260713
DT-WO-01401,P-HOUSING-A,60,NORMAL,2026-07-16T08:00:00+00:00,planned,synthetic_digital_twin_from_p0_sample,WO-P0-003,20260713
DT-WO-01402,P-AXLE-A,120,URGENT,2026-07-16T09:00:00+00:00,planned,synthetic_digital_twin_from_p0_sample,WO-P0-001,20260713
DT-WO-01403,P-AXLE-B,80,HIGH,2026-07-16T10:00:00+00:00,planned,synthetic_digital_twin_from_p0_sample,WO-P0-002,20260713
DT-WO-01404,P-HOUSING-A,60,NORMAL,2026-07-16T11:00:00+00:00,planned,synthetic_digital_twin_from_p0_sample,WO-P0-003,20260713
DT-WO-01405,P-AXLE-A,120,URGENT,2026-07-16T12:00:00+00:00,planned,synthetic_digital_twin_from_p0_sample,WO-P0-001,20260713
DT-WO-01406,P-AXLE-B,80,HIGH,2026-07-16T13:00:00+00:00,planned,synthetic_digital_twin_from_p0_sample,WO-P0-002,20260713
DT-WO-01407,P-HOUSING-A,60,NORMAL,2026-07-16T14:00:00+00:00,planned,synthetic_digital_twin_from_p0_sample,WO-P0-003,20260713
DT-WO-01408,P-AXLE-A,120,URGENT,2026-07-16T15:00:00+00:00,planned,synthetic_digital_twin_from_p0_sample,WO-P0-001,20260713
DT-WO-01409,P-AXLE-B,80,HIGH,2026-07-16T16:00:00+00:00,planned,synthetic_digital_twin_from_p0_sample,WO-P0-002,20260713
DT-WO-01410,P-HOUSING-A,60,NORMAL,2026-07-16T17:00:00+00:00,planned,synthetic_digital_twin_from_p0_sample,WO-P0-003,20260713
DT-WO-01411,P-AXLE-A,120,URGENT,2026-07-16T18:00:00+00:00,planned,synthetic_digital_twin_from_p0_sample,WO-P0-001,20260713
DT-WO-01412,P-AXLE-B,80,HIGH,2026-07-16T19:00:00+00:00,planned,synthetic_digital_twin_from_p0_sample,WO-P0-002,20260713
DT-WO-01413,P-HOUSING-A,60,NORMAL,2026-07-16T20:00:00+00:00,planned,synthetic_digital_twin_from_p0_sample,WO-P0-003,20260713
DT-WO-01414,P-AXLE-A,120,URGENT,2026-07-16T21:00:00+00:00,planned,synthetic_digital_twin_from_p0_sample,WO-P0-001,20260713
DT-WO-01415,P-AXLE-B,80,HIGH,2026-07-16T22:00:00+00:00,planned,synthetic_digital_twin_from_p0_sample,WO-P0-002,20260713
DT-WO-01416,P-HOUSING-A,60,NORMAL,2026-07-16T23:00:00+00:00,planned,synthetic_digital_twin_from_p0_sample,WO-P0-003,20260713
DT-WO-01417,P-AXLE-A,120,URGENT,2026-07-17T00:00:00+00:00,planned,synthetic_digital_twin_from_p0_sample,WO-P0-001,20260713
DT-WO-01418,P-AXLE-B,80,HIGH,2026-07-17T01:00:00+00:00,planned,synthetic_digital_twin_from_p0_sample,WO-P0-002,20260713
DT-WO-01419,P-HOUSING-A,60,NORMAL,2026-07-17T02:00:00+00:00,planned,synthetic_digital_twin_from_p0_sample,WO-P0-003,20260713
DT-WO-01420,P-AXLE-A,120,URGENT,2026-07-17T03:00:00+00:00,planned,synthetic_digital_twin_from_p0_sample,WO-P0-001,20260713
DT-WO-01421,P-AXLE-B,80,HIGH,2026-07-17T04:00:00+00:00,planned,synthetic_digital_twin_from_p0_sample,WO-P0-002,20260713
DT-WO-01422,P-HOUSING-A,60,NORMAL,2026-07-17T05:00:00+00:00,planned,synthetic_digital_twin_from_p0_sample,WO-P0-003,20260713
DT-WO-01423,P-AXLE-A,120,URGENT,2026-07-17T06:00:00+00:00,planned,synthetic_digital_twin_from_p0_sample,WO-P0-001,20260713
DT-WO-01424,P-AXLE-B,80,HIGH,2026-07-17T07:00:00+00:00,planned,synthetic_digital_twin_from_p0_sample,WO-P0-002,20260713
DT-WO-01425,P-HOUSING-A,60,NORMAL,2026-07-17T08:00:00+00:00,planned,synthetic_digital_twin_from_p0_sample,WO-P0-003,20260713
DT-WO-01426,P-AXLE-A,120,URGENT,2026-07-17T09:00:00+00:00,planned,synthetic_digital_twin_from_p0_sample,WO-P0-001,20260713
DT-WO-01427,P-AXLE-B,80,HIGH,2026-07-17T10:00:00+00:00,planned,synthetic_digital_twin_from_p0_sample,WO-P0-002,20260713
DT-WO-01428,P-HOUSING-A,60,NORMAL,2026-07-17T11:00:00+00:00,planned,synthetic_digital_twin_from_p0_sample,WO-P0-003,20260713
DT-WO-01429,P-AXLE-A,120,URGENT,2026-07-17T12:00:00+00:00,planned,synthetic_digital_twin_from_p0_sample,WO-P0-001,20260713
